Bereich,ID,Kuerzel,Indikator,Raumbezug,Kennziffer,Name,Zeitbezug,Wert
LRB,17274,a_bb_100Mbits,Bandbreitenverfügbarkeit mindestens 100 Mbit/s,Bundesländer,01,Schleswig-Holstein,2017,"75,61"
LRB,17274,a_bb_100Mbits,Bandbreitenverfügbarkeit mindestens 100 Mbit/s,Bundesländer,01,Schleswig-Holstein,2020,"89,94"
LRB,17274,a_bb_100Mbits,Bandbreitenverfügbarkeit mindestens 100 Mbit/s,Bundesländer,01,Schleswig-Holstein,2021,"90,31"
LRB,17274,a_bb_100Mbits,Bandbreitenverfügbarkeit mindestens 100 Mbit/s,Bundesländer,01,Schleswig-Holstein,2022,"92,83"
LRB,17274,a_bb_100Mbits,Bandbreitenverfügbarkeit mindestens 100 Mbit/s,Bundesländer,01,Schleswig-Holstein,2023,"95,32"
LRB,17524,a_sva_exp,Beschäftigte mit Anforderungsniveau Experte,Bundesländer,01,Schleswig-Holstein,2013,"9,58"
LRB,17524,a_sva_exp,Beschäftigte mit Anforderungsniveau Experte,Bundesländer,01,Schleswig-Holstein,2014,"9,66"
LRB,17524,a_sva_exp,Beschäftigte mit Anforderungsniveau Experte,Bundesländer,01,Schleswig-Holstein,2015,"9,81"
LRB,17524,a_sva_exp,Beschäftigte mit Anforderungsniveau Experte,Bundesländer,01,Schleswig-Holstein,2016,"10,07"
LRB,17524,a_sva_exp,Beschäftigte mit Anforderungsniveau Experte,Bundesländer,01,Schleswig-Holstein,2017,"10,20"
LRB,17524,a_sva_exp,Beschäftigte mit Anforderungsniveau Experte,Bundesländer,01,Schleswig-Holstein,2018,"10,32"
LRB,17524,a_sva_exp,Beschäftigte mit Anforderungsniveau Experte,Bundesländer,01,Schleswig-Holstein,2019,"10,50"
LRB,17524,a_sva_exp,Beschäftigte mit Anforderungsniveau Experte,Bundesländer,01,Schleswig-Holstein,2020,"10,71"
LRB,17524,a_sva_exp,Beschäftigte mit Anforderungsniveau Experte,Bundesländer,01,Schleswig-Holstein,2021,"10,90"
LRB,17524,a_sva_exp,Beschäftigte mit Anforderungsniveau Experte,Bundesländer,01,Schleswig-Holstein,2022,"11,13"
LRB,17524,a_sva_exp,Beschäftigte mit Anforderungsniveau Experte,Bundesländer,01,Schleswig-Holstein,2023,"10,86"
LRB,17806,a_svb_IT,Beschäftigte in IT- und naturwissenschaftlichen Dienstleistungsberufen,Bundesländer,01,Schleswig-Holstein,2013,"2,53"
LRB,17806,a_svb_IT,Beschäftigte in IT- und naturwissenschaftlichen Dienstleistungsberufen,Bundesländer,01,Schleswig-Holstein,2014,"2,58"
LRB,17806,a_svb_IT,Beschäftigte in IT- und naturwissenschaftlichen Dienstleistungsberufen,Bundesländer,01,Schleswig-Holstein,2015,"2,61"
LRB,17806,a_svb_IT,Beschäftigte in IT- und naturwissenschaftlichen Dienstleistungsberufen,Bundesländer,01,Schleswig-Holstein,2016,"2,67"
LRB,17806,a_svb_IT,Beschäftigte in IT- und naturwissenschaftlichen Dienstleistungsberufen,Bundesländer,01,Schleswig-Holstein,2017,"2,70"
LRB,17806,a_svb_IT,Beschäftigte in IT- und naturwissenschaftlichen Dienstleistungsberufen,Bundesländer,01,Schleswig-Holstein,2018,"2,73"
LRB,17806,a_svb_IT,Beschäftigte in IT- und naturwissenschaftlichen Dienstleistungsberufen,Bundesländer,01,Schleswig-Holstein,2019,"2,82"
LRB,17806,a_svb_IT,Beschäftigte in IT- und naturwissenschaftlichen Dienstleistungsberufen,Bundesländer,01,Schleswig-Holstein,2020,"2,91"
LRB,17806,a_svb_IT,Beschäftigte in IT- und naturwissenschaftlichen Dienstleistungsberufen,Bundesländer,01,Schleswig-Holstein,2021,"3,00"
LRB,17806,a_svb_IT,Beschäftigte in IT- und naturwissenschaftlichen Dienstleistungsberufen,Bundesländer,01,Schleswig-Holstein,2022,"3,09"
LRB,17806,a_svb_IT,Beschäftigte in IT- und naturwissenschaftlichen Dienstleistungsberufen,Bundesländer,01,Schleswig-Holstein,2023,"3,23"
LRB,17062,a_svb_wissen,Beschäftigte in wissensintensiven Industrien,Bundesländer,01,Schleswig-Holstein,2009,"7,40"
LRB,17062,a_svb_wissen,Beschäftigte in wissensintensiven Industrien,Bundesländer,01,Schleswig-Holstein,2010,"7,28"
LRB,17062,a_svb_wissen,Beschäftigte in wissensintensiven Industrien,Bundesländer,01,Schleswig-Holstein,2011,"7,06"
LRB,17062,a_svb_wissen,Beschäftigte in wissensintensiven Industrien,Bundesländer,01,Schleswig-Holstein,2012,"7,07"
LRB,17062,a_svb_wissen,Beschäftigte in wissensintensiven Industrien,Bundesländer,01,Schleswig-Holstein,2013,"6,10"
LRB,17062,a_svb_wissen,Beschäftigte in wissensintensiven Industrien,Bundesländer,01,Schleswig-Holstein,2014,"6,05"
LRB,17062,a_svb_wissen,Beschäftigte in wissensintensiven Industrien,Bundesländer,01,Schleswig-Holstein,2015,"5,94"
LRB,17062,a_svb_wissen,Beschäftigte in wissensintensiven Industrien,Bundesländer,01,Schleswig-Holstein,2016,"5,82"
LRB,17062,a_svb_wissen,Beschäftigte in wissensintensiven Industrien,Bundesländer,01,Schleswig-Holstein,2017,"5,80"
LRB,17062,a_svb_wissen,Beschäftigte in wissensintensiven Industrien,Bundesländer,01,Schleswig-Holstein,2018,"5,89"
LRB,17062,a_svb_wissen,Beschäftigte in wissensintensiven Industrien,Bundesländer,01,Schleswig-Holstein,2019,"5,91"
LRB,17062,a_svb_wissen,Beschäftigte in wissensintensiven Industrien,Bundesländer,01,Schleswig-Holstein,2020,"5,86"
LRB,17062,a_svb_wissen,Beschäftigte in wissensintensiven Industrien,Bundesländer,01,Schleswig-Holstein,2021,"5,78"
LRB,17062,a_svb_wissen,Beschäftigte in wissensintensiven Industrien,Bundesländer,01,Schleswig-Holstein,2022,"5,72"
LRB,17062,a_svb_wissen,Beschäftigte in wissensintensiven Industrien,Bundesländer,01,Schleswig-Holstein,2023,"5,69"
LRB,19147,e10_bev,Bevölkerungsentwicklung (10 Jahre),Bundesländer,01,Schleswig-Holstein,1995,"4,26"
LRB,19147,e10_bev,Bevölkerungsentwicklung (10 Jahre),Bundesländer,01,Schleswig-Holstein,1996,"4,96"
LRB,19147,e10_bev,Bevölkerungsentwicklung (10 Jahre),Bundesländer,01,Schleswig-Holstein,1997,"5,49"
LRB,19147,e10_bev,Bevölkerungsentwicklung (10 Jahre),Bundesländer,01,Schleswig-Holstein,1998,"7,86"
LRB,19147,e10_bev,Bevölkerungsentwicklung (10 Jahre),Bundesländer,01,Schleswig-Holstein,1999,"7,04"
LRB,19147,e10_bev,Bevölkerungsentwicklung (10 Jahre),Bundesländer,01,Schleswig-Holstein,2000,"6,23"
LRB,19147,e10_bev,Bevölkerungsentwicklung (10 Jahre),Bundesländer,01,Schleswig-Holstein,2001,"5,88"
LRB,19147,e10_bev,Bevölkerungsentwicklung (10 Jahre),Bundesländer,01,Schleswig-Holstein,2002,"5,11"
LRB,19147,e10_bev,Bevölkerungsentwicklung (10 Jahre),Bundesländer,01,Schleswig-Holstein,2003,"4,76"
LRB,19147,e10_bev,Bevölkerungsentwicklung (10 Jahre),Bundesländer,01,Schleswig-Holstein,2004,"4,44"
LRB,19147,e10_bev,Bevölkerungsentwicklung (10 Jahre),Bundesländer,01,Schleswig-Holstein,2005,"3,94"
LRB,19147,e10_bev,Bevölkerungsentwicklung (10 Jahre),Bundesländer,01,Schleswig-Holstein,2006,"3,35"
LRB,19147,e10_bev,Bevölkerungsentwicklung (10 Jahre),Bundesländer,01,Schleswig-Holstein,2007,"2,93"
LRB,19147,e10_bev,Bevölkerungsentwicklung (10 Jahre),Bundesländer,01,Schleswig-Holstein,2008,"2,47"
LRB,19147,e10_bev,Bevölkerungsentwicklung (10 Jahre),Bundesländer,01,Schleswig-Holstein,2009,"1,97"
LRB,19147,e10_bev,Bevölkerungsentwicklung (10 Jahre),Bundesländer,01,Schleswig-Holstein,2010,"1,60"
LRB,19147,e10_bev,Bevölkerungsentwicklung (10 Jahre),Bundesländer,01,Schleswig-Holstein,2011,"-0,07"
LRB,19147,e10_bev,Bevölkerungsentwicklung (10 Jahre),Bundesländer,01,Schleswig-Holstein,2012,"-0,35"
LRB,19147,e10_bev,Bevölkerungsentwicklung (10 Jahre),Bundesländer,01,Schleswig-Holstein,2013,"-0,26"
LRB,19147,e10_bev,Bevölkerungsentwicklung (10 Jahre),Bundesländer,01,Schleswig-Holstein,2014,"0,07"
LRB,19147,e10_bev,Bevölkerungsentwicklung (10 Jahre),Bundesländer,01,Schleswig-Holstein,2015,"0,91"
LRB,19147,e10_bev,Bevölkerungsentwicklung (10 Jahre),Bundesländer,01,Schleswig-Holstein,2016,"1,68"
LRB,19147,e10_bev,Bevölkerungsentwicklung (10 Jahre),Bundesländer,01,Schleswig-Holstein,2017,"1,85"
LRB,19147,e10_bev,Bevölkerungsentwicklung (10 Jahre),Bundesländer,01,Schleswig-Holstein,2018,"2,20"
LRB,19147,e10_bev,Bevölkerungsentwicklung (10 Jahre),Bundesländer,01,Schleswig-Holstein,2019,"2,53"
LRB,19147,e10_bev,Bevölkerungsentwicklung (10 Jahre),Bundesländer,01,Schleswig-Holstein,2020,"2,70"
LRB,19147,e10_bev,Bevölkerungsentwicklung (10 Jahre),Bundesländer,01,Schleswig-Holstein,2021,"4,27"
LRB,19147,e10_bev,Bevölkerungsentwicklung (10 Jahre),Bundesländer,01,Schleswig-Holstein,2022,"4,73"
LRB,19147,e10_bev,Bevölkerungsentwicklung (10 Jahre),Bundesländer,01,Schleswig-Holstein,2023,"4,87"
LRB,15490,i_wans,Gesamtwanderungssaldo,Bundesländer,01,Schleswig-Holstein,1995,"7,68"
LRB,15490,i_wans,Gesamtwanderungssaldo,Bundesländer,01,Schleswig-Holstein,1996,"7,07"
LRB,15490,i_wans,Gesamtwanderungssaldo,Bundesländer,01,Schleswig-Holstein,1997,"5,58"
LRB,15490,i_wans,Gesamtwanderungssaldo,Bundesländer,01,Schleswig-Holstein,1998,"4,30"
LRB,15490,i_wans,Gesamtwanderungssaldo,Bundesländer,01,Schleswig-Holstein,1999,"5,03"
LRB,15490,i_wans,Gesamtwanderungssaldo,Bundesländer,01,Schleswig-Holstein,2000,"5,52"
LRB,15490,i_wans,Gesamtwanderungssaldo,Bundesländer,01,Schleswig-Holstein,2001,"6,59"
LRB,15490,i_wans,Gesamtwanderungssaldo,Bundesländer,01,Schleswig-Holstein,2002,"6,12"
LRB,15490,i_wans,Gesamtwanderungssaldo,Bundesländer,01,Schleswig-Holstein,2003,"4,60"
LRB,15490,i_wans,Gesamtwanderungssaldo,Bundesländer,01,Schleswig-Holstein,2004,"3,94"
LRB,15490,i_wans,Gesamtwanderungssaldo,Bundesländer,01,Schleswig-Holstein,2005,"3,79"
LRB,15490,i_wans,Gesamtwanderungssaldo,Bundesländer,01,Schleswig-Holstein,2006,"2,96"
LRB,15490,i_wans,Gesamtwanderungssaldo,Bundesländer,01,Schleswig-Holstein,2007,"3,61"
LRB,15490,i_wans,Gesamtwanderungssaldo,Bundesländer,01,Schleswig-Holstein,2008,"1,78"
LRB,15490,i_wans,Gesamtwanderungssaldo,Bundesländer,01,Schleswig-Holstein,2009,"2,43"
LRB,15490,i_wans,Gesamtwanderungssaldo,Bundesländer,01,Schleswig-Holstein,2010,"3,82"
LRB,15490,i_wans,Gesamtwanderungssaldo,Bundesländer,01,Schleswig-Holstein,2011,"4,64"
LRB,15490,i_wans,Gesamtwanderungssaldo,Bundesländer,01,Schleswig-Holstein,2012,"4,68"
LRB,15490,i_wans,Gesamtwanderungssaldo,Bundesländer,01,Schleswig-Holstein,2013,"6,42"
LRB,15490,i_wans,Gesamtwanderungssaldo,Bundesländer,01,Schleswig-Holstein,2014,"8,05"
LRB,15490,i_wans,Gesamtwanderungssaldo,Bundesländer,01,Schleswig-Holstein,2015,"13,06"
LRB,15490,i_wans,Gesamtwanderungssaldo,Bundesländer,01,Schleswig-Holstein,2016,"11,27"
LRB,15490,i_wans,Gesamtwanderungssaldo,Bundesländer,01,Schleswig-Holstein,2017,"5,98"
LRB,15490,i_wans,Gesamtwanderungssaldo,Bundesländer,01,Schleswig-Holstein,2018,"6,29"
LRB,15490,i_wans,Gesamtwanderungssaldo,Bundesländer,01,Schleswig-Holstein,2019,"6,03"
LRB,15490,i_wans,Gesamtwanderungssaldo,Bundesländer,01,Schleswig-Holstein,2020,"6,55"
LRB,15490,i_wans,Gesamtwanderungssaldo,Bundesländer,01,Schleswig-Holstein,2021,"7,88"
LRB,15490,i_wans,Gesamtwanderungssaldo,Bundesländer,01,Schleswig-Holstein,2022,"16,61"
LRB,15490,i_wans,Gesamtwanderungssaldo,Bundesländer,01,Schleswig-Holstein,2023,"10,55"
LRB,20292,m_ek_akad,Medianeinkommen akademischer Berufsabschluss,Bundesländer,01,Schleswig-Holstein,2014,"4642,69"
LRB,20292,m_ek_akad,Medianeinkommen akademischer Berufsabschluss,Bundesländer,01,Schleswig-Holstein,2015,"4691,57"
LRB,20292,m_ek_akad,Medianeinkommen akademischer Berufsabschluss,Bundesländer,01,Schleswig-Holstein,2016,"4745,16"
LRB,20292,m_ek_akad,Medianeinkommen akademischer Berufsabschluss,Bundesländer,01,Schleswig-Holstein,2017,"4799,42"
LRB,20292,m_ek_akad,Medianeinkommen akademischer Berufsabschluss,Bundesländer,01,Schleswig-Holstein,2018,"4897,36"
LRB,20292,m_ek_akad,Medianeinkommen akademischer Berufsabschluss,Bundesländer,01,Schleswig-Holstein,2019,"5001,72"
LRB,20292,m_ek_akad,Medianeinkommen akademischer Berufsabschluss,Bundesländer,01,Schleswig-Holstein,2020,"5032,44"
LRB,20292,m_ek_akad,Medianeinkommen akademischer Berufsabschluss,Bundesländer,01,Schleswig-Holstein,2021,"5095,26"
LRB,20292,m_ek_akad,Medianeinkommen akademischer Berufsabschluss,Bundesländer,01,Schleswig-Holstein,2022,"5186,79"
LRB,20292,m_ek_akad,Medianeinkommen akademischer Berufsabschluss,Bundesländer,01,Schleswig-Holstein,2023,"5360,53"
LRB,20067,m_mietpr,Angebotsmietpreise,Bundesländer,01,Schleswig-Holstein,2010,"6,00"
LRB,20067,m_mietpr,Angebotsmietpreise,Bundesländer,01,Schleswig-Holstein,2011,"6,00"
LRB,20067,m_mietpr,Angebotsmietpreise,Bundesländer,01,Schleswig-Holstein,2012,"6,00"
LRB,20067,m_mietpr,Angebotsmietpreise,Bundesländer,01,Schleswig-Holstein,2013,"6,00"
LRB,20067,m_mietpr,Angebotsmietpreise,Bundesländer,01,Schleswig-Holstein,2014,"7,00"
LRB,20067,m_mietpr,Angebotsmietpreise,Bundesländer,01,Schleswig-Holstein,2015,"7,00"
LRB,20067,m_mietpr,Angebotsmietpreise,Bundesländer,01,Schleswig-Holstein,2016,"7,00"
LRB,20067,m_mietpr,Angebotsmietpreise,Bundesländer,01,Schleswig-Holstein,2017,"7,00"
LRB,20067,m_mietpr,Angebotsmietpreise,Bundesländer,01,Schleswig-Holstein,2018,"8,00"
LRB,20067,m_mietpr,Angebotsmietpreise,Bundesländer,01,Schleswig-Holstein,2019,"8,00"
LRB,20067,m_mietpr,Angebotsmietpreise,Bundesländer,01,Schleswig-Holstein,2020,"8,00"
LRB,20067,m_mietpr,Angebotsmietpreise,Bundesländer,01,Schleswig-Holstein,2021,"9,00"
LRB,20067,m_mietpr,Angebotsmietpreise,Bundesländer,01,Schleswig-Holstein,2022,"9,00"
LRB,20067,m_mietpr,Angebotsmietpreise,Bundesländer,01,Schleswig-Holstein,2023,"10,00"
LRB,20067,m_mietpr,Angebotsmietpreise,Bundesländer,01,Schleswig-Holstein,2024,"10,00"
LRB,14574,q_alo,Arbeitslosenquote,Bundesländer,01,Schleswig-Holstein,1998,"9,97"
LRB,14574,q_alo,Arbeitslosenquote,Bundesländer,01,Schleswig-Holstein,1999,"9,39"
LRB,14574,q_alo,Arbeitslosenquote,Bundesländer,01,Schleswig-Holstein,2000,"8,51"
LRB,14574,q_alo,Arbeitslosenquote,Bundesländer,01,Schleswig-Holstein,2001,"8,45"
LRB,14574,q_alo,Arbeitslosenquote,Bundesländer,01,Schleswig-Holstein,2002,"8,71"
LRB,14574,q_alo,Arbeitslosenquote,Bundesländer,01,Schleswig-Holstein,2003,"9,71"
LRB,14574,q_alo,Arbeitslosenquote,Bundesländer,01,Schleswig-Holstein,2004,"9,84"
LRB,14574,q_alo,Arbeitslosenquote,Bundesländer,01,Schleswig-Holstein,2005,"11,56"
LRB,14574,q_alo,Arbeitslosenquote,Bundesländer,01,Schleswig-Holstein,2006,"9,97"
LRB,14574,q_alo,Arbeitslosenquote,Bundesländer,01,Schleswig-Holstein,2007,"8,45"
LRB,14574,q_alo,Arbeitslosenquote,Bundesländer,01,Schleswig-Holstein,2008,"7,59"
LRB,14574,q_alo,Arbeitslosenquote,Bundesländer,01,Schleswig-Holstein,2009,"7,79"
LRB,14574,q_alo,Arbeitslosenquote,Bundesländer,01,Schleswig-Holstein,2010,"7,51"
LRB,14574,q_alo,Arbeitslosenquote,Bundesländer,01,Schleswig-Holstein,2011,"7,24"
LRB,14574,q_alo,Arbeitslosenquote,Bundesländer,01,Schleswig-Holstein,2012,"6,92"
LRB,14574,q_alo,Arbeitslosenquote,Bundesländer,01,Schleswig-Holstein,2013,"6,92"
LRB,14574,q_alo,Arbeitslosenquote,Bundesländer,01,Schleswig-Holstein,2014,"6,78"
LRB,14574,q_alo,Arbeitslosenquote,Bundesländer,01,Schleswig-Holstein,2015,"6,50"
LRB,14574,q_alo,Arbeitslosenquote,Bundesländer,01,Schleswig-Holstein,2016,"6,27"
LRB,14574,q_alo,Arbeitslosenquote,Bundesländer,01,Schleswig-Holstein,2017,"6,04"
LRB,14574,q_alo,Arbeitslosenquote,Bundesländer,01,Schleswig-Holstein,2018,"5,48"
LRB,14574,q_alo,Arbeitslosenquote,Bundesländer,01,Schleswig-Holstein,2019,"5,07"
LRB,14574,q_alo,Arbeitslosenquote,Bundesländer,01,Schleswig-Holstein,2020,"5,84"
LRB,14574,q_alo,Arbeitslosenquote,Bundesländer,01,Schleswig-Holstein,2021,"5,63"
LRB,14574,q_alo,Arbeitslosenquote,Bundesländer,01,Schleswig-Holstein,2022,"5,17"
LRB,14574,q_alo,Arbeitslosenquote,Bundesländer,01,Schleswig-Holstein,2023,"5,52"
LRB,15125,q_bip_ew,Bruttoinlandsprodukt je Einwohner,Bundesländer,01,Schleswig-Holstein,1995,"21,18"
LRB,15125,q_bip_ew,Bruttoinlandsprodukt je Einwohner,Bundesländer,01,Schleswig-Holstein,1996,"21,42"
LRB,15125,q_bip_ew,Bruttoinlandsprodukt je Einwohner,Bundesländer,01,Schleswig-Holstein,1997,"21,80"
LRB,15125,q_bip_ew,Bruttoinlandsprodukt je Einwohner,Bundesländer,01,Schleswig-Holstein,1998,"22,03"
LRB,15125,q_bip_ew,Bruttoinlandsprodukt je Einwohner,Bundesländer,01,Schleswig-Holstein,1999,"22,18"
LRB,15125,q_bip_ew,Bruttoinlandsprodukt je Einwohner,Bundesländer,01,Schleswig-Holstein,2000,"22,85"
LRB,15125,q_bip_ew,Bruttoinlandsprodukt je Einwohner,Bundesländer,01,Schleswig-Holstein,2001,"23,41"
LRB,15125,q_bip_ew,Bruttoinlandsprodukt je Einwohner,Bundesländer,01,Schleswig-Holstein,2002,"23,00"
LRB,15125,q_bip_ew,Bruttoinlandsprodukt je Einwohner,Bundesländer,01,Schleswig-Holstein,2003,"23,19"
LRB,15125,q_bip_ew,Bruttoinlandsprodukt je Einwohner,Bundesländer,01,Schleswig-Holstein,2004,"23,65"
LRB,15125,q_bip_ew,Bruttoinlandsprodukt je Einwohner,Bundesländer,01,Schleswig-Holstein,2005,"23,75"
LRB,15125,q_bip_ew,Bruttoinlandsprodukt je Einwohner,Bundesländer,01,Schleswig-Holstein,2006,"24,47"
LRB,15125,q_bip_ew,Bruttoinlandsprodukt je Einwohner,Bundesländer,01,Schleswig-Holstein,2007,"25,04"
LRB,15125,q_bip_ew,Bruttoinlandsprodukt je Einwohner,Bundesländer,01,Schleswig-Holstein,2008,"25,86"
LRB,15125,q_bip_ew,Bruttoinlandsprodukt je Einwohner,Bundesländer,01,Schleswig-Holstein,2009,"25,17"
LRB,15125,q_bip_ew,Bruttoinlandsprodukt je Einwohner,Bundesländer,01,Schleswig-Holstein,2010,"25,73"
LRB,15125,q_bip_ew,Bruttoinlandsprodukt je Einwohner,Bundesländer,01,Schleswig-Holstein,2011,"27,10"
LRB,15125,q_bip_ew,Bruttoinlandsprodukt je Einwohner,Bundesländer,01,Schleswig-Holstein,2012,"28,07"
LRB,15125,q_bip_ew,Bruttoinlandsprodukt je Einwohner,Bundesländer,01,Schleswig-Holstein,2013,"28,41"
LRB,15125,q_bip_ew,Bruttoinlandsprodukt je Einwohner,Bundesländer,01,Schleswig-Holstein,2014,"29,27"
LRB,15125,q_bip_ew,Bruttoinlandsprodukt je Einwohner,Bundesländer,01,Schleswig-Holstein,2015,"29,66"
LRB,15125,q_bip_ew,Bruttoinlandsprodukt je Einwohner,Bundesländer,01,Schleswig-Holstein,2016,"30,37"
LRB,15125,q_bip_ew,Bruttoinlandsprodukt je Einwohner,Bundesländer,01,Schleswig-Holstein,2017,"32,05"
LRB,15125,q_bip_ew,Bruttoinlandsprodukt je Einwohner,Bundesländer,01,Schleswig-Holstein,2018,"32,80"
LRB,15125,q_bip_ew,Bruttoinlandsprodukt je Einwohner,Bundesländer,01,Schleswig-Holstein,2019,"34,31"
LRB,15125,q_bip_ew,Bruttoinlandsprodukt je Einwohner,Bundesländer,01,Schleswig-Holstein,2020,"34,31"
LRB,15125,q_bip_ew,Bruttoinlandsprodukt je Einwohner,Bundesländer,01,Schleswig-Holstein,2021,"36,07"
LRB,15125,q_bip_ew,Bruttoinlandsprodukt je Einwohner,Bundesländer,01,Schleswig-Holstein,2022,"38,68"
LRB,17508,q_svw,Beschäftigtenquote,Bundesländer,01,Schleswig-Holstein,1997,"47,20"
LRB,17508,q_svw,Beschäftigtenquote,Bundesländer,01,Schleswig-Holstein,1998,"46,76"
LRB,17508,q_svw,Beschäftigtenquote,Bundesländer,01,Schleswig-Holstein,1999,"47,51"
LRB,17508,q_svw,Beschäftigtenquote,Bundesländer,01,Schleswig-Holstein,2000,"48,03"
LRB,17508,q_svw,Beschäftigtenquote,Bundesländer,01,Schleswig-Holstein,2001,"47,91"
LRB,17508,q_svw,Beschäftigtenquote,Bundesländer,01,Schleswig-Holstein,2002,"47,63"
LRB,17508,q_svw,Beschäftigtenquote,Bundesländer,01,Schleswig-Holstein,2003,"46,63"
LRB,17508,q_svw,Beschäftigtenquote,Bundesländer,01,Schleswig-Holstein,2004,"46,06"
LRB,17508,q_svw,Beschäftigtenquote,Bundesländer,01,Schleswig-Holstein,2005,"45,83"
LRB,17508,q_svw,Beschäftigtenquote,Bundesländer,01,Schleswig-Holstein,2006,"46,62"
LRB,17508,q_svw,Beschäftigtenquote,Bundesländer,01,Schleswig-Holstein,2007,"47,53"
LRB,17508,q_svw,Beschäftigtenquote,Bundesländer,01,Schleswig-Holstein,2008,"48,73"
LRB,17508,q_svw,Beschäftigtenquote,Bundesländer,01,Schleswig-Holstein,2009,"49,23"
LRB,17508,q_svw,Beschäftigtenquote,Bundesländer,01,Schleswig-Holstein,2010,"49,70"
LRB,17508,q_svw,Beschäftigtenquote,Bundesländer,01,Schleswig-Holstein,2011,"51,41"
LRB,17508,q_svw,Beschäftigtenquote,Bundesländer,01,Schleswig-Holstein,2012,"52,38"
LRB,17508,q_svw,Beschäftigtenquote,Bundesländer,01,Schleswig-Holstein,2013,"53,67"
LRB,17508,q_svw,Beschäftigtenquote,Bundesländer,01,Schleswig-Holstein,2014,"54,47"
LRB,17508,q_svw,Beschäftigtenquote,Bundesländer,01,Schleswig-Holstein,2015,"55,05"
LRB,17508,q_svw,Beschäftigtenquote,Bundesländer,01,Schleswig-Holstein,2016,"55,95"
LRB,17508,q_svw,Beschäftigtenquote,Bundesländer,01,Schleswig-Holstein,2017,"57,37"
LRB,17508,q_svw,Beschäftigtenquote,Bundesländer,01,Schleswig-Holstein,2018,"58,58"
LRB,17508,q_svw,Beschäftigtenquote,Bundesländer,01,Schleswig-Holstein,2019,"59,69"
LRB,17508,q_svw,Beschäftigtenquote,Bundesländer,01,Schleswig-Holstein,2020,"59,98"
LRB,17508,q_svw,Beschäftigtenquote,Bundesländer,01,Schleswig-Holstein,2021,"61,00"
LRB,17508,q_svw,Beschäftigtenquote,Bundesländer,01,Schleswig-Holstein,2022,"62,20"
LRB,17508,q_svw,Beschäftigtenquote,Bundesländer,01,Schleswig-Holstein,2023,"62,66"
LRB,12586,xbev,Bevölkerung gesamt,Bundesländer,01,Schleswig-Holstein,1995,"2725461,00"
LRB,12586,xbev,Bevölkerung gesamt,Bundesländer,01,Schleswig-Holstein,1996,"2742293,00"
LRB,12586,xbev,Bevölkerung gesamt,Bundesländer,01,Schleswig-Holstein,1997,"2756473,00"
LRB,12586,xbev,Bevölkerung gesamt,Bundesländer,01,Schleswig-Holstein,1998,"2766057,00"
LRB,12586,xbev,Bevölkerung gesamt,Bundesländer,01,Schleswig-Holstein,1999,"2777275,00"
LRB,12586,xbev,Bevölkerung gesamt,Bundesländer,01,Schleswig-Holstein,2000,"2789761,00"
LRB,12586,xbev,Bevölkerung gesamt,Bundesländer,01,Schleswig-Holstein,2001,"2804249,00"
LRB,12586,xbev,Bevölkerung gesamt,Bundesländer,01,Schleswig-Holstein,2002,"2816507,00"
LRB,12586,xbev,Bevölkerung gesamt,Bundesländer,01,Schleswig-Holstein,2003,"2823171,00"
LRB,12586,xbev,Bevölkerung gesamt,Bundesländer,01,Schleswig-Holstein,2004,"2828760,00"
LRB,12586,xbev,Bevölkerung gesamt,Bundesländer,01,Schleswig-Holstein,2005,"2832950,00"
LRB,12586,xbev,Bevölkerung gesamt,Bundesländer,01,Schleswig-Holstein,2006,"2834254,00"
LRB,12586,xbev,Bevölkerung gesamt,Bundesländer,01,Schleswig-Holstein,2007,"2837373,00"
LRB,12586,xbev,Bevölkerung gesamt,Bundesländer,01,Schleswig-Holstein,2008,"2834260,00"
LRB,12586,xbev,Bevölkerung gesamt,Bundesländer,01,Schleswig-Holstein,2009,"2832027,00"
LRB,12586,xbev,Bevölkerung gesamt,Bundesländer,01,Schleswig-Holstein,2010,"2834259,00"
LRB,12586,xbev,Bevölkerung gesamt,Bundesländer,01,Schleswig-Holstein,2011,"2802266,00"
LRB,12586,xbev,Bevölkerung gesamt,Bundesländer,01,Schleswig-Holstein,2012,"2806531,00"
LRB,12586,xbev,Bevölkerung gesamt,Bundesländer,01,Schleswig-Holstein,2013,"2815955,00"
LRB,12586,xbev,Bevölkerung gesamt,Bundesländer,01,Schleswig-Holstein,2014,"2830864,00"
LRB,12586,xbev,Bevölkerung gesamt,Bundesländer,01,Schleswig-Holstein,2015,"2858714,00"
LRB,12586,xbev,Bevölkerung gesamt,Bundesländer,01,Schleswig-Holstein,2016,"2881926,00"
LRB,12586,xbev,Bevölkerung gesamt,Bundesländer,01,Schleswig-Holstein,2017,"2889821,00"
LRB,12586,xbev,Bevölkerung gesamt,Bundesländer,01,Schleswig-Holstein,2018,"2896712,00"
LRB,12586,xbev,Bevölkerung gesamt,Bundesländer,01,Schleswig-Holstein,2019,"2903773,00"
LRB,12586,xbev,Bevölkerung gesamt,Bundesländer,01,Schleswig-Holstein,2020,"2910875,00"
LRB,12586,xbev,Bevölkerung gesamt,Bundesländer,01,Schleswig-Holstein,2021,"2922005,00"
LRB,12586,xbev,Bevölkerung gesamt,Bundesländer,01,Schleswig-Holstein,2022,"2939283,00"
LRB,12586,xbev,Bevölkerung gesamt,Bundesländer,01,Schleswig-Holstein,2023,"2953202,00"
LRB,17274,a_bb_100Mbits,Bandbreitenverfügbarkeit mindestens 100 Mbit/s,Bundesländer,02,Hamburg,2017,"94,18"
LRB,17274,a_bb_100Mbits,Bandbreitenverfügbarkeit mindestens 100 Mbit/s,Bundesländer,02,Hamburg,2020,"97,60"
LRB,17274,a_bb_100Mbits,Bandbreitenverfügbarkeit mindestens 100 Mbit/s,Bundesländer,02,Hamburg,2021,"97,65"
LRB,17274,a_bb_100Mbits,Bandbreitenverfügbarkeit mindestens 100 Mbit/s,Bundesländer,02,Hamburg,2022,"99,09"
LRB,17274,a_bb_100Mbits,Bandbreitenverfügbarkeit mindestens 100 Mbit/s,Bundesländer,02,Hamburg,2023,"98,15"
LRB,17524,a_sva_exp,Beschäftigte mit Anforderungsniveau Experte,Bundesländer,02,Hamburg,2013,"16,62"
LRB,17524,a_sva_exp,Beschäftigte mit Anforderungsniveau Experte,Bundesländer,02,Hamburg,2014,"16,81"
LRB,17524,a_sva_exp,Beschäftigte mit Anforderungsniveau Experte,Bundesländer,02,Hamburg,2015,"16,91"
LRB,17524,a_sva_exp,Beschäftigte mit Anforderungsniveau Experte,Bundesländer,02,Hamburg,2016,"17,20"
LRB,17524,a_sva_exp,Beschäftigte mit Anforderungsniveau Experte,Bundesländer,02,Hamburg,2017,"17,47"
LRB,17524,a_sva_exp,Beschäftigte mit Anforderungsniveau Experte,Bundesländer,02,Hamburg,2018,"17,86"
LRB,17524,a_sva_exp,Beschäftigte mit Anforderungsniveau Experte,Bundesländer,02,Hamburg,2019,"18,26"
LRB,17524,a_sva_exp,Beschäftigte mit Anforderungsniveau Experte,Bundesländer,02,Hamburg,2020,"18,77"
LRB,17524,a_sva_exp,Beschäftigte mit Anforderungsniveau Experte,Bundesländer,02,Hamburg,2021,"19,03"
LRB,17524,a_sva_exp,Beschäftigte mit Anforderungsniveau Experte,Bundesländer,02,Hamburg,2022,"19,55"
LRB,17524,a_sva_exp,Beschäftigte mit Anforderungsniveau Experte,Bundesländer,02,Hamburg,2023,"20,04"
LRB,17806,a_svb_IT,Beschäftigte in IT- und naturwissenschaftlichen Dienstleistungsberufen,Bundesländer,02,Hamburg,2013,"4,90"
LRB,17806,a_svb_IT,Beschäftigte in IT- und naturwissenschaftlichen Dienstleistungsberufen,Bundesländer,02,Hamburg,2014,"4,95"
LRB,17806,a_svb_IT,Beschäftigte in IT- und naturwissenschaftlichen Dienstleistungsberufen,Bundesländer,02,Hamburg,2015,"5,05"
LRB,17806,a_svb_IT,Beschäftigte in IT- und naturwissenschaftlichen Dienstleistungsberufen,Bundesländer,02,Hamburg,2016,"5,04"
LRB,17806,a_svb_IT,Beschäftigte in IT- und naturwissenschaftlichen Dienstleistungsberufen,Bundesländer,02,Hamburg,2017,"5,15"
LRB,17806,a_svb_IT,Beschäftigte in IT- und naturwissenschaftlichen Dienstleistungsberufen,Bundesländer,02,Hamburg,2018,"5,32"
LRB,17806,a_svb_IT,Beschäftigte in IT- und naturwissenschaftlichen Dienstleistungsberufen,Bundesländer,02,Hamburg,2019,"5,42"
LRB,17806,a_svb_IT,Beschäftigte in IT- und naturwissenschaftlichen Dienstleistungsberufen,Bundesländer,02,Hamburg,2020,"5,65"
LRB,17806,a_svb_IT,Beschäftigte in IT- und naturwissenschaftlichen Dienstleistungsberufen,Bundesländer,02,Hamburg,2021,"5,83"
LRB,17806,a_svb_IT,Beschäftigte in IT- und naturwissenschaftlichen Dienstleistungsberufen,Bundesländer,02,Hamburg,2022,"6,03"
LRB,17806,a_svb_IT,Beschäftigte in IT- und naturwissenschaftlichen Dienstleistungsberufen,Bundesländer,02,Hamburg,2023,"6,25"
LRB,17062,a_svb_wissen,Beschäftigte in wissensintensiven Industrien,Bundesländer,02,Hamburg,2009,"7,34"
LRB,17062,a_svb_wissen,Beschäftigte in wissensintensiven Industrien,Bundesländer,02,Hamburg,2010,"7,18"
LRB,17062,a_svb_wissen,Beschäftigte in wissensintensiven Industrien,Bundesländer,02,Hamburg,2011,"7,19"
LRB,17062,a_svb_wissen,Beschäftigte in wissensintensiven Industrien,Bundesländer,02,Hamburg,2012,"7,19"
LRB,17062,a_svb_wissen,Beschäftigte in wissensintensiven Industrien,Bundesländer,02,Hamburg,2013,"3,98"
LRB,17062,a_svb_wissen,Beschäftigte in wissensintensiven Industrien,Bundesländer,02,Hamburg,2014,"4,01"
LRB,17062,a_svb_wissen,Beschäftigte in wissensintensiven Industrien,Bundesländer,02,Hamburg,2015,"3,94"
LRB,17062,a_svb_wissen,Beschäftigte in wissensintensiven Industrien,Bundesländer,02,Hamburg,2016,"3,86"
LRB,17062,a_svb_wissen,Beschäftigte in wissensintensiven Industrien,Bundesländer,02,Hamburg,2017,"3,73"
LRB,17062,a_svb_wissen,Beschäftigte in wissensintensiven Industrien,Bundesländer,02,Hamburg,2018,"3,73"
LRB,17062,a_svb_wissen,Beschäftigte in wissensintensiven Industrien,Bundesländer,02,Hamburg,2019,"3,73"
LRB,17062,a_svb_wissen,Beschäftigte in wissensintensiven Industrien,Bundesländer,02,Hamburg,2020,"3,67"
LRB,17062,a_svb_wissen,Beschäftigte in wissensintensiven Industrien,Bundesländer,02,Hamburg,2021,"3,53"
LRB,17062,a_svb_wissen,Beschäftigte in wissensintensiven Industrien,Bundesländer,02,Hamburg,2022,"3,44"
LRB,17062,a_svb_wissen,Beschäftigte in wissensintensiven Industrien,Bundesländer,02,Hamburg,2023,"3,53"
LRB,19147,e10_bev,Bevölkerungsentwicklung (10 Jahre),Bundesländer,02,Hamburg,1995,"8,10"
LRB,19147,e10_bev,Bevölkerungsentwicklung (10 Jahre),Bundesländer,02,Hamburg,1996,"8,70"
LRB,19147,e10_bev,Bevölkerungsentwicklung (10 Jahre),Bundesländer,02,Hamburg,1997,"8,61"
LRB,19147,e10_bev,Bevölkerungsentwicklung (10 Jahre),Bundesländer,02,Hamburg,1998,"6,03"
LRB,19147,e10_bev,Bevölkerungsentwicklung (10 Jahre),Bundesländer,02,Hamburg,1999,"4,83"
LRB,19147,e10_bev,Bevölkerungsentwicklung (10 Jahre),Bundesländer,02,Hamburg,2000,"3,81"
LRB,19147,e10_bev,Bevölkerungsentwicklung (10 Jahre),Bundesländer,02,Hamburg,2001,"3,45"
LRB,19147,e10_bev,Bevölkerungsentwicklung (10 Jahre),Bundesländer,02,Hamburg,2002,"2,37"
LRB,19147,e10_bev,Bevölkerungsentwicklung (10 Jahre),Bundesländer,02,Hamburg,2003,"1,83"
LRB,19147,e10_bev,Bevölkerungsentwicklung (10 Jahre),Bundesländer,02,Hamburg,2004,"1,70"
LRB,19147,e10_bev,Bevölkerungsentwicklung (10 Jahre),Bundesländer,02,Hamburg,2005,"2,09"
LRB,19147,e10_bev,Bevölkerungsentwicklung (10 Jahre),Bundesländer,02,Hamburg,2006,"2,70"
LRB,19147,e10_bev,Bevölkerungsentwicklung (10 Jahre),Bundesländer,02,Hamburg,2007,"3,87"
LRB,19147,e10_bev,Bevölkerungsentwicklung (10 Jahre),Bundesländer,02,Hamburg,2008,"4,24"
LRB,19147,e10_bev,Bevölkerungsentwicklung (10 Jahre),Bundesländer,02,Hamburg,2009,"4,08"
LRB,19147,e10_bev,Bevölkerungsentwicklung (10 Jahre),Bundesländer,02,Hamburg,2010,"4,14"
LRB,19147,e10_bev,Bevölkerungsentwicklung (10 Jahre),Bundesländer,02,Hamburg,2011,"-0,47"
LRB,19147,e10_bev,Bevölkerungsentwicklung (10 Jahre),Bundesländer,02,Hamburg,2012,"0,32"
LRB,19147,e10_bev,Bevölkerungsentwicklung (10 Jahre),Bundesländer,02,Hamburg,2013,"0,71"
LRB,19147,e10_bev,Bevölkerungsentwicklung (10 Jahre),Bundesländer,02,Hamburg,2014,"1,61"
LRB,19147,e10_bev,Bevölkerungsentwicklung (10 Jahre),Bundesländer,02,Hamburg,2015,"2,51"
LRB,19147,e10_bev,Bevölkerungsentwicklung (10 Jahre),Bundesländer,02,Hamburg,2016,"3,21"
LRB,19147,e10_bev,Bevölkerungsentwicklung (10 Jahre),Bundesländer,02,Hamburg,2017,"3,39"
LRB,19147,e10_bev,Bevölkerungsentwicklung (10 Jahre),Bundesländer,02,Hamburg,2018,"3,90"
LRB,19147,e10_bev,Bevölkerungsentwicklung (10 Jahre),Bundesländer,02,Hamburg,2019,"4,12"
LRB,19147,e10_bev,Bevölkerungsentwicklung (10 Jahre),Bundesländer,02,Hamburg,2020,"3,70"
LRB,19147,e10_bev,Bevölkerungsentwicklung (10 Jahre),Bundesländer,02,Hamburg,2021,"7,90"
LRB,19147,e10_bev,Bevölkerungsentwicklung (10 Jahre),Bundesländer,02,Hamburg,2022,"5,67"
LRB,19147,e10_bev,Bevölkerungsentwicklung (10 Jahre),Bundesländer,02,Hamburg,2023,"6,03"
LRB,15490,i_wans,Gesamtwanderungssaldo,Bundesländer,02,Hamburg,1995,"3,77"
LRB,15490,i_wans,Gesamtwanderungssaldo,Bundesländer,02,Hamburg,1996,"2,16"
LRB,15490,i_wans,Gesamtwanderungssaldo,Bundesländer,02,Hamburg,1997,"-0,53"
LRB,15490,i_wans,Gesamtwanderungssaldo,Bundesländer,02,Hamburg,1998,"-0,97"
LRB,15490,i_wans,Gesamtwanderungssaldo,Bundesländer,02,Hamburg,1999,"4,21"
LRB,15490,i_wans,Gesamtwanderungssaldo,Bundesländer,02,Hamburg,2000,"7,41"
LRB,15490,i_wans,Gesamtwanderungssaldo,Bundesländer,02,Hamburg,2001,"7,78"
LRB,15490,i_wans,Gesamtwanderungssaldo,Bundesländer,02,Hamburg,2002,"3,13"
LRB,15490,i_wans,Gesamtwanderungssaldo,Bundesländer,02,Hamburg,2003,"4,41"
LRB,15490,i_wans,Gesamtwanderungssaldo,Bundesländer,02,Hamburg,2004,"1,41"
LRB,15490,i_wans,Gesamtwanderungssaldo,Bundesländer,02,Hamburg,2005,"5,81"
LRB,15490,i_wans,Gesamtwanderungssaldo,Bundesländer,02,Hamburg,2006,"6,69"
LRB,15490,i_wans,Gesamtwanderungssaldo,Bundesländer,02,Hamburg,2007,"9,48"
LRB,15490,i_wans,Gesamtwanderungssaldo,Bundesländer,02,Hamburg,2008,"0,99"
LRB,15490,i_wans,Gesamtwanderungssaldo,Bundesländer,02,Hamburg,2009,"1,39"
LRB,15490,i_wans,Gesamtwanderungssaldo,Bundesländer,02,Hamburg,2010,"6,64"
LRB,15490,i_wans,Gesamtwanderungssaldo,Bundesländer,02,Hamburg,2011,"7,12"
LRB,15490,i_wans,Gesamtwanderungssaldo,Bundesländer,02,Hamburg,2012,"8,66"
LRB,15490,i_wans,Gesamtwanderungssaldo,Bundesländer,02,Hamburg,2013,"6,85"
LRB,15490,i_wans,Gesamtwanderungssaldo,Bundesländer,02,Hamburg,2014,"7,59"
LRB,15490,i_wans,Gesamtwanderungssaldo,Bundesländer,02,Hamburg,2015,"11,19"
LRB,15490,i_wans,Gesamtwanderungssaldo,Bundesländer,02,Hamburg,2016,"11,16"
LRB,15490,i_wans,Gesamtwanderungssaldo,Bundesländer,02,Hamburg,2017,"9,84"
LRB,15490,i_wans,Gesamtwanderungssaldo,Bundesländer,02,Hamburg,2018,"4,33"
LRB,15490,i_wans,Gesamtwanderungssaldo,Bundesländer,02,Hamburg,2019,"2,71"
LRB,15490,i_wans,Gesamtwanderungssaldo,Bundesländer,02,Hamburg,2020,"2,19"
LRB,15490,i_wans,Gesamtwanderungssaldo,Bundesländer,02,Hamburg,2021,"-0,04"
LRB,15490,i_wans,Gesamtwanderungssaldo,Bundesländer,02,Hamburg,2022,"21,51"
LRB,15490,i_wans,Gesamtwanderungssaldo,Bundesländer,02,Hamburg,2023,"10,74"
LRB,20292,m_ek_akad,Medianeinkommen akademischer Berufsabschluss,Bundesländer,02,Hamburg,2014,"4969,80"
LRB,20292,m_ek_akad,Medianeinkommen akademischer Berufsabschluss,Bundesländer,02,Hamburg,2015,"4970,14"
LRB,20292,m_ek_akad,Medianeinkommen akademischer Berufsabschluss,Bundesländer,02,Hamburg,2016,"4975,56"
LRB,20292,m_ek_akad,Medianeinkommen akademischer Berufsabschluss,Bundesländer,02,Hamburg,2017,"5017,10"
LRB,20292,m_ek_akad,Medianeinkommen akademischer Berufsabschluss,Bundesländer,02,Hamburg,2018,"5104,00"
LRB,20292,m_ek_akad,Medianeinkommen akademischer Berufsabschluss,Bundesländer,02,Hamburg,2019,"5203,62"
LRB,20292,m_ek_akad,Medianeinkommen akademischer Berufsabschluss,Bundesländer,02,Hamburg,2020,"5266,15"
LRB,20292,m_ek_akad,Medianeinkommen akademischer Berufsabschluss,Bundesländer,02,Hamburg,2021,"5355,81"
LRB,20292,m_ek_akad,Medianeinkommen akademischer Berufsabschluss,Bundesländer,02,Hamburg,2022,"5549,06"
LRB,20292,m_ek_akad,Medianeinkommen akademischer Berufsabschluss,Bundesländer,02,Hamburg,2023,"5762,20"
LRB,20067,m_mietpr,Angebotsmietpreise,Bundesländer,02,Hamburg,2010,"8,00"
LRB,20067,m_mietpr,Angebotsmietpreise,Bundesländer,02,Hamburg,2011,"9,00"
LRB,20067,m_mietpr,Angebotsmietpreise,Bundesländer,02,Hamburg,2012,"9,00"
LRB,20067,m_mietpr,Angebotsmietpreise,Bundesländer,02,Hamburg,2013,"10,00"
LRB,20067,m_mietpr,Angebotsmietpreise,Bundesländer,02,Hamburg,2014,"10,00"
LRB,20067,m_mietpr,Angebotsmietpreise,Bundesländer,02,Hamburg,2015,"10,00"
LRB,20067,m_mietpr,Angebotsmietpreise,Bundesländer,02,Hamburg,2016,"10,00"
LRB,20067,m_mietpr,Angebotsmietpreise,Bundesländer,02,Hamburg,2017,"11,00"
LRB,20067,m_mietpr,Angebotsmietpreise,Bundesländer,02,Hamburg,2018,"11,00"
LRB,20067,m_mietpr,Angebotsmietpreise,Bundesländer,02,Hamburg,2019,"11,00"
LRB,20067,m_mietpr,Angebotsmietpreise,Bundesländer,02,Hamburg,2020,"12,00"
LRB,20067,m_mietpr,Angebotsmietpreise,Bundesländer,02,Hamburg,2021,"12,00"
LRB,20067,m_mietpr,Angebotsmietpreise,Bundesländer,02,Hamburg,2022,"13,00"
LRB,20067,m_mietpr,Angebotsmietpreise,Bundesländer,02,Hamburg,2023,"13,00"
LRB,20067,m_mietpr,Angebotsmietpreise,Bundesländer,02,Hamburg,2024,"14,00"
LRB,14574,q_alo,Arbeitslosenquote,Bundesländer,02,Hamburg,1998,"11,28"
LRB,14574,q_alo,Arbeitslosenquote,Bundesländer,02,Hamburg,1999,"10,36"
LRB,14574,q_alo,Arbeitslosenquote,Bundesländer,02,Hamburg,2000,"8,88"
LRB,14574,q_alo,Arbeitslosenquote,Bundesländer,02,Hamburg,2001,"8,25"
LRB,14574,q_alo,Arbeitslosenquote,Bundesländer,02,Hamburg,2002,"8,97"
LRB,14574,q_alo,Arbeitslosenquote,Bundesländer,02,Hamburg,2003,"9,91"
LRB,14574,q_alo,Arbeitslosenquote,Bundesländer,02,Hamburg,2004,"9,67"
LRB,14574,q_alo,Arbeitslosenquote,Bundesländer,02,Hamburg,2005,"11,30"
LRB,14574,q_alo,Arbeitslosenquote,Bundesländer,02,Hamburg,2006,"10,96"
LRB,14574,q_alo,Arbeitslosenquote,Bundesländer,02,Hamburg,2007,"9,17"
LRB,14574,q_alo,Arbeitslosenquote,Bundesländer,02,Hamburg,2008,"8,13"
LRB,14574,q_alo,Arbeitslosenquote,Bundesländer,02,Hamburg,2009,"8,60"
LRB,14574,q_alo,Arbeitslosenquote,Bundesländer,02,Hamburg,2010,"8,18"
LRB,14574,q_alo,Arbeitslosenquote,Bundesländer,02,Hamburg,2011,"7,82"
LRB,14574,q_alo,Arbeitslosenquote,Bundesländer,02,Hamburg,2012,"7,46"
LRB,14574,q_alo,Arbeitslosenquote,Bundesländer,02,Hamburg,2013,"7,40"
LRB,14574,q_alo,Arbeitslosenquote,Bundesländer,02,Hamburg,2014,"7,55"
LRB,14574,q_alo,Arbeitslosenquote,Bundesländer,02,Hamburg,2015,"7,45"
LRB,14574,q_alo,Arbeitslosenquote,Bundesländer,02,Hamburg,2016,"7,08"
LRB,14574,q_alo,Arbeitslosenquote,Bundesländer,02,Hamburg,2017,"6,83"
LRB,14574,q_alo,Arbeitslosenquote,Bundesländer,02,Hamburg,2018,"6,32"
LRB,14574,q_alo,Arbeitslosenquote,Bundesländer,02,Hamburg,2019,"6,13"
LRB,14574,q_alo,Arbeitslosenquote,Bundesländer,02,Hamburg,2020,"7,55"
LRB,14574,q_alo,Arbeitslosenquote,Bundesländer,02,Hamburg,2021,"7,46"
LRB,14574,q_alo,Arbeitslosenquote,Bundesländer,02,Hamburg,2022,"6,84"
LRB,14574,q_alo,Arbeitslosenquote,Bundesländer,02,Hamburg,2023,"7,43"
LRB,15125,q_bip_ew,Bruttoinlandsprodukt je Einwohner,Bundesländer,02,Hamburg,1995,"40,18"
LRB,15125,q_bip_ew,Bruttoinlandsprodukt je Einwohner,Bundesländer,02,Hamburg,1996,"41,08"
LRB,15125,q_bip_ew,Bruttoinlandsprodukt je Einwohner,Bundesländer,02,Hamburg,1997,"42,63"
LRB,15125,q_bip_ew,Bruttoinlandsprodukt je Einwohner,Bundesländer,02,Hamburg,1998,"43,67"
LRB,15125,q_bip_ew,Bruttoinlandsprodukt je Einwohner,Bundesländer,02,Hamburg,1999,"43,88"
LRB,15125,q_bip_ew,Bruttoinlandsprodukt je Einwohner,Bundesländer,02,Hamburg,2000,"45,38"
LRB,15125,q_bip_ew,Bruttoinlandsprodukt je Einwohner,Bundesländer,02,Hamburg,2001,"47,59"
LRB,15125,q_bip_ew,Bruttoinlandsprodukt je Einwohner,Bundesländer,02,Hamburg,2002,"48,08"
LRB,15125,q_bip_ew,Bruttoinlandsprodukt je Einwohner,Bundesländer,02,Hamburg,2003,"48,14"
LRB,15125,q_bip_ew,Bruttoinlandsprodukt je Einwohner,Bundesländer,02,Hamburg,2004,"49,25"
LRB,15125,q_bip_ew,Bruttoinlandsprodukt je Einwohner,Bundesländer,02,Hamburg,2005,"49,97"
LRB,15125,q_bip_ew,Bruttoinlandsprodukt je Einwohner,Bundesländer,02,Hamburg,2006,"50,35"
LRB,15125,q_bip_ew,Bruttoinlandsprodukt je Einwohner,Bundesländer,02,Hamburg,2007,"51,66"
LRB,15125,q_bip_ew,Bruttoinlandsprodukt je Einwohner,Bundesländer,02,Hamburg,2008,"53,34"
LRB,15125,q_bip_ew,Bruttoinlandsprodukt je Einwohner,Bundesländer,02,Hamburg,2009,"51,36"
LRB,15125,q_bip_ew,Bruttoinlandsprodukt je Einwohner,Bundesländer,02,Hamburg,2010,"52,42"
LRB,15125,q_bip_ew,Bruttoinlandsprodukt je Einwohner,Bundesländer,02,Hamburg,2011,"55,10"
LRB,15125,q_bip_ew,Bruttoinlandsprodukt je Einwohner,Bundesländer,02,Hamburg,2012,"55,94"
LRB,15125,q_bip_ew,Bruttoinlandsprodukt je Einwohner,Bundesländer,02,Hamburg,2013,"57,92"
LRB,15125,q_bip_ew,Bruttoinlandsprodukt je Einwohner,Bundesländer,02,Hamburg,2014,"58,67"
LRB,15125,q_bip_ew,Bruttoinlandsprodukt je Einwohner,Bundesländer,02,Hamburg,2015,"60,52"
LRB,15125,q_bip_ew,Bruttoinlandsprodukt je Einwohner,Bundesländer,02,Hamburg,2016,"61,06"
LRB,15125,q_bip_ew,Bruttoinlandsprodukt je Einwohner,Bundesländer,02,Hamburg,2017,"63,69"
LRB,15125,q_bip_ew,Bruttoinlandsprodukt je Einwohner,Bundesländer,02,Hamburg,2018,"64,61"
LRB,15125,q_bip_ew,Bruttoinlandsprodukt je Einwohner,Bundesländer,02,Hamburg,2019,"67,88"
LRB,15125,q_bip_ew,Bruttoinlandsprodukt je Einwohner,Bundesländer,02,Hamburg,2020,"65,00"
LRB,15125,q_bip_ew,Bruttoinlandsprodukt je Einwohner,Bundesländer,02,Hamburg,2021,"72,34"
LRB,15125,q_bip_ew,Bruttoinlandsprodukt je Einwohner,Bundesländer,02,Hamburg,2022,"80,92"
LRB,17508,q_svw,Beschäftigtenquote,Bundesländer,02,Hamburg,1997,"45,91"
LRB,17508,q_svw,Beschäftigtenquote,Bundesländer,02,Hamburg,1998,"45,79"
LRB,17508,q_svw,Beschäftigtenquote,Bundesländer,02,Hamburg,1999,"46,44"
LRB,17508,q_svw,Beschäftigtenquote,Bundesländer,02,Hamburg,2000,"47,45"
LRB,17508,q_svw,Beschäftigtenquote,Bundesländer,02,Hamburg,2001,"47,95"
LRB,17508,q_svw,Beschäftigtenquote,Bundesländer,02,Hamburg,2002,"47,68"
LRB,17508,q_svw,Beschäftigtenquote,Bundesländer,02,Hamburg,2003,"46,42"
LRB,17508,q_svw,Beschäftigtenquote,Bundesländer,02,Hamburg,2004,"45,79"
LRB,17508,q_svw,Beschäftigtenquote,Bundesländer,02,Hamburg,2005,"45,10"
LRB,17508,q_svw,Beschäftigtenquote,Bundesländer,02,Hamburg,2006,"45,53"
LRB,17508,q_svw,Beschäftigtenquote,Bundesländer,02,Hamburg,2007,"46,43"
LRB,17508,q_svw,Beschäftigtenquote,Bundesländer,02,Hamburg,2008,"48,18"
LRB,17508,q_svw,Beschäftigtenquote,Bundesländer,02,Hamburg,2009,"48,80"
LRB,17508,q_svw,Beschäftigtenquote,Bundesländer,02,Hamburg,2010,"49,25"
LRB,17508,q_svw,Beschäftigtenquote,Bundesländer,02,Hamburg,2011,"53,13"
LRB,17508,q_svw,Beschäftigtenquote,Bundesländer,02,Hamburg,2012,"54,02"
LRB,17508,q_svw,Beschäftigtenquote,Bundesländer,02,Hamburg,2013,"55,01"
LRB,17508,q_svw,Beschäftigtenquote,Bundesländer,02,Hamburg,2014,"55,69"
LRB,17508,q_svw,Beschäftigtenquote,Bundesländer,02,Hamburg,2015,"56,56"
LRB,17508,q_svw,Beschäftigtenquote,Bundesländer,02,Hamburg,2016,"58,02"
LRB,17508,q_svw,Beschäftigtenquote,Bundesländer,02,Hamburg,2017,"59,06"
LRB,17508,q_svw,Beschäftigtenquote,Bundesländer,02,Hamburg,2018,"60,20"
LRB,17508,q_svw,Beschäftigtenquote,Bundesländer,02,Hamburg,2019,"61,67"
LRB,17508,q_svw,Beschäftigtenquote,Bundesländer,02,Hamburg,2020,"61,56"
LRB,17508,q_svw,Beschäftigtenquote,Bundesländer,02,Hamburg,2021,"62,63"
LRB,17508,q_svw,Beschäftigtenquote,Bundesländer,02,Hamburg,2022,"64,88"
LRB,17508,q_svw,Beschäftigtenquote,Bundesländer,02,Hamburg,2023,"64,86"
LRB,12586,xbev,Bevölkerung gesamt,Bundesländer,02,Hamburg,1995,"1707901,00"
LRB,12586,xbev,Bevölkerung gesamt,Bundesländer,02,Hamburg,1996,"1707986,00"
LRB,12586,xbev,Bevölkerung gesamt,Bundesländer,02,Hamburg,1997,"1704731,00"
LRB,12586,xbev,Bevölkerung gesamt,Bundesländer,02,Hamburg,1998,"1700089,00"
LRB,12586,xbev,Bevölkerung gesamt,Bundesländer,02,Hamburg,1999,"1704735,00"
LRB,12586,xbev,Bevölkerung gesamt,Bundesländer,02,Hamburg,2000,"1715392,00"
LRB,12586,xbev,Bevölkerung gesamt,Bundesländer,02,Hamburg,2001,"1726363,00"
LRB,12586,xbev,Bevölkerung gesamt,Bundesländer,02,Hamburg,2002,"1728806,00"
LRB,12586,xbev,Bevölkerung gesamt,Bundesländer,02,Hamburg,2003,"1734083,00"
LRB,12586,xbev,Bevölkerung gesamt,Bundesländer,02,Hamburg,2004,"1734830,00"
LRB,12586,xbev,Bevölkerung gesamt,Bundesländer,02,Hamburg,2005,"1743627,00"
LRB,12586,xbev,Bevölkerung gesamt,Bundesländer,02,Hamburg,2006,"1754182,00"
LRB,12586,xbev,Bevölkerung gesamt,Bundesländer,02,Hamburg,2007,"1770629,00"
LRB,12586,xbev,Bevölkerung gesamt,Bundesländer,02,Hamburg,2008,"1772100,00"
LRB,12586,xbev,Bevölkerung gesamt,Bundesländer,02,Hamburg,2009,"1774224,00"
LRB,12586,xbev,Bevölkerung gesamt,Bundesländer,02,Hamburg,2010,"1786448,00"
LRB,12586,xbev,Bevölkerung gesamt,Bundesländer,02,Hamburg,2011,"1718187,00"
LRB,12586,xbev,Bevölkerung gesamt,Bundesländer,02,Hamburg,2012,"1734272,00"
LRB,12586,xbev,Bevölkerung gesamt,Bundesländer,02,Hamburg,2013,"1746342,00"
LRB,12586,xbev,Bevölkerung gesamt,Bundesländer,02,Hamburg,2014,"1762791,00"
LRB,12586,xbev,Bevölkerung gesamt,Bundesländer,02,Hamburg,2015,"1787408,00"
LRB,12586,xbev,Bevölkerung gesamt,Bundesländer,02,Hamburg,2016,"1810438,00"
LRB,12586,xbev,Bevölkerung gesamt,Bundesländer,02,Hamburg,2017,"1830584,00"
LRB,12586,xbev,Bevölkerung gesamt,Bundesländer,02,Hamburg,2018,"1841179,00"
LRB,12586,xbev,Bevölkerung gesamt,Bundesländer,02,Hamburg,2019,"1847253,00"
LRB,12586,xbev,Bevölkerung gesamt,Bundesländer,02,Hamburg,2020,"1852478,00"
LRB,12586,xbev,Bevölkerung gesamt,Bundesländer,02,Hamburg,2021,"1853935,00"
LRB,12586,xbev,Bevölkerung gesamt,Bundesländer,02,Hamburg,2022,"1832675,00"
LRB,12586,xbev,Bevölkerung gesamt,Bundesländer,02,Hamburg,2023,"1851596,00"
LRB,17274,a_bb_100Mbits,Bandbreitenverfügbarkeit mindestens 100 Mbit/s,Bundesländer,03,Niedersachsen,2017,"65,79"
LRB,17274,a_bb_100Mbits,Bandbreitenverfügbarkeit mindestens 100 Mbit/s,Bundesländer,03,Niedersachsen,2020,"83,79"
LRB,17274,a_bb_100Mbits,Bandbreitenverfügbarkeit mindestens 100 Mbit/s,Bundesländer,03,Niedersachsen,2021,"84,94"
LRB,17274,a_bb_100Mbits,Bandbreitenverfügbarkeit mindestens 100 Mbit/s,Bundesländer,03,Niedersachsen,2022,"87,57"
LRB,17274,a_bb_100Mbits,Bandbreitenverfügbarkeit mindestens 100 Mbit/s,Bundesländer,03,Niedersachsen,2023,"91,94"
LRB,17524,a_sva_exp,Beschäftigte mit Anforderungsniveau Experte,Bundesländer,03,Niedersachsen,2013,"10,60"
LRB,17524,a_sva_exp,Beschäftigte mit Anforderungsniveau Experte,Bundesländer,03,Niedersachsen,2014,"10,72"
LRB,17524,a_sva_exp,Beschäftigte mit Anforderungsniveau Experte,Bundesländer,03,Niedersachsen,2015,"10,75"
LRB,17524,a_sva_exp,Beschäftigte mit Anforderungsniveau Experte,Bundesländer,03,Niedersachsen,2016,"10,88"
LRB,17524,a_sva_exp,Beschäftigte mit Anforderungsniveau Experte,Bundesländer,03,Niedersachsen,2017,"10,99"
LRB,17524,a_sva_exp,Beschäftigte mit Anforderungsniveau Experte,Bundesländer,03,Niedersachsen,2018,"11,14"
LRB,17524,a_sva_exp,Beschäftigte mit Anforderungsniveau Experte,Bundesländer,03,Niedersachsen,2019,"11,33"
LRB,17524,a_sva_exp,Beschäftigte mit Anforderungsniveau Experte,Bundesländer,03,Niedersachsen,2020,"11,53"
LRB,17524,a_sva_exp,Beschäftigte mit Anforderungsniveau Experte,Bundesländer,03,Niedersachsen,2021,"11,60"
LRB,17524,a_sva_exp,Beschäftigte mit Anforderungsniveau Experte,Bundesländer,03,Niedersachsen,2022,"11,74"
LRB,17524,a_sva_exp,Beschäftigte mit Anforderungsniveau Experte,Bundesländer,03,Niedersachsen,2023,"11,73"
LRB,17806,a_svb_IT,Beschäftigte in IT- und naturwissenschaftlichen Dienstleistungsberufen,Bundesländer,03,Niedersachsen,2013,"2,87"
LRB,17806,a_svb_IT,Beschäftigte in IT- und naturwissenschaftlichen Dienstleistungsberufen,Bundesländer,03,Niedersachsen,2014,"2,93"
LRB,17806,a_svb_IT,Beschäftigte in IT- und naturwissenschaftlichen Dienstleistungsberufen,Bundesländer,03,Niedersachsen,2015,"2,90"
LRB,17806,a_svb_IT,Beschäftigte in IT- und naturwissenschaftlichen Dienstleistungsberufen,Bundesländer,03,Niedersachsen,2016,"2,92"
LRB,17806,a_svb_IT,Beschäftigte in IT- und naturwissenschaftlichen Dienstleistungsberufen,Bundesländer,03,Niedersachsen,2017,"2,96"
LRB,17806,a_svb_IT,Beschäftigte in IT- und naturwissenschaftlichen Dienstleistungsberufen,Bundesländer,03,Niedersachsen,2018,"3,01"
LRB,17806,a_svb_IT,Beschäftigte in IT- und naturwissenschaftlichen Dienstleistungsberufen,Bundesländer,03,Niedersachsen,2019,"3,10"
LRB,17806,a_svb_IT,Beschäftigte in IT- und naturwissenschaftlichen Dienstleistungsberufen,Bundesländer,03,Niedersachsen,2020,"3,22"
LRB,17806,a_svb_IT,Beschäftigte in IT- und naturwissenschaftlichen Dienstleistungsberufen,Bundesländer,03,Niedersachsen,2021,"3,28"
LRB,17806,a_svb_IT,Beschäftigte in IT- und naturwissenschaftlichen Dienstleistungsberufen,Bundesländer,03,Niedersachsen,2022,"3,36"
LRB,17806,a_svb_IT,Beschäftigte in IT- und naturwissenschaftlichen Dienstleistungsberufen,Bundesländer,03,Niedersachsen,2023,"3,47"
LRB,17062,a_svb_wissen,Beschäftigte in wissensintensiven Industrien,Bundesländer,03,Niedersachsen,2009,"8,55"
LRB,17062,a_svb_wissen,Beschäftigte in wissensintensiven Industrien,Bundesländer,03,Niedersachsen,2010,"8,11"
LRB,17062,a_svb_wissen,Beschäftigte in wissensintensiven Industrien,Bundesländer,03,Niedersachsen,2011,"8,01"
LRB,17062,a_svb_wissen,Beschäftigte in wissensintensiven Industrien,Bundesländer,03,Niedersachsen,2012,"10,30"
LRB,17062,a_svb_wissen,Beschäftigte in wissensintensiven Industrien,Bundesländer,03,Niedersachsen,2013,"9,71"
LRB,17062,a_svb_wissen,Beschäftigte in wissensintensiven Industrien,Bundesländer,03,Niedersachsen,2014,"9,87"
LRB,17062,a_svb_wissen,Beschäftigte in wissensintensiven Industrien,Bundesländer,03,Niedersachsen,2015,"9,71"
LRB,17062,a_svb_wissen,Beschäftigte in wissensintensiven Industrien,Bundesländer,03,Niedersachsen,2016,"7,19"
LRB,17062,a_svb_wissen,Beschäftigte in wissensintensiven Industrien,Bundesländer,03,Niedersachsen,2017,"7,21"
LRB,17062,a_svb_wissen,Beschäftigte in wissensintensiven Industrien,Bundesländer,03,Niedersachsen,2018,"6,79"
LRB,17062,a_svb_wissen,Beschäftigte in wissensintensiven Industrien,Bundesländer,03,Niedersachsen,2019,"6,75"
LRB,17062,a_svb_wissen,Beschäftigte in wissensintensiven Industrien,Bundesländer,03,Niedersachsen,2020,"6,64"
LRB,17062,a_svb_wissen,Beschäftigte in wissensintensiven Industrien,Bundesländer,03,Niedersachsen,2021,"6,44"
LRB,17062,a_svb_wissen,Beschäftigte in wissensintensiven Industrien,Bundesländer,03,Niedersachsen,2022,"6,32"
LRB,17062,a_svb_wissen,Beschäftigte in wissensintensiven Industrien,Bundesländer,03,Niedersachsen,2023,"6,35"
LRB,19147,e10_bev,Bevölkerungsentwicklung (10 Jahre),Bundesländer,03,Niedersachsen,1995,"8,01"
LRB,19147,e10_bev,Bevölkerungsentwicklung (10 Jahre),Bundesländer,03,Niedersachsen,1996,"8,51"
LRB,19147,e10_bev,Bevölkerungsentwicklung (10 Jahre),Bundesländer,03,Niedersachsen,1997,"9,02"
LRB,19147,e10_bev,Bevölkerungsentwicklung (10 Jahre),Bundesländer,03,Niedersachsen,1998,"9,38"
LRB,19147,e10_bev,Bevölkerungsentwicklung (10 Jahre),Bundesländer,03,Niedersachsen,1999,"8,35"
LRB,19147,e10_bev,Bevölkerungsentwicklung (10 Jahre),Bundesländer,03,Niedersachsen,2000,"7,30"
LRB,19147,e10_bev,Bevölkerungsentwicklung (10 Jahre),Bundesländer,03,Niedersachsen,2001,"6,43"
LRB,19147,e10_bev,Bevölkerungsentwicklung (10 Jahre),Bundesländer,03,Niedersachsen,2002,"5,32"
LRB,19147,e10_bev,Bevölkerungsentwicklung (10 Jahre),Bundesländer,03,Niedersachsen,2003,"4,52"
LRB,19147,e10_bev,Bevölkerungsentwicklung (10 Jahre),Bundesländer,03,Niedersachsen,2004,"3,70"
LRB,19147,e10_bev,Bevölkerungsentwicklung (10 Jahre),Bundesländer,03,Niedersachsen,2005,"2,74"
LRB,19147,e10_bev,Bevölkerungsentwicklung (10 Jahre),Bundesländer,03,Niedersachsen,2006,"2,14"
LRB,19147,e10_bev,Bevölkerungsentwicklung (10 Jahre),Bundesländer,03,Niedersachsen,2007,"1,61"
LRB,19147,e10_bev,Bevölkerungsentwicklung (10 Jahre),Bundesländer,03,Niedersachsen,2008,"1,03"
LRB,19147,e10_bev,Bevölkerungsentwicklung (10 Jahre),Bundesländer,03,Niedersachsen,2009,"0,38"
LRB,19147,e10_bev,Bevölkerungsentwicklung (10 Jahre),Bundesländer,03,Niedersachsen,2010,"-0,10"
LRB,19147,e10_bev,Bevölkerungsentwicklung (10 Jahre),Bundesländer,03,Niedersachsen,2011,"-2,29"
LRB,19147,e10_bev,Bevölkerungsentwicklung (10 Jahre),Bundesländer,03,Niedersachsen,2012,"-2,52"
LRB,19147,e10_bev,Bevölkerungsentwicklung (10 Jahre),Bundesländer,03,Niedersachsen,2013,"-2,54"
LRB,19147,e10_bev,Bevölkerungsentwicklung (10 Jahre),Bundesländer,03,Niedersachsen,2014,"-2,18"
LRB,19147,e10_bev,Bevölkerungsentwicklung (10 Jahre),Bundesländer,03,Niedersachsen,2015,"-0,84"
LRB,19147,e10_bev,Bevölkerungsentwicklung (10 Jahre),Bundesländer,03,Niedersachsen,2016,"-0,46"
LRB,19147,e10_bev,Bevölkerungsentwicklung (10 Jahre),Bundesländer,03,Niedersachsen,2017,"-0,11"
LRB,19147,e10_bev,Bevölkerungsentwicklung (10 Jahre),Bundesländer,03,Niedersachsen,2018,"0,44"
LRB,19147,e10_bev,Bevölkerungsentwicklung (10 Jahre),Bundesländer,03,Niedersachsen,2019,"0,82"
LRB,19147,e10_bev,Bevölkerungsentwicklung (10 Jahre),Bundesländer,03,Niedersachsen,2020,"1,08"
LRB,19147,e10_bev,Bevölkerungsentwicklung (10 Jahre),Bundesländer,03,Niedersachsen,2021,"3,25"
LRB,19147,e10_bev,Bevölkerungsentwicklung (10 Jahre),Bundesländer,03,Niedersachsen,2022,"2,62"
LRB,19147,e10_bev,Bevölkerungsentwicklung (10 Jahre),Bundesländer,03,Niedersachsen,2023,"2,79"
LRB,15490,i_wans,Gesamtwanderungssaldo,Bundesländer,03,Niedersachsen,1995,"9,11"
LRB,15490,i_wans,Gesamtwanderungssaldo,Bundesländer,03,Niedersachsen,1996,"4,69"
LRB,15490,i_wans,Gesamtwanderungssaldo,Bundesländer,03,Niedersachsen,1997,"3,61"
LRB,15490,i_wans,Gesamtwanderungssaldo,Bundesländer,03,Niedersachsen,1998,"2,79"
LRB,15490,i_wans,Gesamtwanderungssaldo,Bundesländer,03,Niedersachsen,1999,"4,44"
LRB,15490,i_wans,Gesamtwanderungssaldo,Bundesländer,03,Niedersachsen,2000,"3,90"
LRB,15490,i_wans,Gesamtwanderungssaldo,Bundesländer,03,Niedersachsen,2001,"4,91"
LRB,15490,i_wans,Gesamtwanderungssaldo,Bundesländer,03,Niedersachsen,2002,"4,31"
LRB,15490,i_wans,Gesamtwanderungssaldo,Bundesländer,03,Niedersachsen,2003,"3,47"
LRB,15490,i_wans,Gesamtwanderungssaldo,Bundesländer,03,Niedersachsen,2004,"2,45"
LRB,15490,i_wans,Gesamtwanderungssaldo,Bundesländer,03,Niedersachsen,2005,"1,16"
LRB,15490,i_wans,Gesamtwanderungssaldo,Bundesländer,03,Niedersachsen,2006,"0,69"
LRB,15490,i_wans,Gesamtwanderungssaldo,Bundesländer,03,Niedersachsen,2007,"0,74"
LRB,15490,i_wans,Gesamtwanderungssaldo,Bundesländer,03,Niedersachsen,2008,"-0,55"
LRB,15490,i_wans,Gesamtwanderungssaldo,Bundesländer,03,Niedersachsen,2009,"0,61"
LRB,15490,i_wans,Gesamtwanderungssaldo,Bundesländer,03,Niedersachsen,2010,"1,51"
LRB,15490,i_wans,Gesamtwanderungssaldo,Bundesländer,03,Niedersachsen,2011,"2,47"
LRB,15490,i_wans,Gesamtwanderungssaldo,Bundesländer,03,Niedersachsen,2012,"3,68"
LRB,15490,i_wans,Gesamtwanderungssaldo,Bundesländer,03,Niedersachsen,2013,"4,68"
LRB,15490,i_wans,Gesamtwanderungssaldo,Bundesländer,03,Niedersachsen,2014,"6,95"
LRB,15490,i_wans,Gesamtwanderungssaldo,Bundesländer,03,Niedersachsen,2015,"15,56"
LRB,15490,i_wans,Gesamtwanderungssaldo,Bundesländer,03,Niedersachsen,2016,"5,01"
LRB,15490,i_wans,Gesamtwanderungssaldo,Bundesländer,03,Niedersachsen,2017,"4,78"
LRB,15490,i_wans,Gesamtwanderungssaldo,Bundesländer,03,Niedersachsen,2018,"5,45"
LRB,15490,i_wans,Gesamtwanderungssaldo,Bundesländer,03,Niedersachsen,2019,"4,38"
LRB,15490,i_wans,Gesamtwanderungssaldo,Bundesländer,03,Niedersachsen,2020,"4,28"
LRB,15490,i_wans,Gesamtwanderungssaldo,Bundesländer,03,Niedersachsen,2021,"6,12"
LRB,15490,i_wans,Gesamtwanderungssaldo,Bundesländer,03,Niedersachsen,2022,"19,07"
LRB,15490,i_wans,Gesamtwanderungssaldo,Bundesländer,03,Niedersachsen,2023,"7,76"
LRB,20292,m_ek_akad,Medianeinkommen akademischer Berufsabschluss,Bundesländer,03,Niedersachsen,2014,"4185,98"
LRB,20292,m_ek_akad,Medianeinkommen akademischer Berufsabschluss,Bundesländer,03,Niedersachsen,2015,"4221,01"
LRB,20292,m_ek_akad,Medianeinkommen akademischer Berufsabschluss,Bundesländer,03,Niedersachsen,2016,"4267,06"
LRB,20292,m_ek_akad,Medianeinkommen akademischer Berufsabschluss,Bundesländer,03,Niedersachsen,2017,"4341,44"
LRB,20292,m_ek_akad,Medianeinkommen akademischer Berufsabschluss,Bundesländer,03,Niedersachsen,2018,"4426,30"
LRB,20292,m_ek_akad,Medianeinkommen akademischer Berufsabschluss,Bundesländer,03,Niedersachsen,2019,"4521,94"
LRB,20292,m_ek_akad,Medianeinkommen akademischer Berufsabschluss,Bundesländer,03,Niedersachsen,2020,"5200,34"
LRB,20292,m_ek_akad,Medianeinkommen akademischer Berufsabschluss,Bundesländer,03,Niedersachsen,2021,"5281,51"
LRB,20292,m_ek_akad,Medianeinkommen akademischer Berufsabschluss,Bundesländer,03,Niedersachsen,2022,"4722,05"
LRB,20292,m_ek_akad,Medianeinkommen akademischer Berufsabschluss,Bundesländer,03,Niedersachsen,2023,"4850,88"
LRB,20067,m_mietpr,Angebotsmietpreise,Bundesländer,03,Niedersachsen,2010,"5,00"
LRB,20067,m_mietpr,Angebotsmietpreise,Bundesländer,03,Niedersachsen,2011,"6,00"
LRB,20067,m_mietpr,Angebotsmietpreise,Bundesländer,03,Niedersachsen,2012,"6,00"
LRB,20067,m_mietpr,Angebotsmietpreise,Bundesländer,03,Niedersachsen,2013,"6,00"
LRB,20067,m_mietpr,Angebotsmietpreise,Bundesländer,03,Niedersachsen,2014,"6,00"
LRB,20067,m_mietpr,Angebotsmietpreise,Bundesländer,03,Niedersachsen,2015,"6,00"
LRB,20067,m_mietpr,Angebotsmietpreise,Bundesländer,03,Niedersachsen,2016,"7,00"
LRB,20067,m_mietpr,Angebotsmietpreise,Bundesländer,03,Niedersachsen,2017,"7,00"
LRB,20067,m_mietpr,Angebotsmietpreise,Bundesländer,03,Niedersachsen,2018,"7,00"
LRB,20067,m_mietpr,Angebotsmietpreise,Bundesländer,03,Niedersachsen,2019,"7,00"
LRB,20067,m_mietpr,Angebotsmietpreise,Bundesländer,03,Niedersachsen,2020,"8,00"
LRB,20067,m_mietpr,Angebotsmietpreise,Bundesländer,03,Niedersachsen,2021,"8,00"
LRB,20067,m_mietpr,Angebotsmietpreise,Bundesländer,03,Niedersachsen,2022,"8,00"
LRB,20067,m_mietpr,Angebotsmietpreise,Bundesländer,03,Niedersachsen,2023,"9,00"
LRB,20067,m_mietpr,Angebotsmietpreise,Bundesländer,03,Niedersachsen,2024,"9,00"
LRB,14574,q_alo,Arbeitslosenquote,Bundesländer,03,Niedersachsen,1998,"11,09"
LRB,14574,q_alo,Arbeitslosenquote,Bundesländer,03,Niedersachsen,1999,"10,35"
LRB,14574,q_alo,Arbeitslosenquote,Bundesländer,03,Niedersachsen,2000,"9,32"
LRB,14574,q_alo,Arbeitslosenquote,Bundesländer,03,Niedersachsen,2001,"9,06"
LRB,14574,q_alo,Arbeitslosenquote,Bundesländer,03,Niedersachsen,2002,"9,24"
LRB,14574,q_alo,Arbeitslosenquote,Bundesländer,03,Niedersachsen,2003,"9,64"
LRB,14574,q_alo,Arbeitslosenquote,Bundesländer,03,Niedersachsen,2004,"9,57"
LRB,14574,q_alo,Arbeitslosenquote,Bundesländer,03,Niedersachsen,2005,"11,64"
LRB,14574,q_alo,Arbeitslosenquote,Bundesländer,03,Niedersachsen,2006,"10,54"
LRB,14574,q_alo,Arbeitslosenquote,Bundesländer,03,Niedersachsen,2007,"8,90"
LRB,14574,q_alo,Arbeitslosenquote,Bundesländer,03,Niedersachsen,2008,"7,67"
LRB,14574,q_alo,Arbeitslosenquote,Bundesländer,03,Niedersachsen,2009,"7,72"
LRB,14574,q_alo,Arbeitslosenquote,Bundesländer,03,Niedersachsen,2010,"7,49"
LRB,14574,q_alo,Arbeitslosenquote,Bundesländer,03,Niedersachsen,2011,"6,88"
LRB,14574,q_alo,Arbeitslosenquote,Bundesländer,03,Niedersachsen,2012,"6,55"
LRB,14574,q_alo,Arbeitslosenquote,Bundesländer,03,Niedersachsen,2013,"6,58"
LRB,14574,q_alo,Arbeitslosenquote,Bundesländer,03,Niedersachsen,2014,"6,47"
LRB,14574,q_alo,Arbeitslosenquote,Bundesländer,03,Niedersachsen,2015,"6,14"
LRB,14574,q_alo,Arbeitslosenquote,Bundesländer,03,Niedersachsen,2016,"6,00"
LRB,14574,q_alo,Arbeitslosenquote,Bundesländer,03,Niedersachsen,2017,"5,76"
LRB,14574,q_alo,Arbeitslosenquote,Bundesländer,03,Niedersachsen,2018,"5,31"
LRB,14574,q_alo,Arbeitslosenquote,Bundesländer,03,Niedersachsen,2019,"5,04"
LRB,14574,q_alo,Arbeitslosenquote,Bundesländer,03,Niedersachsen,2020,"5,76"
LRB,14574,q_alo,Arbeitslosenquote,Bundesländer,03,Niedersachsen,2021,"5,54"
LRB,14574,q_alo,Arbeitslosenquote,Bundesländer,03,Niedersachsen,2022,"5,26"
LRB,14574,q_alo,Arbeitslosenquote,Bundesländer,03,Niedersachsen,2023,"5,72"
LRB,15125,q_bip_ew,Bruttoinlandsprodukt je Einwohner,Bundesländer,03,Niedersachsen,1995,"20,56"
LRB,15125,q_bip_ew,Bruttoinlandsprodukt je Einwohner,Bundesländer,03,Niedersachsen,1996,"20,68"
LRB,15125,q_bip_ew,Bruttoinlandsprodukt je Einwohner,Bundesländer,03,Niedersachsen,1997,"20,96"
LRB,15125,q_bip_ew,Bruttoinlandsprodukt je Einwohner,Bundesländer,03,Niedersachsen,1998,"21,58"
LRB,15125,q_bip_ew,Bruttoinlandsprodukt je Einwohner,Bundesländer,03,Niedersachsen,1999,"21,83"
LRB,15125,q_bip_ew,Bruttoinlandsprodukt je Einwohner,Bundesländer,03,Niedersachsen,2000,"23,18"
LRB,15125,q_bip_ew,Bruttoinlandsprodukt je Einwohner,Bundesländer,03,Niedersachsen,2001,"23,52"
LRB,15125,q_bip_ew,Bruttoinlandsprodukt je Einwohner,Bundesländer,03,Niedersachsen,2002,"23,32"
LRB,15125,q_bip_ew,Bruttoinlandsprodukt je Einwohner,Bundesländer,03,Niedersachsen,2003,"23,45"
LRB,15125,q_bip_ew,Bruttoinlandsprodukt je Einwohner,Bundesländer,03,Niedersachsen,2004,"24,03"
LRB,15125,q_bip_ew,Bruttoinlandsprodukt je Einwohner,Bundesländer,03,Niedersachsen,2005,"24,68"
LRB,15125,q_bip_ew,Bruttoinlandsprodukt je Einwohner,Bundesländer,03,Niedersachsen,2006,"25,91"
LRB,15125,q_bip_ew,Bruttoinlandsprodukt je Einwohner,Bundesländer,03,Niedersachsen,2007,"27,09"
LRB,15125,q_bip_ew,Bruttoinlandsprodukt je Einwohner,Bundesländer,03,Niedersachsen,2008,"27,92"
LRB,15125,q_bip_ew,Bruttoinlandsprodukt je Einwohner,Bundesländer,03,Niedersachsen,2009,"26,78"
LRB,15125,q_bip_ew,Bruttoinlandsprodukt je Einwohner,Bundesländer,03,Niedersachsen,2010,"28,51"
LRB,15125,q_bip_ew,Bruttoinlandsprodukt je Einwohner,Bundesländer,03,Niedersachsen,2011,"30,84"
LRB,15125,q_bip_ew,Bruttoinlandsprodukt je Einwohner,Bundesländer,03,Niedersachsen,2012,"31,47"
LRB,15125,q_bip_ew,Bruttoinlandsprodukt je Einwohner,Bundesländer,03,Niedersachsen,2013,"31,82"
LRB,15125,q_bip_ew,Bruttoinlandsprodukt je Einwohner,Bundesländer,03,Niedersachsen,2014,"33,10"
LRB,15125,q_bip_ew,Bruttoinlandsprodukt je Einwohner,Bundesländer,03,Niedersachsen,2015,"32,98"
LRB,15125,q_bip_ew,Bruttoinlandsprodukt je Einwohner,Bundesländer,03,Niedersachsen,2016,"35,32"
LRB,15125,q_bip_ew,Bruttoinlandsprodukt je Einwohner,Bundesländer,03,Niedersachsen,2017,"36,16"
LRB,15125,q_bip_ew,Bruttoinlandsprodukt je Einwohner,Bundesländer,03,Niedersachsen,2018,"37,28"
LRB,15125,q_bip_ew,Bruttoinlandsprodukt je Einwohner,Bundesländer,03,Niedersachsen,2019,"38,89"
LRB,15125,q_bip_ew,Bruttoinlandsprodukt je Einwohner,Bundesländer,03,Niedersachsen,2020,"37,96"
LRB,15125,q_bip_ew,Bruttoinlandsprodukt je Einwohner,Bundesländer,03,Niedersachsen,2021,"39,53"
LRB,15125,q_bip_ew,Bruttoinlandsprodukt je Einwohner,Bundesländer,03,Niedersachsen,2022,"42,60"
LRB,17508,q_svw,Beschäftigtenquote,Bundesländer,03,Niedersachsen,1997,"46,92"
LRB,17508,q_svw,Beschäftigtenquote,Bundesländer,03,Niedersachsen,1998,"46,85"
LRB,17508,q_svw,Beschäftigtenquote,Bundesländer,03,Niedersachsen,1999,"47,55"
LRB,17508,q_svw,Beschäftigtenquote,Bundesländer,03,Niedersachsen,2000,"48,44"
LRB,17508,q_svw,Beschäftigtenquote,Bundesländer,03,Niedersachsen,2001,"48,23"
LRB,17508,q_svw,Beschäftigtenquote,Bundesländer,03,Niedersachsen,2002,"48,10"
LRB,17508,q_svw,Beschäftigtenquote,Bundesländer,03,Niedersachsen,2003,"47,45"
LRB,17508,q_svw,Beschäftigtenquote,Bundesländer,03,Niedersachsen,2004,"46,94"
LRB,17508,q_svw,Beschäftigtenquote,Bundesländer,03,Niedersachsen,2005,"46,64"
LRB,17508,q_svw,Beschäftigtenquote,Bundesländer,03,Niedersachsen,2006,"47,21"
LRB,17508,q_svw,Beschäftigtenquote,Bundesländer,03,Niedersachsen,2007,"48,04"
LRB,17508,q_svw,Beschäftigtenquote,Bundesländer,03,Niedersachsen,2008,"49,38"
LRB,17508,q_svw,Beschäftigtenquote,Bundesländer,03,Niedersachsen,2009,"49,53"
LRB,17508,q_svw,Beschäftigtenquote,Bundesländer,03,Niedersachsen,2010,"50,08"
LRB,17508,q_svw,Beschäftigtenquote,Bundesländer,03,Niedersachsen,2011,"52,56"
LRB,17508,q_svw,Beschäftigtenquote,Bundesländer,03,Niedersachsen,2012,"53,75"
LRB,17508,q_svw,Beschäftigtenquote,Bundesländer,03,Niedersachsen,2013,"54,90"
LRB,17508,q_svw,Beschäftigtenquote,Bundesländer,03,Niedersachsen,2014,"55,83"
LRB,17508,q_svw,Beschäftigtenquote,Bundesländer,03,Niedersachsen,2015,"56,35"
LRB,17508,q_svw,Beschäftigtenquote,Bundesländer,03,Niedersachsen,2016,"57,53"
LRB,17508,q_svw,Beschäftigtenquote,Bundesländer,03,Niedersachsen,2017,"58,79"
LRB,17508,q_svw,Beschäftigtenquote,Bundesländer,03,Niedersachsen,2018,"60,08"
LRB,17508,q_svw,Beschäftigtenquote,Bundesländer,03,Niedersachsen,2019,"61,33"
LRB,17508,q_svw,Beschäftigtenquote,Bundesländer,03,Niedersachsen,2020,"61,73"
LRB,17508,q_svw,Beschäftigtenquote,Bundesländer,03,Niedersachsen,2021,"62,77"
LRB,17508,q_svw,Beschäftigtenquote,Bundesländer,03,Niedersachsen,2022,"64,46"
LRB,17508,q_svw,Beschäftigtenquote,Bundesländer,03,Niedersachsen,2023,"64,98"
LRB,12586,xbev,Bevölkerung gesamt,Bundesländer,03,Niedersachsen,1995,"7780422,00"
LRB,12586,xbev,Bevölkerung gesamt,Bundesländer,03,Niedersachsen,1996,"7815148,00"
LRB,12586,xbev,Bevölkerung gesamt,Bundesländer,03,Niedersachsen,1997,"7845398,00"
LRB,12586,xbev,Bevölkerung gesamt,Bundesländer,03,Niedersachsen,1998,"7865840,00"
LRB,12586,xbev,Bevölkerung gesamt,Bundesländer,03,Niedersachsen,1999,"7898760,00"
LRB,12586,xbev,Bevölkerung gesamt,Bundesländer,03,Niedersachsen,2000,"7926193,00"
LRB,12586,xbev,Bevölkerung gesamt,Bundesländer,03,Niedersachsen,2001,"7956416,00"
LRB,12586,xbev,Bevölkerung gesamt,Bundesländer,03,Niedersachsen,2002,"7980472,00"
LRB,12586,xbev,Bevölkerung gesamt,Bundesländer,03,Niedersachsen,2003,"7993415,00"
LRB,12586,xbev,Bevölkerung gesamt,Bundesländer,03,Niedersachsen,2004,"8000909,00"
LRB,12586,xbev,Bevölkerung gesamt,Bundesländer,03,Niedersachsen,2005,"7993946,00"
LRB,12586,xbev,Bevölkerung gesamt,Bundesländer,03,Niedersachsen,2006,"7982685,00"
LRB,12586,xbev,Bevölkerung gesamt,Bundesländer,03,Niedersachsen,2007,"7971684,00"
LRB,12586,xbev,Bevölkerung gesamt,Bundesländer,03,Niedersachsen,2008,"7947244,00"
LRB,12586,xbev,Bevölkerung gesamt,Bundesländer,03,Niedersachsen,2009,"7928815,00"
LRB,12586,xbev,Bevölkerung gesamt,Bundesländer,03,Niedersachsen,2010,"7918293,00"
LRB,12586,xbev,Bevölkerung gesamt,Bundesländer,03,Niedersachsen,2011,"7774253,00"
LRB,12586,xbev,Bevölkerung gesamt,Bundesländer,03,Niedersachsen,2012,"7778995,00"
LRB,12586,xbev,Bevölkerung gesamt,Bundesländer,03,Niedersachsen,2013,"7790559,00"
LRB,12586,xbev,Bevölkerung gesamt,Bundesländer,03,Niedersachsen,2014,"7826739,00"
LRB,12586,xbev,Bevölkerung gesamt,Bundesländer,03,Niedersachsen,2015,"7926599,00"
LRB,12586,xbev,Bevölkerung gesamt,Bundesländer,03,Niedersachsen,2016,"7945685,00"
LRB,12586,xbev,Bevölkerung gesamt,Bundesländer,03,Niedersachsen,2017,"7962775,00"
LRB,12586,xbev,Bevölkerung gesamt,Bundesländer,03,Niedersachsen,2018,"7982448,00"
LRB,12586,xbev,Bevölkerung gesamt,Bundesländer,03,Niedersachsen,2019,"7993608,00"
LRB,12586,xbev,Bevölkerung gesamt,Bundesländer,03,Niedersachsen,2020,"8003421,00"
LRB,12586,xbev,Bevölkerung gesamt,Bundesländer,03,Niedersachsen,2021,"8027031,00"
LRB,12586,xbev,Bevölkerung gesamt,Bundesländer,03,Niedersachsen,2022,"7982947,00"
LRB,12586,xbev,Bevölkerung gesamt,Bundesländer,03,Niedersachsen,2023,"8008135,00"
LRB,17274,a_bb_100Mbits,Bandbreitenverfügbarkeit mindestens 100 Mbit/s,Bundesländer,04,Bremen,2017,"92,74"
LRB,17274,a_bb_100Mbits,Bandbreitenverfügbarkeit mindestens 100 Mbit/s,Bundesländer,04,Bremen,2020,"97,49"
LRB,17274,a_bb_100Mbits,Bandbreitenverfügbarkeit mindestens 100 Mbit/s,Bundesländer,04,Bremen,2021,"97,87"
LRB,17274,a_bb_100Mbits,Bandbreitenverfügbarkeit mindestens 100 Mbit/s,Bundesländer,04,Bremen,2022,"96,45"
LRB,17274,a_bb_100Mbits,Bandbreitenverfügbarkeit mindestens 100 Mbit/s,Bundesländer,04,Bremen,2023,"97,97"
LRB,17524,a_sva_exp,Beschäftigte mit Anforderungsniveau Experte,Bundesländer,04,Bremen,2013,"13,27"
LRB,17524,a_sva_exp,Beschäftigte mit Anforderungsniveau Experte,Bundesländer,04,Bremen,2014,"13,32"
LRB,17524,a_sva_exp,Beschäftigte mit Anforderungsniveau Experte,Bundesländer,04,Bremen,2015,"13,36"
LRB,17524,a_sva_exp,Beschäftigte mit Anforderungsniveau Experte,Bundesländer,04,Bremen,2016,"13,34"
LRB,17524,a_sva_exp,Beschäftigte mit Anforderungsniveau Experte,Bundesländer,04,Bremen,2017,"13,48"
LRB,17524,a_sva_exp,Beschäftigte mit Anforderungsniveau Experte,Bundesländer,04,Bremen,2018,"13,72"
LRB,17524,a_sva_exp,Beschäftigte mit Anforderungsniveau Experte,Bundesländer,04,Bremen,2019,"13,99"
LRB,17524,a_sva_exp,Beschäftigte mit Anforderungsniveau Experte,Bundesländer,04,Bremen,2020,"14,44"
LRB,17524,a_sva_exp,Beschäftigte mit Anforderungsniveau Experte,Bundesländer,04,Bremen,2021,"14,72"
LRB,17524,a_sva_exp,Beschäftigte mit Anforderungsniveau Experte,Bundesländer,04,Bremen,2022,"14,84"
LRB,17524,a_sva_exp,Beschäftigte mit Anforderungsniveau Experte,Bundesländer,04,Bremen,2023,"15,20"
LRB,17806,a_svb_IT,Beschäftigte in IT- und naturwissenschaftlichen Dienstleistungsberufen,Bundesländer,04,Bremen,2013,"3,16"
LRB,17806,a_svb_IT,Beschäftigte in IT- und naturwissenschaftlichen Dienstleistungsberufen,Bundesländer,04,Bremen,2014,"3,21"
LRB,17806,a_svb_IT,Beschäftigte in IT- und naturwissenschaftlichen Dienstleistungsberufen,Bundesländer,04,Bremen,2015,"3,35"
LRB,17806,a_svb_IT,Beschäftigte in IT- und naturwissenschaftlichen Dienstleistungsberufen,Bundesländer,04,Bremen,2016,"3,40"
LRB,17806,a_svb_IT,Beschäftigte in IT- und naturwissenschaftlichen Dienstleistungsberufen,Bundesländer,04,Bremen,2017,"3,48"
LRB,17806,a_svb_IT,Beschäftigte in IT- und naturwissenschaftlichen Dienstleistungsberufen,Bundesländer,04,Bremen,2018,"3,61"
LRB,17806,a_svb_IT,Beschäftigte in IT- und naturwissenschaftlichen Dienstleistungsberufen,Bundesländer,04,Bremen,2019,"3,85"
LRB,17806,a_svb_IT,Beschäftigte in IT- und naturwissenschaftlichen Dienstleistungsberufen,Bundesländer,04,Bremen,2020,"4,09"
LRB,17806,a_svb_IT,Beschäftigte in IT- und naturwissenschaftlichen Dienstleistungsberufen,Bundesländer,04,Bremen,2021,"4,18"
LRB,17806,a_svb_IT,Beschäftigte in IT- und naturwissenschaftlichen Dienstleistungsberufen,Bundesländer,04,Bremen,2022,"4,36"
LRB,17806,a_svb_IT,Beschäftigte in IT- und naturwissenschaftlichen Dienstleistungsberufen,Bundesländer,04,Bremen,2023,"4,47"
LRB,17062,a_svb_wissen,Beschäftigte in wissensintensiven Industrien,Bundesländer,04,Bremen,2009,"11,58"
LRB,17062,a_svb_wissen,Beschäftigte in wissensintensiven Industrien,Bundesländer,04,Bremen,2010,"11,35"
LRB,17062,a_svb_wissen,Beschäftigte in wissensintensiven Industrien,Bundesländer,04,Bremen,2011,"11,36"
LRB,17062,a_svb_wissen,Beschäftigte in wissensintensiven Industrien,Bundesländer,04,Bremen,2012,"11,28"
LRB,17062,a_svb_wissen,Beschäftigte in wissensintensiven Industrien,Bundesländer,04,Bremen,2013,"8,90"
LRB,17062,a_svb_wissen,Beschäftigte in wissensintensiven Industrien,Bundesländer,04,Bremen,2014,"8,49"
LRB,17062,a_svb_wissen,Beschäftigte in wissensintensiven Industrien,Bundesländer,04,Bremen,2015,"8,53"
LRB,17062,a_svb_wissen,Beschäftigte in wissensintensiven Industrien,Bundesländer,04,Bremen,2016,"9,01"
LRB,17062,a_svb_wissen,Beschäftigte in wissensintensiven Industrien,Bundesländer,04,Bremen,2017,"8,75"
LRB,17062,a_svb_wissen,Beschäftigte in wissensintensiven Industrien,Bundesländer,04,Bremen,2018,"8,38"
LRB,17062,a_svb_wissen,Beschäftigte in wissensintensiven Industrien,Bundesländer,04,Bremen,2019,"8,16"
LRB,17062,a_svb_wissen,Beschäftigte in wissensintensiven Industrien,Bundesländer,04,Bremen,2020,"8,07"
LRB,17062,a_svb_wissen,Beschäftigte in wissensintensiven Industrien,Bundesländer,04,Bremen,2021,"7,80"
LRB,17062,a_svb_wissen,Beschäftigte in wissensintensiven Industrien,Bundesländer,04,Bremen,2022,"7,61"
LRB,17062,a_svb_wissen,Beschäftigte in wissensintensiven Industrien,Bundesländer,04,Bremen,2023,"7,52"
LRB,19147,e10_bev,Bevölkerungsentwicklung (10 Jahre),Bundesländer,04,Bremen,1995,"3,01"
LRB,19147,e10_bev,Bevölkerungsentwicklung (10 Jahre),Bundesländer,04,Bremen,1996,"3,61"
LRB,19147,e10_bev,Bevölkerungsentwicklung (10 Jahre),Bundesländer,04,Bremen,1997,"3,30"
LRB,19147,e10_bev,Bevölkerungsentwicklung (10 Jahre),Bundesländer,04,Bremen,1998,"0,90"
LRB,19147,e10_bev,Bevölkerungsentwicklung (10 Jahre),Bundesländer,04,Bremen,1999,"-1,58"
LRB,19147,e10_bev,Bevölkerungsentwicklung (10 Jahre),Bundesländer,04,Bremen,2000,"-3,15"
LRB,19147,e10_bev,Bevölkerungsentwicklung (10 Jahre),Bundesländer,04,Bremen,2001,"-3,52"
LRB,19147,e10_bev,Bevölkerungsentwicklung (10 Jahre),Bundesländer,04,Bremen,2002,"-3,46"
LRB,19147,e10_bev,Bevölkerungsentwicklung (10 Jahre),Bundesländer,04,Bremen,2003,"-2,92"
LRB,19147,e10_bev,Bevölkerungsentwicklung (10 Jahre),Bundesländer,04,Bremen,2004,"-2,47"
LRB,19147,e10_bev,Bevölkerungsentwicklung (10 Jahre),Bundesländer,04,Bremen,2005,"-2,40"
LRB,19147,e10_bev,Bevölkerungsentwicklung (10 Jahre),Bundesländer,04,Bremen,2006,"-2,03"
LRB,19147,e10_bev,Bevölkerungsentwicklung (10 Jahre),Bundesländer,04,Bremen,2007,"-1,60"
LRB,19147,e10_bev,Bevölkerungsentwicklung (10 Jahre),Bundesländer,04,Bremen,2008,"-0,91"
LRB,19147,e10_bev,Bevölkerungsentwicklung (10 Jahre),Bundesländer,04,Bremen,2009,"-0,20"
LRB,19147,e10_bev,Bevölkerungsentwicklung (10 Jahre),Bundesländer,04,Bremen,2010,"0,07"
LRB,19147,e10_bev,Bevölkerungsentwicklung (10 Jahre),Bundesländer,04,Bremen,2011,"-1,13"
LRB,19147,e10_bev,Bevölkerungsentwicklung (10 Jahre),Bundesländer,04,Bremen,2012,"-1,11"
LRB,19147,e10_bev,Bevölkerungsentwicklung (10 Jahre),Bundesländer,04,Bremen,2013,"-0,87"
LRB,19147,e10_bev,Bevölkerungsentwicklung (10 Jahre),Bundesländer,04,Bremen,2014,"-0,20"
LRB,19147,e10_bev,Bevölkerungsentwicklung (10 Jahre),Bundesländer,04,Bremen,2015,"1,21"
LRB,19147,e10_bev,Bevölkerungsentwicklung (10 Jahre),Bundesländer,04,Bremen,2016,"2,23"
LRB,19147,e10_bev,Bevölkerungsentwicklung (10 Jahre),Bundesländer,04,Bremen,2017,"2,71"
LRB,19147,e10_bev,Bevölkerungsentwicklung (10 Jahre),Bundesländer,04,Bremen,2018,"3,19"
LRB,19147,e10_bev,Bevölkerungsentwicklung (10 Jahre),Bundesländer,04,Bremen,2019,"2,94"
LRB,19147,e10_bev,Bevölkerungsentwicklung (10 Jahre),Bundesländer,04,Bremen,2020,"2,94"
LRB,19147,e10_bev,Bevölkerungsentwicklung (10 Jahre),Bundesländer,04,Bremen,2021,"3,72"
LRB,19147,e10_bev,Bevölkerungsentwicklung (10 Jahre),Bundesländer,04,Bremen,2022,"6,26"
LRB,19147,e10_bev,Bevölkerungsentwicklung (10 Jahre),Bundesländer,04,Bremen,2023,"6,89"
LRB,15490,i_wans,Gesamtwanderungssaldo,Bundesländer,04,Bremen,1995,"2,47"
LRB,15490,i_wans,Gesamtwanderungssaldo,Bundesländer,04,Bremen,1996,"-0,78"
LRB,15490,i_wans,Gesamtwanderungssaldo,Bundesländer,04,Bremen,1997,"-3,70"
LRB,15490,i_wans,Gesamtwanderungssaldo,Bundesländer,04,Bremen,1998,"-6,65"
LRB,15490,i_wans,Gesamtwanderungssaldo,Bundesländer,04,Bremen,1999,"-5,02"
LRB,15490,i_wans,Gesamtwanderungssaldo,Bundesländer,04,Bremen,2000,"-1,93"
LRB,15490,i_wans,Gesamtwanderungssaldo,Bundesländer,04,Bremen,2001,"1,62"
LRB,15490,i_wans,Gesamtwanderungssaldo,Bundesländer,04,Bremen,2002,"6,99"
LRB,15490,i_wans,Gesamtwanderungssaldo,Bundesländer,04,Bremen,2003,"4,69"
LRB,15490,i_wans,Gesamtwanderungssaldo,Bundesländer,04,Bremen,2004,"3,68"
LRB,15490,i_wans,Gesamtwanderungssaldo,Bundesländer,04,Bremen,2005,"3,29"
LRB,15490,i_wans,Gesamtwanderungssaldo,Bundesländer,04,Bremen,2006,"3,29"
LRB,15490,i_wans,Gesamtwanderungssaldo,Bundesländer,04,Bremen,2007,"1,20"
LRB,15490,i_wans,Gesamtwanderungssaldo,Bundesländer,04,Bremen,2008,"0,85"
LRB,15490,i_wans,Gesamtwanderungssaldo,Bundesländer,04,Bremen,2009,"3,03"
LRB,15490,i_wans,Gesamtwanderungssaldo,Bundesländer,04,Bremen,2010,"1,35"
LRB,15490,i_wans,Gesamtwanderungssaldo,Bundesländer,04,Bremen,2011,"4,15"
LRB,15490,i_wans,Gesamtwanderungssaldo,Bundesländer,04,Bremen,2012,"6,27"
LRB,15490,i_wans,Gesamtwanderungssaldo,Bundesländer,04,Bremen,2013,"6,91"
LRB,15490,i_wans,Gesamtwanderungssaldo,Bundesländer,04,Bremen,2014,"7,66"
LRB,15490,i_wans,Gesamtwanderungssaldo,Bundesländer,04,Bremen,2015,"15,58"
LRB,15490,i_wans,Gesamtwanderungssaldo,Bundesländer,04,Bremen,2016,"12,65"
LRB,15490,i_wans,Gesamtwanderungssaldo,Bundesländer,04,Bremen,2017,"4,80"
LRB,15490,i_wans,Gesamtwanderungssaldo,Bundesländer,04,Bremen,2018,"4,92"
LRB,15490,i_wans,Gesamtwanderungssaldo,Bundesländer,04,Bremen,2019,"-1,14"
LRB,15490,i_wans,Gesamtwanderungssaldo,Bundesländer,04,Bremen,2020,"0,72"
LRB,15490,i_wans,Gesamtwanderungssaldo,Bundesländer,04,Bremen,2021,"-3,04"
LRB,15490,i_wans,Gesamtwanderungssaldo,Bundesländer,04,Bremen,2022,"15,10"
LRB,15490,i_wans,Gesamtwanderungssaldo,Bundesländer,04,Bremen,2023,"12,65"
LRB,20292,m_ek_akad,Medianeinkommen akademischer Berufsabschluss,Bundesländer,04,Bremen,2014,"4989,68"
LRB,20292,m_ek_akad,Medianeinkommen akademischer Berufsabschluss,Bundesländer,04,Bremen,2015,"4994,01"
LRB,20292,m_ek_akad,Medianeinkommen akademischer Berufsabschluss,Bundesländer,04,Bremen,2016,"4990,86"
LRB,20292,m_ek_akad,Medianeinkommen akademischer Berufsabschluss,Bundesländer,04,Bremen,2017,"5033,87"
LRB,20292,m_ek_akad,Medianeinkommen akademischer Berufsabschluss,Bundesländer,04,Bremen,2018,"5092,23"
LRB,20292,m_ek_akad,Medianeinkommen akademischer Berufsabschluss,Bundesländer,04,Bremen,2019,"5159,81"
LRB,20292,m_ek_akad,Medianeinkommen akademischer Berufsabschluss,Bundesländer,04,Bremen,2020,"5179,24"
LRB,20292,m_ek_akad,Medianeinkommen akademischer Berufsabschluss,Bundesländer,04,Bremen,2021,"5240,97"
LRB,20292,m_ek_akad,Medianeinkommen akademischer Berufsabschluss,Bundesländer,04,Bremen,2022,"5364,98"
LRB,20292,m_ek_akad,Medianeinkommen akademischer Berufsabschluss,Bundesländer,04,Bremen,2023,"5535,96"
LRB,20067,m_mietpr,Angebotsmietpreise,Bundesländer,04,Bremen,2010,"6,00"
LRB,20067,m_mietpr,Angebotsmietpreise,Bundesländer,04,Bremen,2011,"6,00"
LRB,20067,m_mietpr,Angebotsmietpreise,Bundesländer,04,Bremen,2012,"6,00"
LRB,20067,m_mietpr,Angebotsmietpreise,Bundesländer,04,Bremen,2013,"6,00"
LRB,20067,m_mietpr,Angebotsmietpreise,Bundesländer,04,Bremen,2014,"6,00"
LRB,20067,m_mietpr,Angebotsmietpreise,Bundesländer,04,Bremen,2015,"6,00"
LRB,20067,m_mietpr,Angebotsmietpreise,Bundesländer,04,Bremen,2016,"7,00"
LRB,20067,m_mietpr,Angebotsmietpreise,Bundesländer,04,Bremen,2017,"7,00"
LRB,20067,m_mietpr,Angebotsmietpreise,Bundesländer,04,Bremen,2018,"8,00"
LRB,20067,m_mietpr,Angebotsmietpreise,Bundesländer,04,Bremen,2019,"8,00"
LRB,20067,m_mietpr,Angebotsmietpreise,Bundesländer,04,Bremen,2020,"8,00"
LRB,20067,m_mietpr,Angebotsmietpreise,Bundesländer,04,Bremen,2021,"8,00"
LRB,20067,m_mietpr,Angebotsmietpreise,Bundesländer,04,Bremen,2022,"9,00"
LRB,20067,m_mietpr,Angebotsmietpreise,Bundesländer,04,Bremen,2023,"9,00"
LRB,20067,m_mietpr,Angebotsmietpreise,Bundesländer,04,Bremen,2024,"10,00"
LRB,14574,q_alo,Arbeitslosenquote,Bundesländer,04,Bremen,1998,"15,17"
LRB,14574,q_alo,Arbeitslosenquote,Bundesländer,04,Bremen,1999,"14,33"
LRB,14574,q_alo,Arbeitslosenquote,Bundesländer,04,Bremen,2000,"13,02"
LRB,14574,q_alo,Arbeitslosenquote,Bundesländer,04,Bremen,2001,"12,41"
LRB,14574,q_alo,Arbeitslosenquote,Bundesländer,04,Bremen,2002,"12,51"
LRB,14574,q_alo,Arbeitslosenquote,Bundesländer,04,Bremen,2003,"13,19"
LRB,14574,q_alo,Arbeitslosenquote,Bundesländer,04,Bremen,2004,"13,27"
LRB,14574,q_alo,Arbeitslosenquote,Bundesländer,04,Bremen,2005,"16,76"
LRB,14574,q_alo,Arbeitslosenquote,Bundesländer,04,Bremen,2006,"14,86"
LRB,14574,q_alo,Arbeitslosenquote,Bundesländer,04,Bremen,2007,"12,80"
LRB,14574,q_alo,Arbeitslosenquote,Bundesländer,04,Bremen,2008,"11,43"
LRB,14574,q_alo,Arbeitslosenquote,Bundesländer,04,Bremen,2009,"11,82"
LRB,14574,q_alo,Arbeitslosenquote,Bundesländer,04,Bremen,2010,"11,98"
LRB,14574,q_alo,Arbeitslosenquote,Bundesländer,04,Bremen,2011,"11,65"
LRB,14574,q_alo,Arbeitslosenquote,Bundesländer,04,Bremen,2012,"11,22"
LRB,14574,q_alo,Arbeitslosenquote,Bundesländer,04,Bremen,2013,"11,12"
LRB,14574,q_alo,Arbeitslosenquote,Bundesländer,04,Bremen,2014,"10,89"
LRB,14574,q_alo,Arbeitslosenquote,Bundesländer,04,Bremen,2015,"10,92"
LRB,14574,q_alo,Arbeitslosenquote,Bundesländer,04,Bremen,2016,"10,52"
LRB,14574,q_alo,Arbeitslosenquote,Bundesländer,04,Bremen,2017,"10,23"
LRB,14574,q_alo,Arbeitslosenquote,Bundesländer,04,Bremen,2018,"9,84"
LRB,14574,q_alo,Arbeitslosenquote,Bundesländer,04,Bremen,2019,"9,93"
LRB,14574,q_alo,Arbeitslosenquote,Bundesländer,04,Bremen,2020,"11,19"
LRB,14574,q_alo,Arbeitslosenquote,Bundesländer,04,Bremen,2021,"10,72"
LRB,14574,q_alo,Arbeitslosenquote,Bundesländer,04,Bremen,2022,"10,18"
LRB,14574,q_alo,Arbeitslosenquote,Bundesländer,04,Bremen,2023,"10,64"
LRB,15125,q_bip_ew,Bruttoinlandsprodukt je Einwohner,Bundesländer,04,Bremen,1995,"29,93"
LRB,15125,q_bip_ew,Bruttoinlandsprodukt je Einwohner,Bundesländer,04,Bremen,1996,"30,05"
LRB,15125,q_bip_ew,Bruttoinlandsprodukt je Einwohner,Bundesländer,04,Bremen,1997,"31,32"
LRB,15125,q_bip_ew,Bruttoinlandsprodukt je Einwohner,Bundesländer,04,Bremen,1998,"31,92"
LRB,15125,q_bip_ew,Bruttoinlandsprodukt je Einwohner,Bundesländer,04,Bremen,1999,"32,15"
LRB,15125,q_bip_ew,Bruttoinlandsprodukt je Einwohner,Bundesländer,04,Bremen,2000,"33,76"
LRB,15125,q_bip_ew,Bruttoinlandsprodukt je Einwohner,Bundesländer,04,Bremen,2001,"34,98"
LRB,15125,q_bip_ew,Bruttoinlandsprodukt je Einwohner,Bundesländer,04,Bremen,2002,"35,73"
LRB,15125,q_bip_ew,Bruttoinlandsprodukt je Einwohner,Bundesländer,04,Bremen,2003,"36,60"
LRB,15125,q_bip_ew,Bruttoinlandsprodukt je Einwohner,Bundesländer,04,Bremen,2004,"36,86"
LRB,15125,q_bip_ew,Bruttoinlandsprodukt je Einwohner,Bundesländer,04,Bremen,2005,"37,45"
LRB,15125,q_bip_ew,Bruttoinlandsprodukt je Einwohner,Bundesländer,04,Bremen,2006,"39,27"
LRB,15125,q_bip_ew,Bruttoinlandsprodukt je Einwohner,Bundesländer,04,Bremen,2007,"40,70"
LRB,15125,q_bip_ew,Bruttoinlandsprodukt je Einwohner,Bundesländer,04,Bremen,2008,"41,28"
LRB,15125,q_bip_ew,Bruttoinlandsprodukt je Einwohner,Bundesländer,04,Bremen,2009,"37,63"
LRB,15125,q_bip_ew,Bruttoinlandsprodukt je Einwohner,Bundesländer,04,Bremen,2010,"39,89"
LRB,15125,q_bip_ew,Bruttoinlandsprodukt je Einwohner,Bundesländer,04,Bremen,2011,"41,78"
LRB,15125,q_bip_ew,Bruttoinlandsprodukt je Einwohner,Bundesländer,04,Bremen,2012,"43,55"
LRB,15125,q_bip_ew,Bruttoinlandsprodukt je Einwohner,Bundesländer,04,Bremen,2013,"43,85"
LRB,15125,q_bip_ew,Bruttoinlandsprodukt je Einwohner,Bundesländer,04,Bremen,2014,"45,02"
LRB,15125,q_bip_ew,Bruttoinlandsprodukt je Einwohner,Bundesländer,04,Bremen,2015,"45,41"
LRB,15125,q_bip_ew,Bruttoinlandsprodukt je Einwohner,Bundesländer,04,Bremen,2016,"46,20"
LRB,15125,q_bip_ew,Bruttoinlandsprodukt je Einwohner,Bundesländer,04,Bremen,2017,"47,56"
LRB,15125,q_bip_ew,Bruttoinlandsprodukt je Einwohner,Bundesländer,04,Bremen,2018,"48,21"
LRB,15125,q_bip_ew,Bruttoinlandsprodukt je Einwohner,Bundesländer,04,Bremen,2019,"48,69"
LRB,15125,q_bip_ew,Bruttoinlandsprodukt je Einwohner,Bundesländer,04,Bremen,2020,"47,27"
LRB,15125,q_bip_ew,Bruttoinlandsprodukt je Einwohner,Bundesländer,04,Bremen,2021,"51,48"
LRB,15125,q_bip_ew,Bruttoinlandsprodukt je Einwohner,Bundesländer,04,Bremen,2022,"53,32"
LRB,17508,q_svw,Beschäftigtenquote,Bundesländer,04,Bremen,1997,"44,28"
LRB,17508,q_svw,Beschäftigtenquote,Bundesländer,04,Bremen,1998,"43,94"
LRB,17508,q_svw,Beschäftigtenquote,Bundesländer,04,Bremen,1999,"45,03"
LRB,17508,q_svw,Beschäftigtenquote,Bundesländer,04,Bremen,2000,"45,87"
LRB,17508,q_svw,Beschäftigtenquote,Bundesländer,04,Bremen,2001,"46,36"
LRB,17508,q_svw,Beschäftigtenquote,Bundesländer,04,Bremen,2002,"45,63"
LRB,17508,q_svw,Beschäftigtenquote,Bundesländer,04,Bremen,2003,"44,56"
LRB,17508,q_svw,Beschäftigtenquote,Bundesländer,04,Bremen,2004,"43,55"
LRB,17508,q_svw,Beschäftigtenquote,Bundesländer,04,Bremen,2005,"42,75"
LRB,17508,q_svw,Beschäftigtenquote,Bundesländer,04,Bremen,2006,"43,08"
LRB,17508,q_svw,Beschäftigtenquote,Bundesländer,04,Bremen,2007,"44,48"
LRB,17508,q_svw,Beschäftigtenquote,Bundesländer,04,Bremen,2008,"45,93"
LRB,17508,q_svw,Beschäftigtenquote,Bundesländer,04,Bremen,2009,"45,78"
LRB,17508,q_svw,Beschäftigtenquote,Bundesländer,04,Bremen,2010,"46,34"
LRB,17508,q_svw,Beschäftigtenquote,Bundesländer,04,Bremen,2011,"48,28"
LRB,17508,q_svw,Beschäftigtenquote,Bundesländer,04,Bremen,2012,"49,10"
LRB,17508,q_svw,Beschäftigtenquote,Bundesländer,04,Bremen,2013,"49,90"
LRB,17508,q_svw,Beschäftigtenquote,Bundesländer,04,Bremen,2014,"50,78"
LRB,17508,q_svw,Beschäftigtenquote,Bundesländer,04,Bremen,2015,"51,26"
LRB,17508,q_svw,Beschäftigtenquote,Bundesländer,04,Bremen,2016,"52,27"
LRB,17508,q_svw,Beschäftigtenquote,Bundesländer,04,Bremen,2017,"53,78"
LRB,17508,q_svw,Beschäftigtenquote,Bundesländer,04,Bremen,2018,"54,72"
LRB,17508,q_svw,Beschäftigtenquote,Bundesländer,04,Bremen,2019,"56,25"
LRB,17508,q_svw,Beschäftigtenquote,Bundesländer,04,Bremen,2020,"56,55"
LRB,17508,q_svw,Beschäftigtenquote,Bundesländer,04,Bremen,2021,"58,41"
LRB,17508,q_svw,Beschäftigtenquote,Bundesländer,04,Bremen,2022,"57,77"
LRB,17508,q_svw,Beschäftigtenquote,Bundesländer,04,Bremen,2023,"57,55"
LRB,12586,xbev,Bevölkerung gesamt,Bundesländer,04,Bremen,1995,"679757,00"
LRB,12586,xbev,Bevölkerung gesamt,Bundesländer,04,Bremen,1996,"677770,00"
LRB,12586,xbev,Bevölkerung gesamt,Bundesländer,04,Bremen,1997,"673883,00"
LRB,12586,xbev,Bevölkerung gesamt,Bundesländer,04,Bremen,1998,"667965,00"
LRB,12586,xbev,Bevölkerung gesamt,Bundesländer,04,Bremen,1999,"663065,00"
LRB,12586,xbev,Bevölkerung gesamt,Bundesländer,04,Bremen,2000,"660225,00"
LRB,12586,xbev,Bevölkerung gesamt,Bundesländer,04,Bremen,2001,"659651,00"
LRB,12586,xbev,Bevölkerung gesamt,Bundesländer,04,Bremen,2002,"662098,00"
LRB,12586,xbev,Bevölkerung gesamt,Bundesländer,04,Bremen,2003,"663129,00"
LRB,12586,xbev,Bevölkerung gesamt,Bundesländer,04,Bremen,2004,"663213,00"
LRB,12586,xbev,Bevölkerung gesamt,Bundesländer,04,Bremen,2005,"663467,00"
LRB,12586,xbev,Bevölkerung gesamt,Bundesländer,04,Bremen,2006,"663979,00"
LRB,12586,xbev,Bevölkerung gesamt,Bundesländer,04,Bremen,2007,"663082,00"
LRB,12586,xbev,Bevölkerung gesamt,Bundesländer,04,Bremen,2008,"661866,00"
LRB,12586,xbev,Bevölkerung gesamt,Bundesländer,04,Bremen,2009,"661716,00"
LRB,12586,xbev,Bevölkerung gesamt,Bundesländer,04,Bremen,2010,"660706,00"
LRB,12586,xbev,Bevölkerung gesamt,Bundesländer,04,Bremen,2011,"652182,00"
LRB,12586,xbev,Bevölkerung gesamt,Bundesländer,04,Bremen,2012,"654774,00"
LRB,12586,xbev,Bevölkerung gesamt,Bundesländer,04,Bremen,2013,"657391,00"
LRB,12586,xbev,Bevölkerung gesamt,Bundesländer,04,Bremen,2014,"661888,00"
LRB,12586,xbev,Bevölkerung gesamt,Bundesländer,04,Bremen,2015,"671489,00"
LRB,12586,xbev,Bevölkerung gesamt,Bundesländer,04,Bremen,2016,"678753,00"
LRB,12586,xbev,Bevölkerung gesamt,Bundesländer,04,Bremen,2017,"681032,00"
LRB,12586,xbev,Bevölkerung gesamt,Bundesländer,04,Bremen,2018,"682986,00"
LRB,12586,xbev,Bevölkerung gesamt,Bundesländer,04,Bremen,2019,"681202,00"
LRB,12586,xbev,Bevölkerung gesamt,Bundesländer,04,Bremen,2020,"680130,00"
LRB,12586,xbev,Bevölkerung gesamt,Bundesländer,04,Bremen,2021,"676463,00"
LRB,12586,xbev,Bevölkerung gesamt,Bundesländer,04,Bremen,2022,"695758,00"
LRB,12586,xbev,Bevölkerung gesamt,Bundesländer,04,Bremen,2023,"702655,00"
LRB,17274,a_bb_100Mbits,Bandbreitenverfügbarkeit mindestens 100 Mbit/s,Bundesländer,05,Nordrhein-Westfalen,2017,"72,18"
LRB,17274,a_bb_100Mbits,Bandbreitenverfügbarkeit mindestens 100 Mbit/s,Bundesländer,05,Nordrhein-Westfalen,2020,"92,41"
LRB,17274,a_bb_100Mbits,Bandbreitenverfügbarkeit mindestens 100 Mbit/s,Bundesländer,05,Nordrhein-Westfalen,2021,"93,20"
LRB,17274,a_bb_100Mbits,Bandbreitenverfügbarkeit mindestens 100 Mbit/s,Bundesländer,05,Nordrhein-Westfalen,2022,"93,84"
LRB,17274,a_bb_100Mbits,Bandbreitenverfügbarkeit mindestens 100 Mbit/s,Bundesländer,05,Nordrhein-Westfalen,2023,"96,69"
LRB,17524,a_sva_exp,Beschäftigte mit Anforderungsniveau Experte,Bundesländer,05,Nordrhein-Westfalen,2013,"12,18"
LRB,17524,a_sva_exp,Beschäftigte mit Anforderungsniveau Experte,Bundesländer,05,Nordrhein-Westfalen,2014,"12,21"
LRB,17524,a_sva_exp,Beschäftigte mit Anforderungsniveau Experte,Bundesländer,05,Nordrhein-Westfalen,2015,"12,23"
LRB,17524,a_sva_exp,Beschäftigte mit Anforderungsniveau Experte,Bundesländer,05,Nordrhein-Westfalen,2016,"12,32"
LRB,17524,a_sva_exp,Beschäftigte mit Anforderungsniveau Experte,Bundesländer,05,Nordrhein-Westfalen,2017,"12,42"
LRB,17524,a_sva_exp,Beschäftigte mit Anforderungsniveau Experte,Bundesländer,05,Nordrhein-Westfalen,2018,"12,56"
LRB,17524,a_sva_exp,Beschäftigte mit Anforderungsniveau Experte,Bundesländer,05,Nordrhein-Westfalen,2019,"12,79"
LRB,17524,a_sva_exp,Beschäftigte mit Anforderungsniveau Experte,Bundesländer,05,Nordrhein-Westfalen,2020,"13,04"
LRB,17524,a_sva_exp,Beschäftigte mit Anforderungsniveau Experte,Bundesländer,05,Nordrhein-Westfalen,2021,"13,13"
LRB,17524,a_sva_exp,Beschäftigte mit Anforderungsniveau Experte,Bundesländer,05,Nordrhein-Westfalen,2022,"13,33"
LRB,17524,a_sva_exp,Beschäftigte mit Anforderungsniveau Experte,Bundesländer,05,Nordrhein-Westfalen,2023,"13,45"
LRB,17806,a_svb_IT,Beschäftigte in IT- und naturwissenschaftlichen Dienstleistungsberufen,Bundesländer,05,Nordrhein-Westfalen,2013,"3,78"
LRB,17806,a_svb_IT,Beschäftigte in IT- und naturwissenschaftlichen Dienstleistungsberufen,Bundesländer,05,Nordrhein-Westfalen,2014,"3,83"
LRB,17806,a_svb_IT,Beschäftigte in IT- und naturwissenschaftlichen Dienstleistungsberufen,Bundesländer,05,Nordrhein-Westfalen,2015,"3,81"
LRB,17806,a_svb_IT,Beschäftigte in IT- und naturwissenschaftlichen Dienstleistungsberufen,Bundesländer,05,Nordrhein-Westfalen,2016,"3,81"
LRB,17806,a_svb_IT,Beschäftigte in IT- und naturwissenschaftlichen Dienstleistungsberufen,Bundesländer,05,Nordrhein-Westfalen,2017,"3,86"
LRB,17806,a_svb_IT,Beschäftigte in IT- und naturwissenschaftlichen Dienstleistungsberufen,Bundesländer,05,Nordrhein-Westfalen,2018,"3,95"
LRB,17806,a_svb_IT,Beschäftigte in IT- und naturwissenschaftlichen Dienstleistungsberufen,Bundesländer,05,Nordrhein-Westfalen,2019,"4,05"
LRB,17806,a_svb_IT,Beschäftigte in IT- und naturwissenschaftlichen Dienstleistungsberufen,Bundesländer,05,Nordrhein-Westfalen,2020,"4,18"
LRB,17806,a_svb_IT,Beschäftigte in IT- und naturwissenschaftlichen Dienstleistungsberufen,Bundesländer,05,Nordrhein-Westfalen,2021,"4,24"
LRB,17806,a_svb_IT,Beschäftigte in IT- und naturwissenschaftlichen Dienstleistungsberufen,Bundesländer,05,Nordrhein-Westfalen,2022,"4,37"
LRB,17806,a_svb_IT,Beschäftigte in IT- und naturwissenschaftlichen Dienstleistungsberufen,Bundesländer,05,Nordrhein-Westfalen,2023,"4,50"
LRB,17062,a_svb_wissen,Beschäftigte in wissensintensiven Industrien,Bundesländer,05,Nordrhein-Westfalen,2009,"9,44"
LRB,17062,a_svb_wissen,Beschäftigte in wissensintensiven Industrien,Bundesländer,05,Nordrhein-Westfalen,2010,"9,11"
LRB,17062,a_svb_wissen,Beschäftigte in wissensintensiven Industrien,Bundesländer,05,Nordrhein-Westfalen,2011,"9,05"
LRB,17062,a_svb_wissen,Beschäftigte in wissensintensiven Industrien,Bundesländer,05,Nordrhein-Westfalen,2012,"9,00"
LRB,17062,a_svb_wissen,Beschäftigte in wissensintensiven Industrien,Bundesländer,05,Nordrhein-Westfalen,2013,"8,79"
LRB,17062,a_svb_wissen,Beschäftigte in wissensintensiven Industrien,Bundesländer,05,Nordrhein-Westfalen,2014,"8,66"
LRB,17062,a_svb_wissen,Beschäftigte in wissensintensiven Industrien,Bundesländer,05,Nordrhein-Westfalen,2015,"8,48"
LRB,17062,a_svb_wissen,Beschäftigte in wissensintensiven Industrien,Bundesländer,05,Nordrhein-Westfalen,2016,"8,41"
LRB,17062,a_svb_wissen,Beschäftigte in wissensintensiven Industrien,Bundesländer,05,Nordrhein-Westfalen,2017,"8,15"
LRB,17062,a_svb_wissen,Beschäftigte in wissensintensiven Industrien,Bundesländer,05,Nordrhein-Westfalen,2018,"8,12"
LRB,17062,a_svb_wissen,Beschäftigte in wissensintensiven Industrien,Bundesländer,05,Nordrhein-Westfalen,2019,"8,09"
LRB,17062,a_svb_wissen,Beschäftigte in wissensintensiven Industrien,Bundesländer,05,Nordrhein-Westfalen,2020,"7,86"
LRB,17062,a_svb_wissen,Beschäftigte in wissensintensiven Industrien,Bundesländer,05,Nordrhein-Westfalen,2021,"7,59"
LRB,17062,a_svb_wissen,Beschäftigte in wissensintensiven Industrien,Bundesländer,05,Nordrhein-Westfalen,2022,"7,39"
LRB,17062,a_svb_wissen,Beschäftigte in wissensintensiven Industrien,Bundesländer,05,Nordrhein-Westfalen,2023,"7,42"
LRB,19147,e10_bev,Bevölkerungsentwicklung (10 Jahre),Bundesländer,05,Nordrhein-Westfalen,1995,"7,31"
LRB,19147,e10_bev,Bevölkerungsentwicklung (10 Jahre),Bundesländer,05,Nordrhein-Westfalen,1996,"7,62"
LRB,19147,e10_bev,Bevölkerungsentwicklung (10 Jahre),Bundesländer,05,Nordrhein-Westfalen,1997,"7,61"
LRB,19147,e10_bev,Bevölkerungsentwicklung (10 Jahre),Bundesländer,05,Nordrhein-Westfalen,1998,"6,53"
LRB,19147,e10_bev,Bevölkerungsentwicklung (10 Jahre),Bundesländer,05,Nordrhein-Westfalen,1999,"5,24"
LRB,19147,e10_bev,Bevölkerungsentwicklung (10 Jahre),Bundesländer,05,Nordrhein-Westfalen,2000,"3,81"
LRB,19147,e10_bev,Bevölkerungsentwicklung (10 Jahre),Bundesländer,05,Nordrhein-Westfalen,2001,"3,10"
LRB,19147,e10_bev,Bevölkerungsentwicklung (10 Jahre),Bundesländer,05,Nordrhein-Westfalen,2002,"2,25"
LRB,19147,e10_bev,Bevölkerungsentwicklung (10 Jahre),Bundesländer,05,Nordrhein-Westfalen,2003,"1,80"
LRB,19147,e10_bev,Bevölkerungsentwicklung (10 Jahre),Bundesländer,05,Nordrhein-Westfalen,2004,"1,46"
LRB,19147,e10_bev,Bevölkerungsentwicklung (10 Jahre),Bundesländer,05,Nordrhein-Westfalen,2005,"0,92"
LRB,19147,e10_bev,Bevölkerungsentwicklung (10 Jahre),Bundesländer,05,Nordrhein-Westfalen,2006,"0,45"
LRB,19147,e10_bev,Bevölkerungsentwicklung (10 Jahre),Bundesländer,05,Nordrhein-Westfalen,2007,"0,12"
LRB,19147,e10_bev,Bevölkerungsentwicklung (10 Jahre),Bundesländer,05,Nordrhein-Westfalen,2008,"-0,24"
LRB,19147,e10_bev,Bevölkerungsentwicklung (10 Jahre),Bundesländer,05,Nordrhein-Westfalen,2009,"-0,71"
LRB,19147,e10_bev,Bevölkerungsentwicklung (10 Jahre),Bundesländer,05,Nordrhein-Westfalen,2010,"-0,91"
LRB,19147,e10_bev,Bevölkerungsentwicklung (10 Jahre),Bundesländer,05,Nordrhein-Westfalen,2011,"-2,81"
LRB,19147,e10_bev,Bevölkerungsentwicklung (10 Jahre),Bundesländer,05,Nordrhein-Westfalen,2012,"-2,89"
LRB,19147,e10_bev,Bevölkerungsentwicklung (10 Jahre),Bundesländer,05,Nordrhein-Westfalen,2013,"-2,81"
LRB,19147,e10_bev,Bevölkerungsentwicklung (10 Jahre),Bundesländer,05,Nordrhein-Westfalen,2014,"-2,42"
LRB,19147,e10_bev,Bevölkerungsentwicklung (10 Jahre),Bundesländer,05,Nordrhein-Westfalen,2015,"-1,07"
LRB,19147,e10_bev,Bevölkerungsentwicklung (10 Jahre),Bundesländer,05,Nordrhein-Westfalen,2016,"-0,77"
LRB,19147,e10_bev,Bevölkerungsentwicklung (10 Jahre),Bundesländer,05,Nordrhein-Westfalen,2017,"-0,47"
LRB,19147,e10_bev,Bevölkerungsentwicklung (10 Jahre),Bundesländer,05,Nordrhein-Westfalen,2018,"0,00"
LRB,19147,e10_bev,Bevölkerungsentwicklung (10 Jahre),Bundesländer,05,Nordrhein-Westfalen,2019,"0,42"
LRB,19147,e10_bev,Bevölkerungsentwicklung (10 Jahre),Bundesländer,05,Nordrhein-Westfalen,2020,"0,45"
LRB,19147,e10_bev,Bevölkerungsentwicklung (10 Jahre),Bundesländer,05,Nordrhein-Westfalen,2021,"2,16"
LRB,19147,e10_bev,Bevölkerungsentwicklung (10 Jahre),Bundesländer,05,Nordrhein-Westfalen,2022,"2,34"
LRB,19147,e10_bev,Bevölkerungsentwicklung (10 Jahre),Bundesländer,05,Nordrhein-Westfalen,2023,"2,54"
LRB,15490,i_wans,Gesamtwanderungssaldo,Bundesländer,05,Nordrhein-Westfalen,1995,"4,89"
LRB,15490,i_wans,Gesamtwanderungssaldo,Bundesländer,05,Nordrhein-Westfalen,1996,"3,38"
LRB,15490,i_wans,Gesamtwanderungssaldo,Bundesländer,05,Nordrhein-Westfalen,1997,"1,46"
LRB,15490,i_wans,Gesamtwanderungssaldo,Bundesländer,05,Nordrhein-Westfalen,1998,"0,44"
LRB,15490,i_wans,Gesamtwanderungssaldo,Bundesländer,05,Nordrhein-Westfalen,1999,"2,03"
LRB,15490,i_wans,Gesamtwanderungssaldo,Bundesländer,05,Nordrhein-Westfalen,2000,"1,26"
LRB,15490,i_wans,Gesamtwanderungssaldo,Bundesländer,05,Nordrhein-Westfalen,2001,"3,29"
LRB,15490,i_wans,Gesamtwanderungssaldo,Bundesländer,05,Nordrhein-Westfalen,2002,"2,72"
LRB,15490,i_wans,Gesamtwanderungssaldo,Bundesländer,05,Nordrhein-Westfalen,2003,"1,89"
LRB,15490,i_wans,Gesamtwanderungssaldo,Bundesländer,05,Nordrhein-Westfalen,2004,"1,21"
LRB,15490,i_wans,Gesamtwanderungssaldo,Bundesländer,05,Nordrhein-Westfalen,2005,"0,87"
LRB,15490,i_wans,Gesamtwanderungssaldo,Bundesländer,05,Nordrhein-Westfalen,2006,"0,24"
LRB,15490,i_wans,Gesamtwanderungssaldo,Bundesländer,05,Nordrhein-Westfalen,2007,"0,09"
LRB,15490,i_wans,Gesamtwanderungssaldo,Bundesländer,05,Nordrhein-Westfalen,2008,"-1,33"
LRB,15490,i_wans,Gesamtwanderungssaldo,Bundesländer,05,Nordrhein-Westfalen,2009,"-0,81"
LRB,15490,i_wans,Gesamtwanderungssaldo,Bundesländer,05,Nordrhein-Westfalen,2010,"0,97"
LRB,15490,i_wans,Gesamtwanderungssaldo,Bundesländer,05,Nordrhein-Westfalen,2011,"2,43"
LRB,15490,i_wans,Gesamtwanderungssaldo,Bundesländer,05,Nordrhein-Westfalen,2012,"3,05"
LRB,15490,i_wans,Gesamtwanderungssaldo,Bundesländer,05,Nordrhein-Westfalen,2013,"3,67"
LRB,15490,i_wans,Gesamtwanderungssaldo,Bundesländer,05,Nordrhein-Westfalen,2014,"5,31"
LRB,15490,i_wans,Gesamtwanderungssaldo,Bundesländer,05,Nordrhein-Westfalen,2015,"14,78"
LRB,15490,i_wans,Gesamtwanderungssaldo,Bundesländer,05,Nordrhein-Westfalen,2016,"3,33"
LRB,15490,i_wans,Gesamtwanderungssaldo,Bundesländer,05,Nordrhein-Westfalen,2017,"2,88"
LRB,15490,i_wans,Gesamtwanderungssaldo,Bundesländer,05,Nordrhein-Westfalen,2018,"2,93"
LRB,15490,i_wans,Gesamtwanderungssaldo,Bundesländer,05,Nordrhein-Westfalen,2019,"2,63"
LRB,15490,i_wans,Gesamtwanderungssaldo,Bundesländer,05,Nordrhein-Westfalen,2020,"1,35"
LRB,15490,i_wans,Gesamtwanderungssaldo,Bundesländer,05,Nordrhein-Westfalen,2021,"2,56"
LRB,15490,i_wans,Gesamtwanderungssaldo,Bundesländer,05,Nordrhein-Westfalen,2022,"15,77"
LRB,15490,i_wans,Gesamtwanderungssaldo,Bundesländer,05,Nordrhein-Westfalen,2023,"6,79"
LRB,20292,m_ek_akad,Medianeinkommen akademischer Berufsabschluss,Bundesländer,05,Nordrhein-Westfalen,2014,"4908,40"
LRB,20292,m_ek_akad,Medianeinkommen akademischer Berufsabschluss,Bundesländer,05,Nordrhein-Westfalen,2015,"4951,11"
LRB,20292,m_ek_akad,Medianeinkommen akademischer Berufsabschluss,Bundesländer,05,Nordrhein-Westfalen,2016,"4973,08"
LRB,20292,m_ek_akad,Medianeinkommen akademischer Berufsabschluss,Bundesländer,05,Nordrhein-Westfalen,2017,"5029,04"
LRB,20292,m_ek_akad,Medianeinkommen akademischer Berufsabschluss,Bundesländer,05,Nordrhein-Westfalen,2018,"5100,49"
LRB,20292,m_ek_akad,Medianeinkommen akademischer Berufsabschluss,Bundesländer,05,Nordrhein-Westfalen,2019,"5194,38"
LRB,20292,m_ek_akad,Medianeinkommen akademischer Berufsabschluss,Bundesländer,05,Nordrhein-Westfalen,2020,"5294,16"
LRB,20292,m_ek_akad,Medianeinkommen akademischer Berufsabschluss,Bundesländer,05,Nordrhein-Westfalen,2021,"5360,84"
LRB,20292,m_ek_akad,Medianeinkommen akademischer Berufsabschluss,Bundesländer,05,Nordrhein-Westfalen,2022,"5474,45"
LRB,20292,m_ek_akad,Medianeinkommen akademischer Berufsabschluss,Bundesländer,05,Nordrhein-Westfalen,2023,"5626,33"
LRB,20067,m_mietpr,Angebotsmietpreise,Bundesländer,05,Nordrhein-Westfalen,2010,"6,00"
LRB,20067,m_mietpr,Angebotsmietpreise,Bundesländer,05,Nordrhein-Westfalen,2011,"6,00"
LRB,20067,m_mietpr,Angebotsmietpreise,Bundesländer,05,Nordrhein-Westfalen,2012,"6,00"
LRB,20067,m_mietpr,Angebotsmietpreise,Bundesländer,05,Nordrhein-Westfalen,2013,"6,00"
LRB,20067,m_mietpr,Angebotsmietpreise,Bundesländer,05,Nordrhein-Westfalen,2014,"6,00"
LRB,20067,m_mietpr,Angebotsmietpreise,Bundesländer,05,Nordrhein-Westfalen,2015,"7,00"
LRB,20067,m_mietpr,Angebotsmietpreise,Bundesländer,05,Nordrhein-Westfalen,2016,"7,00"
LRB,20067,m_mietpr,Angebotsmietpreise,Bundesländer,05,Nordrhein-Westfalen,2017,"7,00"
LRB,20067,m_mietpr,Angebotsmietpreise,Bundesländer,05,Nordrhein-Westfalen,2018,"7,00"
LRB,20067,m_mietpr,Angebotsmietpreise,Bundesländer,05,Nordrhein-Westfalen,2019,"8,00"
LRB,20067,m_mietpr,Angebotsmietpreise,Bundesländer,05,Nordrhein-Westfalen,2020,"8,00"
LRB,20067,m_mietpr,Angebotsmietpreise,Bundesländer,05,Nordrhein-Westfalen,2021,"8,00"
LRB,20067,m_mietpr,Angebotsmietpreise,Bundesländer,05,Nordrhein-Westfalen,2022,"8,00"
LRB,20067,m_mietpr,Angebotsmietpreise,Bundesländer,05,Nordrhein-Westfalen,2023,"9,00"
LRB,20067,m_mietpr,Angebotsmietpreise,Bundesländer,05,Nordrhein-Westfalen,2024,"9,00"
LRB,14574,q_alo,Arbeitslosenquote,Bundesländer,05,Nordrhein-Westfalen,1998,"10,68"
LRB,14574,q_alo,Arbeitslosenquote,Bundesländer,05,Nordrhein-Westfalen,1999,"10,23"
LRB,14574,q_alo,Arbeitslosenquote,Bundesländer,05,Nordrhein-Westfalen,2000,"9,17"
LRB,14574,q_alo,Arbeitslosenquote,Bundesländer,05,Nordrhein-Westfalen,2001,"8,78"
LRB,14574,q_alo,Arbeitslosenquote,Bundesländer,05,Nordrhein-Westfalen,2002,"9,22"
LRB,14574,q_alo,Arbeitslosenquote,Bundesländer,05,Nordrhein-Westfalen,2003,"9,97"
LRB,14574,q_alo,Arbeitslosenquote,Bundesländer,05,Nordrhein-Westfalen,2004,"10,21"
LRB,14574,q_alo,Arbeitslosenquote,Bundesländer,05,Nordrhein-Westfalen,2005,"12,00"
LRB,14574,q_alo,Arbeitslosenquote,Bundesländer,05,Nordrhein-Westfalen,2006,"11,38"
LRB,14574,q_alo,Arbeitslosenquote,Bundesländer,05,Nordrhein-Westfalen,2007,"9,58"
LRB,14574,q_alo,Arbeitslosenquote,Bundesländer,05,Nordrhein-Westfalen,2008,"8,48"
LRB,14574,q_alo,Arbeitslosenquote,Bundesländer,05,Nordrhein-Westfalen,2009,"8,91"
LRB,14574,q_alo,Arbeitslosenquote,Bundesländer,05,Nordrhein-Westfalen,2010,"8,66"
LRB,14574,q_alo,Arbeitslosenquote,Bundesländer,05,Nordrhein-Westfalen,2011,"8,11"
LRB,14574,q_alo,Arbeitslosenquote,Bundesländer,05,Nordrhein-Westfalen,2012,"8,08"
LRB,14574,q_alo,Arbeitslosenquote,Bundesländer,05,Nordrhein-Westfalen,2013,"8,31"
LRB,14574,q_alo,Arbeitslosenquote,Bundesländer,05,Nordrhein-Westfalen,2014,"8,24"
LRB,14574,q_alo,Arbeitslosenquote,Bundesländer,05,Nordrhein-Westfalen,2015,"7,98"
LRB,14574,q_alo,Arbeitslosenquote,Bundesländer,05,Nordrhein-Westfalen,2016,"7,71"
LRB,14574,q_alo,Arbeitslosenquote,Bundesländer,05,Nordrhein-Westfalen,2017,"7,39"
LRB,14574,q_alo,Arbeitslosenquote,Bundesländer,05,Nordrhein-Westfalen,2018,"6,77"
LRB,14574,q_alo,Arbeitslosenquote,Bundesländer,05,Nordrhein-Westfalen,2019,"6,55"
LRB,14574,q_alo,Arbeitslosenquote,Bundesländer,05,Nordrhein-Westfalen,2020,"7,52"
LRB,14574,q_alo,Arbeitslosenquote,Bundesländer,05,Nordrhein-Westfalen,2021,"7,34"
LRB,14574,q_alo,Arbeitslosenquote,Bundesländer,05,Nordrhein-Westfalen,2022,"6,84"
LRB,14574,q_alo,Arbeitslosenquote,Bundesländer,05,Nordrhein-Westfalen,2023,"7,22"
LRB,15125,q_bip_ew,Bruttoinlandsprodukt je Einwohner,Bundesländer,05,Nordrhein-Westfalen,1995,"23,52"
LRB,15125,q_bip_ew,Bruttoinlandsprodukt je Einwohner,Bundesländer,05,Nordrhein-Westfalen,1996,"23,51"
LRB,15125,q_bip_ew,Bruttoinlandsprodukt je Einwohner,Bundesländer,05,Nordrhein-Westfalen,1997,"23,99"
LRB,15125,q_bip_ew,Bruttoinlandsprodukt je Einwohner,Bundesländer,05,Nordrhein-Westfalen,1998,"24,61"
LRB,15125,q_bip_ew,Bruttoinlandsprodukt je Einwohner,Bundesländer,05,Nordrhein-Westfalen,1999,"24,80"
LRB,15125,q_bip_ew,Bruttoinlandsprodukt je Einwohner,Bundesländer,05,Nordrhein-Westfalen,2000,"25,83"
LRB,15125,q_bip_ew,Bruttoinlandsprodukt je Einwohner,Bundesländer,05,Nordrhein-Westfalen,2001,"26,34"
LRB,15125,q_bip_ew,Bruttoinlandsprodukt je Einwohner,Bundesländer,05,Nordrhein-Westfalen,2002,"26,72"
LRB,15125,q_bip_ew,Bruttoinlandsprodukt je Einwohner,Bundesländer,05,Nordrhein-Westfalen,2003,"26,72"
LRB,15125,q_bip_ew,Bruttoinlandsprodukt je Einwohner,Bundesländer,05,Nordrhein-Westfalen,2004,"27,45"
LRB,15125,q_bip_ew,Bruttoinlandsprodukt je Einwohner,Bundesländer,05,Nordrhein-Westfalen,2005,"27,76"
LRB,15125,q_bip_ew,Bruttoinlandsprodukt je Einwohner,Bundesländer,05,Nordrhein-Westfalen,2006,"28,76"
LRB,15125,q_bip_ew,Bruttoinlandsprodukt je Einwohner,Bundesländer,05,Nordrhein-Westfalen,2007,"30,49"
LRB,15125,q_bip_ew,Bruttoinlandsprodukt je Einwohner,Bundesländer,05,Nordrhein-Westfalen,2008,"31,33"
LRB,15125,q_bip_ew,Bruttoinlandsprodukt je Einwohner,Bundesländer,05,Nordrhein-Westfalen,2009,"30,21"
LRB,15125,q_bip_ew,Bruttoinlandsprodukt je Einwohner,Bundesländer,05,Nordrhein-Westfalen,2010,"31,06"
LRB,15125,q_bip_ew,Bruttoinlandsprodukt je Einwohner,Bundesländer,05,Nordrhein-Westfalen,2011,"32,89"
LRB,15125,q_bip_ew,Bruttoinlandsprodukt je Einwohner,Bundesländer,05,Nordrhein-Westfalen,2012,"33,19"
LRB,15125,q_bip_ew,Bruttoinlandsprodukt je Einwohner,Bundesländer,05,Nordrhein-Westfalen,2013,"33,82"
LRB,15125,q_bip_ew,Bruttoinlandsprodukt je Einwohner,Bundesländer,05,Nordrhein-Westfalen,2014,"35,01"
LRB,15125,q_bip_ew,Bruttoinlandsprodukt je Einwohner,Bundesländer,05,Nordrhein-Westfalen,2015,"35,67"
LRB,15125,q_bip_ew,Bruttoinlandsprodukt je Einwohner,Bundesländer,05,Nordrhein-Westfalen,2016,"36,52"
LRB,15125,q_bip_ew,Bruttoinlandsprodukt je Einwohner,Bundesländer,05,Nordrhein-Westfalen,2017,"37,91"
LRB,15125,q_bip_ew,Bruttoinlandsprodukt je Einwohner,Bundesländer,05,Nordrhein-Westfalen,2018,"39,21"
LRB,15125,q_bip_ew,Bruttoinlandsprodukt je Einwohner,Bundesländer,05,Nordrhein-Westfalen,2019,"39,97"
LRB,15125,q_bip_ew,Bruttoinlandsprodukt je Einwohner,Bundesländer,05,Nordrhein-Westfalen,2020,"39,41"
LRB,15125,q_bip_ew,Bruttoinlandsprodukt je Einwohner,Bundesländer,05,Nordrhein-Westfalen,2021,"41,67"
LRB,15125,q_bip_ew,Bruttoinlandsprodukt je Einwohner,Bundesländer,05,Nordrhein-Westfalen,2022,"44,20"
LRB,17508,q_svw,Beschäftigtenquote,Bundesländer,05,Nordrhein-Westfalen,1997,"46,56"
LRB,17508,q_svw,Beschäftigtenquote,Bundesländer,05,Nordrhein-Westfalen,1998,"46,57"
LRB,17508,q_svw,Beschäftigtenquote,Bundesländer,05,Nordrhein-Westfalen,1999,"47,24"
LRB,17508,q_svw,Beschäftigtenquote,Bundesländer,05,Nordrhein-Westfalen,2000,"48,22"
LRB,17508,q_svw,Beschäftigtenquote,Bundesländer,05,Nordrhein-Westfalen,2001,"48,36"
LRB,17508,q_svw,Beschäftigtenquote,Bundesländer,05,Nordrhein-Westfalen,2002,"48,18"
LRB,17508,q_svw,Beschäftigtenquote,Bundesländer,05,Nordrhein-Westfalen,2003,"47,06"
LRB,17508,q_svw,Beschäftigtenquote,Bundesländer,05,Nordrhein-Westfalen,2004,"46,45"
LRB,17508,q_svw,Beschäftigtenquote,Bundesländer,05,Nordrhein-Westfalen,2005,"46,05"
LRB,17508,q_svw,Beschäftigtenquote,Bundesländer,05,Nordrhein-Westfalen,2006,"46,27"
LRB,17508,q_svw,Beschäftigtenquote,Bundesländer,05,Nordrhein-Westfalen,2007,"47,23"
LRB,17508,q_svw,Beschäftigtenquote,Bundesländer,05,Nordrhein-Westfalen,2008,"48,47"
LRB,17508,q_svw,Beschäftigtenquote,Bundesländer,05,Nordrhein-Westfalen,2009,"48,40"
LRB,17508,q_svw,Beschäftigtenquote,Bundesländer,05,Nordrhein-Westfalen,2010,"48,77"
LRB,17508,q_svw,Beschäftigtenquote,Bundesländer,05,Nordrhein-Westfalen,2011,"50,83"
LRB,17508,q_svw,Beschäftigtenquote,Bundesländer,05,Nordrhein-Westfalen,2012,"51,49"
LRB,17508,q_svw,Beschäftigtenquote,Bundesländer,05,Nordrhein-Westfalen,2013,"52,59"
LRB,17508,q_svw,Beschäftigtenquote,Bundesländer,05,Nordrhein-Westfalen,2014,"53,29"
LRB,17508,q_svw,Beschäftigtenquote,Bundesländer,05,Nordrhein-Westfalen,2015,"53,67"
LRB,17508,q_svw,Beschäftigtenquote,Bundesländer,05,Nordrhein-Westfalen,2016,"55,00"
LRB,17508,q_svw,Beschäftigtenquote,Bundesländer,05,Nordrhein-Westfalen,2017,"56,40"
LRB,17508,q_svw,Beschäftigtenquote,Bundesländer,05,Nordrhein-Westfalen,2018,"57,82"
LRB,17508,q_svw,Beschäftigtenquote,Bundesländer,05,Nordrhein-Westfalen,2019,"59,03"
LRB,17508,q_svw,Beschäftigtenquote,Bundesländer,05,Nordrhein-Westfalen,2020,"59,39"
LRB,17508,q_svw,Beschäftigtenquote,Bundesländer,05,Nordrhein-Westfalen,2021,"60,76"
LRB,17508,q_svw,Beschäftigtenquote,Bundesländer,05,Nordrhein-Westfalen,2022,"61,83"
LRB,17508,q_svw,Beschäftigtenquote,Bundesländer,05,Nordrhein-Westfalen,2023,"62,29"
LRB,12586,xbev,Bevölkerung gesamt,Bundesländer,05,Nordrhein-Westfalen,1995,"17893045,00"
LRB,12586,xbev,Bevölkerung gesamt,Bundesländer,05,Nordrhein-Westfalen,1996,"17947715,00"
LRB,12586,xbev,Bevölkerung gesamt,Bundesländer,05,Nordrhein-Westfalen,1997,"17974487,00"
LRB,12586,xbev,Bevölkerung gesamt,Bundesländer,05,Nordrhein-Westfalen,1998,"17975516,00"
LRB,12586,xbev,Bevölkerung gesamt,Bundesländer,05,Nordrhein-Westfalen,1999,"17999800,00"
LRB,12586,xbev,Bevölkerung gesamt,Bundesländer,05,Nordrhein-Westfalen,2000,"18009865,00"
LRB,12586,xbev,Bevölkerung gesamt,Bundesländer,05,Nordrhein-Westfalen,2001,"18052092,00"
LRB,12586,xbev,Bevölkerung gesamt,Bundesländer,05,Nordrhein-Westfalen,2002,"18076355,00"
LRB,12586,xbev,Bevölkerung gesamt,Bundesländer,05,Nordrhein-Westfalen,2003,"18079686,00"
LRB,12586,xbev,Bevölkerung gesamt,Bundesländer,05,Nordrhein-Westfalen,2004,"18075352,00"
LRB,12586,xbev,Bevölkerung gesamt,Bundesländer,05,Nordrhein-Westfalen,2005,"18058105,00"
LRB,12586,xbev,Bevölkerung gesamt,Bundesländer,05,Nordrhein-Westfalen,2006,"18028745,00"
LRB,12586,xbev,Bevölkerung gesamt,Bundesländer,05,Nordrhein-Westfalen,2007,"17996621,00"
LRB,12586,xbev,Bevölkerung gesamt,Bundesländer,05,Nordrhein-Westfalen,2008,"17933064,00"
LRB,12586,xbev,Bevölkerung gesamt,Bundesländer,05,Nordrhein-Westfalen,2009,"17872763,00"
LRB,12586,xbev,Bevölkerung gesamt,Bundesländer,05,Nordrhein-Westfalen,2010,"17845154,00"
LRB,12586,xbev,Bevölkerung gesamt,Bundesländer,05,Nordrhein-Westfalen,2011,"17544938,00"
LRB,12586,xbev,Bevölkerung gesamt,Bundesländer,05,Nordrhein-Westfalen,2012,"17554329,00"
LRB,12586,xbev,Bevölkerung gesamt,Bundesländer,05,Nordrhein-Westfalen,2013,"17571856,00"
LRB,12586,xbev,Bevölkerung gesamt,Bundesländer,05,Nordrhein-Westfalen,2014,"17638098,00"
LRB,12586,xbev,Bevölkerung gesamt,Bundesländer,05,Nordrhein-Westfalen,2015,"17865516,00"
LRB,12586,xbev,Bevölkerung gesamt,Bundesländer,05,Nordrhein-Westfalen,2016,"17890100,00"
LRB,12586,xbev,Bevölkerung gesamt,Bundesländer,05,Nordrhein-Westfalen,2017,"17912134,00"
LRB,12586,xbev,Bevölkerung gesamt,Bundesländer,05,Nordrhein-Westfalen,2018,"17932651,00"
LRB,12586,xbev,Bevölkerung gesamt,Bundesländer,05,Nordrhein-Westfalen,2019,"17947221,00"
LRB,12586,xbev,Bevölkerung gesamt,Bundesländer,05,Nordrhein-Westfalen,2020,"17925570,00"
LRB,12586,xbev,Bevölkerung gesamt,Bundesländer,05,Nordrhein-Westfalen,2021,"17924591,00"
LRB,12586,xbev,Bevölkerung gesamt,Bundesländer,05,Nordrhein-Westfalen,2022,"17964420,00"
LRB,12586,xbev,Bevölkerung gesamt,Bundesländer,05,Nordrhein-Westfalen,2023,"18017520,00"
LRB,17274,a_bb_100Mbits,Bandbreitenverfügbarkeit mindestens 100 Mbit/s,Bundesländer,06,Hessen,2017,"64,69"
LRB,17274,a_bb_100Mbits,Bandbreitenverfügbarkeit mindestens 100 Mbit/s,Bundesländer,06,Hessen,2020,"89,09"
LRB,17274,a_bb_100Mbits,Bandbreitenverfügbarkeit mindestens 100 Mbit/s,Bundesländer,06,Hessen,2021,"89,44"
LRB,17274,a_bb_100Mbits,Bandbreitenverfügbarkeit mindestens 100 Mbit/s,Bundesländer,06,Hessen,2022,"89,98"
LRB,17274,a_bb_100Mbits,Bandbreitenverfügbarkeit mindestens 100 Mbit/s,Bundesländer,06,Hessen,2023,"93,31"
LRB,17524,a_sva_exp,Beschäftigte mit Anforderungsniveau Experte,Bundesländer,06,Hessen,2013,"13,69"
LRB,17524,a_sva_exp,Beschäftigte mit Anforderungsniveau Experte,Bundesländer,06,Hessen,2014,"13,72"
LRB,17524,a_sva_exp,Beschäftigte mit Anforderungsniveau Experte,Bundesländer,06,Hessen,2015,"13,82"
LRB,17524,a_sva_exp,Beschäftigte mit Anforderungsniveau Experte,Bundesländer,06,Hessen,2016,"14,00"
LRB,17524,a_sva_exp,Beschäftigte mit Anforderungsniveau Experte,Bundesländer,06,Hessen,2017,"14,16"
LRB,17524,a_sva_exp,Beschäftigte mit Anforderungsniveau Experte,Bundesländer,06,Hessen,2018,"14,30"
LRB,17524,a_sva_exp,Beschäftigte mit Anforderungsniveau Experte,Bundesländer,06,Hessen,2019,"14,70"
LRB,17524,a_sva_exp,Beschäftigte mit Anforderungsniveau Experte,Bundesländer,06,Hessen,2020,"15,04"
LRB,17524,a_sva_exp,Beschäftigte mit Anforderungsniveau Experte,Bundesländer,06,Hessen,2021,"15,32"
LRB,17524,a_sva_exp,Beschäftigte mit Anforderungsniveau Experte,Bundesländer,06,Hessen,2022,"15,65"
LRB,17524,a_sva_exp,Beschäftigte mit Anforderungsniveau Experte,Bundesländer,06,Hessen,2023,"15,63"
LRB,17806,a_svb_IT,Beschäftigte in IT- und naturwissenschaftlichen Dienstleistungsberufen,Bundesländer,06,Hessen,2013,"4,78"
LRB,17806,a_svb_IT,Beschäftigte in IT- und naturwissenschaftlichen Dienstleistungsberufen,Bundesländer,06,Hessen,2014,"4,77"
LRB,17806,a_svb_IT,Beschäftigte in IT- und naturwissenschaftlichen Dienstleistungsberufen,Bundesländer,06,Hessen,2015,"4,77"
LRB,17806,a_svb_IT,Beschäftigte in IT- und naturwissenschaftlichen Dienstleistungsberufen,Bundesländer,06,Hessen,2016,"4,80"
LRB,17806,a_svb_IT,Beschäftigte in IT- und naturwissenschaftlichen Dienstleistungsberufen,Bundesländer,06,Hessen,2017,"4,86"
LRB,17806,a_svb_IT,Beschäftigte in IT- und naturwissenschaftlichen Dienstleistungsberufen,Bundesländer,06,Hessen,2018,"4,88"
LRB,17806,a_svb_IT,Beschäftigte in IT- und naturwissenschaftlichen Dienstleistungsberufen,Bundesländer,06,Hessen,2019,"5,07"
LRB,17806,a_svb_IT,Beschäftigte in IT- und naturwissenschaftlichen Dienstleistungsberufen,Bundesländer,06,Hessen,2020,"5,21"
LRB,17806,a_svb_IT,Beschäftigte in IT- und naturwissenschaftlichen Dienstleistungsberufen,Bundesländer,06,Hessen,2021,"5,32"
LRB,17806,a_svb_IT,Beschäftigte in IT- und naturwissenschaftlichen Dienstleistungsberufen,Bundesländer,06,Hessen,2022,"5,49"
LRB,17806,a_svb_IT,Beschäftigte in IT- und naturwissenschaftlichen Dienstleistungsberufen,Bundesländer,06,Hessen,2023,"5,67"
LRB,17062,a_svb_wissen,Beschäftigte in wissensintensiven Industrien,Bundesländer,06,Hessen,2009,"9,95"
LRB,17062,a_svb_wissen,Beschäftigte in wissensintensiven Industrien,Bundesländer,06,Hessen,2010,"9,66"
LRB,17062,a_svb_wissen,Beschäftigte in wissensintensiven Industrien,Bundesländer,06,Hessen,2011,"9,59"
LRB,17062,a_svb_wissen,Beschäftigte in wissensintensiven Industrien,Bundesländer,06,Hessen,2012,"9,81"
LRB,17062,a_svb_wissen,Beschäftigte in wissensintensiven Industrien,Bundesländer,06,Hessen,2013,"8,98"
LRB,17062,a_svb_wissen,Beschäftigte in wissensintensiven Industrien,Bundesländer,06,Hessen,2014,"8,92"
LRB,17062,a_svb_wissen,Beschäftigte in wissensintensiven Industrien,Bundesländer,06,Hessen,2015,"8,78"
LRB,17062,a_svb_wissen,Beschäftigte in wissensintensiven Industrien,Bundesländer,06,Hessen,2016,"8,92"
LRB,17062,a_svb_wissen,Beschäftigte in wissensintensiven Industrien,Bundesländer,06,Hessen,2017,"8,82"
LRB,17062,a_svb_wissen,Beschäftigte in wissensintensiven Industrien,Bundesländer,06,Hessen,2018,"8,69"
LRB,17062,a_svb_wissen,Beschäftigte in wissensintensiven Industrien,Bundesländer,06,Hessen,2019,"8,58"
LRB,17062,a_svb_wissen,Beschäftigte in wissensintensiven Industrien,Bundesländer,06,Hessen,2020,"8,36"
LRB,17062,a_svb_wissen,Beschäftigte in wissensintensiven Industrien,Bundesländer,06,Hessen,2021,"8,13"
LRB,17062,a_svb_wissen,Beschäftigte in wissensintensiven Industrien,Bundesländer,06,Hessen,2022,"7,92"
LRB,17062,a_svb_wissen,Beschäftigte in wissensintensiven Industrien,Bundesländer,06,Hessen,2023,"7,93"
LRB,19147,e10_bev,Bevölkerungsentwicklung (10 Jahre),Bundesländer,06,Hessen,1995,"8,69"
LRB,19147,e10_bev,Bevölkerungsentwicklung (10 Jahre),Bundesländer,06,Hessen,1996,"8,72"
LRB,19147,e10_bev,Bevölkerungsentwicklung (10 Jahre),Bundesländer,06,Hessen,1997,"8,32"
LRB,19147,e10_bev,Bevölkerungsentwicklung (10 Jahre),Bundesländer,06,Hessen,1998,"8,37"
LRB,19147,e10_bev,Bevölkerungsentwicklung (10 Jahre),Bundesländer,06,Hessen,1999,"6,91"
LRB,19147,e10_bev,Bevölkerungsentwicklung (10 Jahre),Bundesländer,06,Hessen,2000,"5,29"
LRB,19147,e10_bev,Bevölkerungsentwicklung (10 Jahre),Bundesländer,06,Hessen,2001,"4,12"
LRB,19147,e10_bev,Bevölkerungsentwicklung (10 Jahre),Bundesländer,06,Hessen,2002,"2,85"
LRB,19147,e10_bev,Bevölkerungsentwicklung (10 Jahre),Bundesländer,06,Hessen,2003,"2,05"
LRB,19147,e10_bev,Bevölkerungsentwicklung (10 Jahre),Bundesländer,06,Hessen,2004,"1,96"
LRB,19147,e10_bev,Bevölkerungsentwicklung (10 Jahre),Bundesländer,06,Hessen,2005,"1,37"
LRB,19147,e10_bev,Bevölkerungsentwicklung (10 Jahre),Bundesländer,06,Hessen,2006,"0,80"
LRB,19147,e10_bev,Bevölkerungsentwicklung (10 Jahre),Bundesländer,06,Hessen,2007,"0,68"
LRB,19147,e10_bev,Bevölkerungsentwicklung (10 Jahre),Bundesländer,06,Hessen,2008,"0,49"
LRB,19147,e10_bev,Bevölkerungsentwicklung (10 Jahre),Bundesländer,06,Hessen,2009,"0,16"
LRB,19147,e10_bev,Bevölkerungsentwicklung (10 Jahre),Bundesländer,06,Hessen,2010,"-0,02"
LRB,19147,e10_bev,Bevölkerungsentwicklung (10 Jahre),Bundesländer,06,Hessen,2011,"-1,38"
LRB,19147,e10_bev,Bevölkerungsentwicklung (10 Jahre),Bundesländer,06,Hessen,2012,"-1,23"
LRB,19147,e10_bev,Bevölkerungsentwicklung (10 Jahre),Bundesländer,06,Hessen,2013,"-0,72"
LRB,19147,e10_bev,Bevölkerungsentwicklung (10 Jahre),Bundesländer,06,Hessen,2014,"-0,06"
LRB,19147,e10_bev,Bevölkerungsentwicklung (10 Jahre),Bundesländer,06,Hessen,2015,"1,38"
LRB,19147,e10_bev,Bevölkerungsentwicklung (10 Jahre),Bundesländer,06,Hessen,2016,"2,27"
LRB,19147,e10_bev,Bevölkerungsentwicklung (10 Jahre),Bundesländer,06,Hessen,2017,"2,81"
LRB,19147,e10_bev,Bevölkerungsentwicklung (10 Jahre),Bundesländer,06,Hessen,2018,"3,31"
LRB,19147,e10_bev,Bevölkerungsentwicklung (10 Jahre),Bundesländer,06,Hessen,2019,"3,73"
LRB,19147,e10_bev,Bevölkerungsentwicklung (10 Jahre),Bundesländer,06,Hessen,2020,"3,73"
LRB,19147,e10_bev,Bevölkerungsentwicklung (10 Jahre),Bundesländer,06,Hessen,2021,"5,03"
LRB,19147,e10_bev,Bevölkerungsentwicklung (10 Jahre),Bundesländer,06,Hessen,2022,"3,66"
LRB,19147,e10_bev,Bevölkerungsentwicklung (10 Jahre),Bundesländer,06,Hessen,2023,"3,67"
LRB,15490,i_wans,Gesamtwanderungssaldo,Bundesländer,06,Hessen,1995,"5,44"
LRB,15490,i_wans,Gesamtwanderungssaldo,Bundesländer,06,Hessen,1996,"3,05"
LRB,15490,i_wans,Gesamtwanderungssaldo,Bundesländer,06,Hessen,1997,"0,44"
LRB,15490,i_wans,Gesamtwanderungssaldo,Bundesländer,06,Hessen,1998,"0,64"
LRB,15490,i_wans,Gesamtwanderungssaldo,Bundesländer,06,Hessen,1999,"3,12"
LRB,15490,i_wans,Gesamtwanderungssaldo,Bundesländer,06,Hessen,2000,"2,92"
LRB,15490,i_wans,Gesamtwanderungssaldo,Bundesländer,06,Hessen,2001,"2,11"
LRB,15490,i_wans,Gesamtwanderungssaldo,Bundesländer,06,Hessen,2002,"3,09"
LRB,15490,i_wans,Gesamtwanderungssaldo,Bundesländer,06,Hessen,2003,"0,75"
LRB,15490,i_wans,Gesamtwanderungssaldo,Bundesländer,06,Hessen,2004,"2,02"
LRB,15490,i_wans,Gesamtwanderungssaldo,Bundesländer,06,Hessen,2005,"-0,53"
LRB,15490,i_wans,Gesamtwanderungssaldo,Bundesländer,06,Hessen,2006,"-2,14"
LRB,15490,i_wans,Gesamtwanderungssaldo,Bundesländer,06,Hessen,2007,"-0,07"
LRB,15490,i_wans,Gesamtwanderungssaldo,Bundesländer,06,Hessen,2008,"-0,23"
LRB,15490,i_wans,Gesamtwanderungssaldo,Bundesländer,06,Hessen,2009,"0,94"
LRB,15490,i_wans,Gesamtwanderungssaldo,Bundesländer,06,Hessen,2010,"2,04"
LRB,15490,i_wans,Gesamtwanderungssaldo,Bundesländer,06,Hessen,2011,"5,41"
LRB,15490,i_wans,Gesamtwanderungssaldo,Bundesländer,06,Hessen,2012,"5,09"
LRB,15490,i_wans,Gesamtwanderungssaldo,Bundesländer,06,Hessen,2013,"6,23"
LRB,15490,i_wans,Gesamtwanderungssaldo,Bundesländer,06,Hessen,2014,"8,62"
LRB,15490,i_wans,Gesamtwanderungssaldo,Bundesländer,06,Hessen,2015,"14,62"
LRB,15490,i_wans,Gesamtwanderungssaldo,Bundesländer,06,Hessen,2016,"6,79"
LRB,15490,i_wans,Gesamtwanderungssaldo,Bundesländer,06,Hessen,2017,"5,46"
LRB,15490,i_wans,Gesamtwanderungssaldo,Bundesländer,06,Hessen,2018,"4,76"
LRB,15490,i_wans,Gesamtwanderungssaldo,Bundesländer,06,Hessen,2019,"4,54"
LRB,15490,i_wans,Gesamtwanderungssaldo,Bundesländer,06,Hessen,2020,"2,55"
LRB,15490,i_wans,Gesamtwanderungssaldo,Bundesländer,06,Hessen,2021,"2,16"
LRB,15490,i_wans,Gesamtwanderungssaldo,Bundesländer,06,Hessen,2022,"18,31"
LRB,15490,i_wans,Gesamtwanderungssaldo,Bundesländer,06,Hessen,2023,"7,83"
LRB,20292,m_ek_akad,Medianeinkommen akademischer Berufsabschluss,Bundesländer,06,Hessen,2014,"5015,95"
LRB,20292,m_ek_akad,Medianeinkommen akademischer Berufsabschluss,Bundesländer,06,Hessen,2015,"5057,71"
LRB,20292,m_ek_akad,Medianeinkommen akademischer Berufsabschluss,Bundesländer,06,Hessen,2016,"5336,34"
LRB,20292,m_ek_akad,Medianeinkommen akademischer Berufsabschluss,Bundesländer,06,Hessen,2017,"5414,03"
LRB,20292,m_ek_akad,Medianeinkommen akademischer Berufsabschluss,Bundesländer,06,Hessen,2018,"5502,75"
LRB,20292,m_ek_akad,Medianeinkommen akademischer Berufsabschluss,Bundesländer,06,Hessen,2019,"5606,26"
LRB,20292,m_ek_akad,Medianeinkommen akademischer Berufsabschluss,Bundesländer,06,Hessen,2020,"5657,04"
LRB,20292,m_ek_akad,Medianeinkommen akademischer Berufsabschluss,Bundesländer,06,Hessen,2021,"5748,49"
LRB,20292,m_ek_akad,Medianeinkommen akademischer Berufsabschluss,Bundesländer,06,Hessen,2022,"5894,60"
LRB,20292,m_ek_akad,Medianeinkommen akademischer Berufsabschluss,Bundesländer,06,Hessen,2023,"6070,72"
LRB,20067,m_mietpr,Angebotsmietpreise,Bundesländer,06,Hessen,2010,"7,00"
LRB,20067,m_mietpr,Angebotsmietpreise,Bundesländer,06,Hessen,2011,"7,00"
LRB,20067,m_mietpr,Angebotsmietpreise,Bundesländer,06,Hessen,2012,"8,00"
LRB,20067,m_mietpr,Angebotsmietpreise,Bundesländer,06,Hessen,2013,"8,00"
LRB,20067,m_mietpr,Angebotsmietpreise,Bundesländer,06,Hessen,2014,"8,00"
LRB,20067,m_mietpr,Angebotsmietpreise,Bundesländer,06,Hessen,2015,"8,00"
LRB,20067,m_mietpr,Angebotsmietpreise,Bundesländer,06,Hessen,2016,"9,00"
LRB,20067,m_mietpr,Angebotsmietpreise,Bundesländer,06,Hessen,2017,"9,00"
LRB,20067,m_mietpr,Angebotsmietpreise,Bundesländer,06,Hessen,2018,"10,00"
LRB,20067,m_mietpr,Angebotsmietpreise,Bundesländer,06,Hessen,2019,"10,00"
LRB,20067,m_mietpr,Angebotsmietpreise,Bundesländer,06,Hessen,2020,"10,00"
LRB,20067,m_mietpr,Angebotsmietpreise,Bundesländer,06,Hessen,2021,"11,00"
LRB,20067,m_mietpr,Angebotsmietpreise,Bundesländer,06,Hessen,2022,"11,00"
LRB,20067,m_mietpr,Angebotsmietpreise,Bundesländer,06,Hessen,2023,"11,00"
LRB,20067,m_mietpr,Angebotsmietpreise,Bundesländer,06,Hessen,2024,"12,00"
LRB,14574,q_alo,Arbeitslosenquote,Bundesländer,06,Hessen,1998,"8,96"
LRB,14574,q_alo,Arbeitslosenquote,Bundesländer,06,Hessen,1999,"8,35"
LRB,14574,q_alo,Arbeitslosenquote,Bundesländer,06,Hessen,2000,"7,27"
LRB,14574,q_alo,Arbeitslosenquote,Bundesländer,06,Hessen,2001,"6,62"
LRB,14574,q_alo,Arbeitslosenquote,Bundesländer,06,Hessen,2002,"6,95"
LRB,14574,q_alo,Arbeitslosenquote,Bundesländer,06,Hessen,2003,"7,86"
LRB,14574,q_alo,Arbeitslosenquote,Bundesländer,06,Hessen,2004,"8,15"
LRB,14574,q_alo,Arbeitslosenquote,Bundesländer,06,Hessen,2005,"9,67"
LRB,14574,q_alo,Arbeitslosenquote,Bundesländer,06,Hessen,2006,"9,20"
LRB,14574,q_alo,Arbeitslosenquote,Bundesländer,06,Hessen,2007,"7,62"
LRB,14574,q_alo,Arbeitslosenquote,Bundesländer,06,Hessen,2008,"6,58"
LRB,14574,q_alo,Arbeitslosenquote,Bundesländer,06,Hessen,2009,"6,77"
LRB,14574,q_alo,Arbeitslosenquote,Bundesländer,06,Hessen,2010,"6,39"
LRB,14574,q_alo,Arbeitslosenquote,Bundesländer,06,Hessen,2011,"5,85"
LRB,14574,q_alo,Arbeitslosenquote,Bundesländer,06,Hessen,2012,"5,68"
LRB,14574,q_alo,Arbeitslosenquote,Bundesländer,06,Hessen,2013,"5,83"
LRB,14574,q_alo,Arbeitslosenquote,Bundesländer,06,Hessen,2014,"5,73"
LRB,14574,q_alo,Arbeitslosenquote,Bundesländer,06,Hessen,2015,"5,47"
LRB,14574,q_alo,Arbeitslosenquote,Bundesländer,06,Hessen,2016,"5,26"
LRB,14574,q_alo,Arbeitslosenquote,Bundesländer,06,Hessen,2017,"5,00"
LRB,14574,q_alo,Arbeitslosenquote,Bundesländer,06,Hessen,2018,"4,59"
LRB,14574,q_alo,Arbeitslosenquote,Bundesländer,06,Hessen,2019,"4,40"
LRB,14574,q_alo,Arbeitslosenquote,Bundesländer,06,Hessen,2020,"5,38"
LRB,14574,q_alo,Arbeitslosenquote,Bundesländer,06,Hessen,2021,"5,15"
LRB,14574,q_alo,Arbeitslosenquote,Bundesländer,06,Hessen,2022,"4,77"
LRB,14574,q_alo,Arbeitslosenquote,Bundesländer,06,Hessen,2023,"5,23"
LRB,15125,q_bip_ew,Bruttoinlandsprodukt je Einwohner,Bundesländer,06,Hessen,1995,"27,71"
LRB,15125,q_bip_ew,Bruttoinlandsprodukt je Einwohner,Bundesländer,06,Hessen,1996,"28,37"
LRB,15125,q_bip_ew,Bruttoinlandsprodukt je Einwohner,Bundesländer,06,Hessen,1997,"28,89"
LRB,15125,q_bip_ew,Bruttoinlandsprodukt je Einwohner,Bundesländer,06,Hessen,1998,"29,41"
LRB,15125,q_bip_ew,Bruttoinlandsprodukt je Einwohner,Bundesländer,06,Hessen,1999,"30,43"
LRB,15125,q_bip_ew,Bruttoinlandsprodukt je Einwohner,Bundesländer,06,Hessen,2000,"31,90"
LRB,15125,q_bip_ew,Bruttoinlandsprodukt je Einwohner,Bundesländer,06,Hessen,2001,"33,03"
LRB,15125,q_bip_ew,Bruttoinlandsprodukt je Einwohner,Bundesländer,06,Hessen,2002,"33,06"
LRB,15125,q_bip_ew,Bruttoinlandsprodukt je Einwohner,Bundesländer,06,Hessen,2003,"33,99"
LRB,15125,q_bip_ew,Bruttoinlandsprodukt je Einwohner,Bundesländer,06,Hessen,2004,"34,43"
LRB,15125,q_bip_ew,Bruttoinlandsprodukt je Einwohner,Bundesländer,06,Hessen,2005,"34,67"
LRB,15125,q_bip_ew,Bruttoinlandsprodukt je Einwohner,Bundesländer,06,Hessen,2006,"35,90"
LRB,15125,q_bip_ew,Bruttoinlandsprodukt je Einwohner,Bundesländer,06,Hessen,2007,"37,24"
LRB,15125,q_bip_ew,Bruttoinlandsprodukt je Einwohner,Bundesländer,06,Hessen,2008,"37,79"
LRB,15125,q_bip_ew,Bruttoinlandsprodukt je Einwohner,Bundesländer,06,Hessen,2009,"36,19"
LRB,15125,q_bip_ew,Bruttoinlandsprodukt je Einwohner,Bundesländer,06,Hessen,2010,"37,37"
LRB,15125,q_bip_ew,Bruttoinlandsprodukt je Einwohner,Bundesländer,06,Hessen,2011,"39,53"
LRB,15125,q_bip_ew,Bruttoinlandsprodukt je Einwohner,Bundesländer,06,Hessen,2012,"39,55"
LRB,15125,q_bip_ew,Bruttoinlandsprodukt je Einwohner,Bundesländer,06,Hessen,2013,"40,27"
LRB,15125,q_bip_ew,Bruttoinlandsprodukt je Einwohner,Bundesländer,06,Hessen,2014,"41,64"
LRB,15125,q_bip_ew,Bruttoinlandsprodukt je Einwohner,Bundesländer,06,Hessen,2015,"42,14"
LRB,15125,q_bip_ew,Bruttoinlandsprodukt je Einwohner,Bundesländer,06,Hessen,2016,"43,64"
LRB,15125,q_bip_ew,Bruttoinlandsprodukt je Einwohner,Bundesländer,06,Hessen,2017,"44,86"
LRB,15125,q_bip_ew,Bruttoinlandsprodukt je Einwohner,Bundesländer,06,Hessen,2018,"45,66"
LRB,15125,q_bip_ew,Bruttoinlandsprodukt je Einwohner,Bundesländer,06,Hessen,2019,"47,02"
LRB,15125,q_bip_ew,Bruttoinlandsprodukt je Einwohner,Bundesländer,06,Hessen,2020,"45,74"
LRB,15125,q_bip_ew,Bruttoinlandsprodukt je Einwohner,Bundesländer,06,Hessen,2021,"48,65"
LRB,15125,q_bip_ew,Bruttoinlandsprodukt je Einwohner,Bundesländer,06,Hessen,2022,"52,24"
LRB,17508,q_svw,Beschäftigtenquote,Bundesländer,06,Hessen,1997,"48,47"
LRB,17508,q_svw,Beschäftigtenquote,Bundesländer,06,Hessen,1998,"48,26"
LRB,17508,q_svw,Beschäftigtenquote,Bundesländer,06,Hessen,1999,"48,87"
LRB,17508,q_svw,Beschäftigtenquote,Bundesländer,06,Hessen,2000,"49,82"
LRB,17508,q_svw,Beschäftigtenquote,Bundesländer,06,Hessen,2001,"50,40"
LRB,17508,q_svw,Beschäftigtenquote,Bundesländer,06,Hessen,2002,"50,24"
LRB,17508,q_svw,Beschäftigtenquote,Bundesländer,06,Hessen,2003,"49,37"
LRB,17508,q_svw,Beschäftigtenquote,Bundesländer,06,Hessen,2004,"48,68"
LRB,17508,q_svw,Beschäftigtenquote,Bundesländer,06,Hessen,2005,"48,44"
LRB,17508,q_svw,Beschäftigtenquote,Bundesländer,06,Hessen,2006,"48,87"
LRB,17508,q_svw,Beschäftigtenquote,Bundesländer,06,Hessen,2007,"49,71"
LRB,17508,q_svw,Beschäftigtenquote,Bundesländer,06,Hessen,2008,"50,79"
LRB,17508,q_svw,Beschäftigtenquote,Bundesländer,06,Hessen,2009,"50,86"
LRB,17508,q_svw,Beschäftigtenquote,Bundesländer,06,Hessen,2010,"51,17"
LRB,17508,q_svw,Beschäftigtenquote,Bundesländer,06,Hessen,2011,"52,79"
LRB,17508,q_svw,Beschäftigtenquote,Bundesländer,06,Hessen,2012,"53,50"
LRB,17508,q_svw,Beschäftigtenquote,Bundesländer,06,Hessen,2013,"54,52"
LRB,17508,q_svw,Beschäftigtenquote,Bundesländer,06,Hessen,2014,"55,35"
LRB,17508,q_svw,Beschäftigtenquote,Bundesländer,06,Hessen,2015,"55,94"
LRB,17508,q_svw,Beschäftigtenquote,Bundesländer,06,Hessen,2016,"57,27"
LRB,17508,q_svw,Beschäftigtenquote,Bundesländer,06,Hessen,2017,"58,50"
LRB,17508,q_svw,Beschäftigtenquote,Bundesländer,06,Hessen,2018,"59,73"
LRB,17508,q_svw,Beschäftigtenquote,Bundesländer,06,Hessen,2019,"60,83"
LRB,17508,q_svw,Beschäftigtenquote,Bundesländer,06,Hessen,2020,"60,93"
LRB,17508,q_svw,Beschäftigtenquote,Bundesländer,06,Hessen,2021,"62,07"
LRB,17508,q_svw,Beschäftigtenquote,Bundesländer,06,Hessen,2022,"63,91"
LRB,17508,q_svw,Beschäftigtenquote,Bundesländer,06,Hessen,2023,"64,34"
LRB,12586,xbev,Bevölkerung gesamt,Bundesländer,06,Hessen,1995,"6009913,00"
LRB,12586,xbev,Bevölkerung gesamt,Bundesländer,06,Hessen,1996,"6027284,00"
LRB,12586,xbev,Bevölkerung gesamt,Bundesländer,06,Hessen,1997,"6031705,00"
LRB,12586,xbev,Bevölkerung gesamt,Bundesländer,06,Hessen,1998,"6035137,00"
LRB,12586,xbev,Bevölkerung gesamt,Bundesländer,06,Hessen,1999,"6051966,00"
LRB,12586,xbev,Bevölkerung gesamt,Bundesländer,06,Hessen,2000,"6068129,00"
LRB,12586,xbev,Bevölkerung gesamt,Bundesländer,06,Hessen,2001,"6077826,00"
LRB,12586,xbev,Bevölkerung gesamt,Bundesländer,06,Hessen,2002,"6091618,00"
LRB,12586,xbev,Bevölkerung gesamt,Bundesländer,06,Hessen,2003,"6089428,00"
LRB,12586,xbev,Bevölkerung gesamt,Bundesländer,06,Hessen,2004,"6097765,00"
LRB,12586,xbev,Bevölkerung gesamt,Bundesländer,06,Hessen,2005,"6092354,00"
LRB,12586,xbev,Bevölkerung gesamt,Bundesländer,06,Hessen,2006,"6075359,00"
LRB,12586,xbev,Bevölkerung gesamt,Bundesländer,06,Hessen,2007,"6072555,00"
LRB,12586,xbev,Bevölkerung gesamt,Bundesländer,06,Hessen,2008,"6064953,00"
LRB,12586,xbev,Bevölkerung gesamt,Bundesländer,06,Hessen,2009,"6061951,00"
LRB,12586,xbev,Bevölkerung gesamt,Bundesländer,06,Hessen,2010,"6067021,00"
LRB,12586,xbev,Bevölkerung gesamt,Bundesländer,06,Hessen,2011,"5993771,00"
LRB,12586,xbev,Bevölkerung gesamt,Bundesländer,06,Hessen,2012,"6016481,00"
LRB,12586,xbev,Bevölkerung gesamt,Bundesländer,06,Hessen,2013,"6045425,00"
LRB,12586,xbev,Bevölkerung gesamt,Bundesländer,06,Hessen,2014,"6093888,00"
LRB,12586,xbev,Bevölkerung gesamt,Bundesländer,06,Hessen,2015,"6176172,00"
LRB,12586,xbev,Bevölkerung gesamt,Bundesländer,06,Hessen,2016,"6213088,00"
LRB,12586,xbev,Bevölkerung gesamt,Bundesländer,06,Hessen,2017,"6243262,00"
LRB,12586,xbev,Bevölkerung gesamt,Bundesländer,06,Hessen,2018,"6265809,00"
LRB,12586,xbev,Bevölkerung gesamt,Bundesländer,06,Hessen,2019,"6288080,00"
LRB,12586,xbev,Bevölkerung gesamt,Bundesländer,06,Hessen,2020,"6293154,00"
LRB,12586,xbev,Bevölkerung gesamt,Bundesländer,06,Hessen,2021,"6295017,00"
LRB,12586,xbev,Bevölkerung gesamt,Bundesländer,06,Hessen,2022,"6236933,00"
LRB,12586,xbev,Bevölkerung gesamt,Bundesländer,06,Hessen,2023,"6267546,00"
LRB,17274,a_bb_100Mbits,Bandbreitenverfügbarkeit mindestens 100 Mbit/s,Bundesländer,07,Rheinland-Pfalz,2017,"62,66"
LRB,17274,a_bb_100Mbits,Bandbreitenverfügbarkeit mindestens 100 Mbit/s,Bundesländer,07,Rheinland-Pfalz,2020,"82,98"
LRB,17274,a_bb_100Mbits,Bandbreitenverfügbarkeit mindestens 100 Mbit/s,Bundesländer,07,Rheinland-Pfalz,2021,"84,26"
LRB,17274,a_bb_100Mbits,Bandbreitenverfügbarkeit mindestens 100 Mbit/s,Bundesländer,07,Rheinland-Pfalz,2022,"83,36"
LRB,17274,a_bb_100Mbits,Bandbreitenverfügbarkeit mindestens 100 Mbit/s,Bundesländer,07,Rheinland-Pfalz,2023,"88,06"
LRB,17524,a_sva_exp,Beschäftigte mit Anforderungsniveau Experte,Bundesländer,07,Rheinland-Pfalz,2013,"10,04"
LRB,17524,a_sva_exp,Beschäftigte mit Anforderungsniveau Experte,Bundesländer,07,Rheinland-Pfalz,2014,"10,09"
LRB,17524,a_sva_exp,Beschäftigte mit Anforderungsniveau Experte,Bundesländer,07,Rheinland-Pfalz,2015,"10,02"
LRB,17524,a_sva_exp,Beschäftigte mit Anforderungsniveau Experte,Bundesländer,07,Rheinland-Pfalz,2016,"10,17"
LRB,17524,a_sva_exp,Beschäftigte mit Anforderungsniveau Experte,Bundesländer,07,Rheinland-Pfalz,2017,"10,25"
LRB,17524,a_sva_exp,Beschäftigte mit Anforderungsniveau Experte,Bundesländer,07,Rheinland-Pfalz,2018,"10,33"
LRB,17524,a_sva_exp,Beschäftigte mit Anforderungsniveau Experte,Bundesländer,07,Rheinland-Pfalz,2019,"10,55"
LRB,17524,a_sva_exp,Beschäftigte mit Anforderungsniveau Experte,Bundesländer,07,Rheinland-Pfalz,2020,"10,72"
LRB,17524,a_sva_exp,Beschäftigte mit Anforderungsniveau Experte,Bundesländer,07,Rheinland-Pfalz,2021,"10,83"
LRB,17524,a_sva_exp,Beschäftigte mit Anforderungsniveau Experte,Bundesländer,07,Rheinland-Pfalz,2022,"11,01"
LRB,17524,a_sva_exp,Beschäftigte mit Anforderungsniveau Experte,Bundesländer,07,Rheinland-Pfalz,2023,"10,85"
LRB,17806,a_svb_IT,Beschäftigte in IT- und naturwissenschaftlichen Dienstleistungsberufen,Bundesländer,07,Rheinland-Pfalz,2013,"4,12"
LRB,17806,a_svb_IT,Beschäftigte in IT- und naturwissenschaftlichen Dienstleistungsberufen,Bundesländer,07,Rheinland-Pfalz,2014,"4,07"
LRB,17806,a_svb_IT,Beschäftigte in IT- und naturwissenschaftlichen Dienstleistungsberufen,Bundesländer,07,Rheinland-Pfalz,2015,"3,47"
LRB,17806,a_svb_IT,Beschäftigte in IT- und naturwissenschaftlichen Dienstleistungsberufen,Bundesländer,07,Rheinland-Pfalz,2016,"3,47"
LRB,17806,a_svb_IT,Beschäftigte in IT- und naturwissenschaftlichen Dienstleistungsberufen,Bundesländer,07,Rheinland-Pfalz,2017,"3,43"
LRB,17806,a_svb_IT,Beschäftigte in IT- und naturwissenschaftlichen Dienstleistungsberufen,Bundesländer,07,Rheinland-Pfalz,2018,"3,51"
LRB,17806,a_svb_IT,Beschäftigte in IT- und naturwissenschaftlichen Dienstleistungsberufen,Bundesländer,07,Rheinland-Pfalz,2019,"3,57"
LRB,17806,a_svb_IT,Beschäftigte in IT- und naturwissenschaftlichen Dienstleistungsberufen,Bundesländer,07,Rheinland-Pfalz,2020,"3,64"
LRB,17806,a_svb_IT,Beschäftigte in IT- und naturwissenschaftlichen Dienstleistungsberufen,Bundesländer,07,Rheinland-Pfalz,2021,"3,70"
LRB,17806,a_svb_IT,Beschäftigte in IT- und naturwissenschaftlichen Dienstleistungsberufen,Bundesländer,07,Rheinland-Pfalz,2022,"3,80"
LRB,17806,a_svb_IT,Beschäftigte in IT- und naturwissenschaftlichen Dienstleistungsberufen,Bundesländer,07,Rheinland-Pfalz,2023,"3,93"
LRB,17062,a_svb_wissen,Beschäftigte in wissensintensiven Industrien,Bundesländer,07,Rheinland-Pfalz,2009,"7,58"
LRB,17062,a_svb_wissen,Beschäftigte in wissensintensiven Industrien,Bundesländer,07,Rheinland-Pfalz,2010,"7,56"
LRB,17062,a_svb_wissen,Beschäftigte in wissensintensiven Industrien,Bundesländer,07,Rheinland-Pfalz,2011,"11,96"
LRB,17062,a_svb_wissen,Beschäftigte in wissensintensiven Industrien,Bundesländer,07,Rheinland-Pfalz,2012,"12,05"
LRB,17062,a_svb_wissen,Beschäftigte in wissensintensiven Industrien,Bundesländer,07,Rheinland-Pfalz,2013,"11,54"
LRB,17062,a_svb_wissen,Beschäftigte in wissensintensiven Industrien,Bundesländer,07,Rheinland-Pfalz,2014,"11,47"
LRB,17062,a_svb_wissen,Beschäftigte in wissensintensiven Industrien,Bundesländer,07,Rheinland-Pfalz,2015,"11,23"
LRB,17062,a_svb_wissen,Beschäftigte in wissensintensiven Industrien,Bundesländer,07,Rheinland-Pfalz,2016,"7,15"
LRB,17062,a_svb_wissen,Beschäftigte in wissensintensiven Industrien,Bundesländer,07,Rheinland-Pfalz,2017,"7,06"
LRB,17062,a_svb_wissen,Beschäftigte in wissensintensiven Industrien,Bundesländer,07,Rheinland-Pfalz,2018,"7,00"
LRB,17062,a_svb_wissen,Beschäftigte in wissensintensiven Industrien,Bundesländer,07,Rheinland-Pfalz,2019,"7,11"
LRB,17062,a_svb_wissen,Beschäftigte in wissensintensiven Industrien,Bundesländer,07,Rheinland-Pfalz,2020,"7,83"
LRB,17062,a_svb_wissen,Beschäftigte in wissensintensiven Industrien,Bundesländer,07,Rheinland-Pfalz,2021,"7,55"
LRB,17062,a_svb_wissen,Beschäftigte in wissensintensiven Industrien,Bundesländer,07,Rheinland-Pfalz,2022,"7,48"
LRB,17062,a_svb_wissen,Beschäftigte in wissensintensiven Industrien,Bundesländer,07,Rheinland-Pfalz,2023,"7,51"
LRB,19147,e10_bev,Bevölkerungsentwicklung (10 Jahre),Bundesländer,07,Rheinland-Pfalz,1995,"10,04"
LRB,19147,e10_bev,Bevölkerungsentwicklung (10 Jahre),Bundesländer,07,Rheinland-Pfalz,1996,"10,77"
LRB,19147,e10_bev,Bevölkerungsentwicklung (10 Jahre),Bundesländer,07,Rheinland-Pfalz,1997,"11,33"
LRB,19147,e10_bev,Bevölkerungsentwicklung (10 Jahre),Bundesländer,07,Rheinland-Pfalz,1998,"10,18"
LRB,19147,e10_bev,Bevölkerungsentwicklung (10 Jahre),Bundesländer,07,Rheinland-Pfalz,1999,"8,89"
LRB,19147,e10_bev,Bevölkerungsentwicklung (10 Jahre),Bundesländer,07,Rheinland-Pfalz,2000,"7,20"
LRB,19147,e10_bev,Bevölkerungsentwicklung (10 Jahre),Bundesländer,07,Rheinland-Pfalz,2001,"5,96"
LRB,19147,e10_bev,Bevölkerungsentwicklung (10 Jahre),Bundesländer,07,Rheinland-Pfalz,2002,"4,55"
LRB,19147,e10_bev,Bevölkerungsentwicklung (10 Jahre),Bundesländer,07,Rheinland-Pfalz,2003,"3,38"
LRB,19147,e10_bev,Bevölkerungsentwicklung (10 Jahre),Bundesländer,07,Rheinland-Pfalz,2004,"2,77"
LRB,19147,e10_bev,Bevölkerungsentwicklung (10 Jahre),Bundesländer,07,Rheinland-Pfalz,2005,"2,03"
LRB,19147,e10_bev,Bevölkerungsentwicklung (10 Jahre),Bundesländer,07,Rheinland-Pfalz,2006,"1,31"
LRB,19147,e10_bev,Bevölkerungsentwicklung (10 Jahre),Bundesländer,07,Rheinland-Pfalz,2007,"0,69"
LRB,19147,e10_bev,Bevölkerungsentwicklung (10 Jahre),Bundesländer,07,Rheinland-Pfalz,2008,"0,08"
LRB,19147,e10_bev,Bevölkerungsentwicklung (10 Jahre),Bundesländer,07,Rheinland-Pfalz,2009,"-0,45"
LRB,19147,e10_bev,Bevölkerungsentwicklung (10 Jahre),Bundesländer,07,Rheinland-Pfalz,2010,"-0,76"
LRB,19147,e10_bev,Bevölkerungsentwicklung (10 Jahre),Bundesländer,07,Rheinland-Pfalz,2011,"-1,46"
LRB,19147,e10_bev,Bevölkerungsentwicklung (10 Jahre),Bundesländer,07,Rheinland-Pfalz,2012,"-1,66"
LRB,19147,e10_bev,Bevölkerungsentwicklung (10 Jahre),Bundesländer,07,Rheinland-Pfalz,2013,"-1,58"
LRB,19147,e10_bev,Bevölkerungsentwicklung (10 Jahre),Bundesländer,07,Rheinland-Pfalz,2014,"-1,22"
LRB,19147,e10_bev,Bevölkerungsentwicklung (10 Jahre),Bundesländer,07,Rheinland-Pfalz,2015,"-0,15"
LRB,19147,e10_bev,Bevölkerungsentwicklung (10 Jahre),Bundesländer,07,Rheinland-Pfalz,2016,"0,33"
LRB,19147,e10_bev,Bevölkerungsentwicklung (10 Jahre),Bundesländer,07,Rheinland-Pfalz,2017,"0,69"
LRB,19147,e10_bev,Bevölkerungsentwicklung (10 Jahre),Bundesländer,07,Rheinland-Pfalz,2018,"1,40"
LRB,19147,e10_bev,Bevölkerungsentwicklung (10 Jahre),Bundesländer,07,Rheinland-Pfalz,2019,"2,02"
LRB,19147,e10_bev,Bevölkerungsentwicklung (10 Jahre),Bundesländer,07,Rheinland-Pfalz,2020,"2,36"
LRB,19147,e10_bev,Bevölkerungsentwicklung (10 Jahre),Bundesländer,07,Rheinland-Pfalz,2021,"2,92"
LRB,19147,e10_bev,Bevölkerungsentwicklung (10 Jahre),Bundesländer,07,Rheinland-Pfalz,2022,"2,96"
LRB,19147,e10_bev,Bevölkerungsentwicklung (10 Jahre),Bundesländer,07,Rheinland-Pfalz,2023,"3,27"
LRB,15490,i_wans,Gesamtwanderungssaldo,Bundesländer,07,Rheinland-Pfalz,1995,"7,45"
LRB,15490,i_wans,Gesamtwanderungssaldo,Bundesländer,07,Rheinland-Pfalz,1996,"6,37"
LRB,15490,i_wans,Gesamtwanderungssaldo,Bundesländer,07,Rheinland-Pfalz,1997,"4,68"
LRB,15490,i_wans,Gesamtwanderungssaldo,Bundesländer,07,Rheinland-Pfalz,1998,"2,54"
LRB,15490,i_wans,Gesamtwanderungssaldo,Bundesländer,07,Rheinland-Pfalz,1999,"2,52"
LRB,15490,i_wans,Gesamtwanderungssaldo,Bundesländer,07,Rheinland-Pfalz,2000,"1,99"
LRB,15490,i_wans,Gesamtwanderungssaldo,Bundesländer,07,Rheinland-Pfalz,2001,"4,46"
LRB,15490,i_wans,Gesamtwanderungssaldo,Bundesländer,07,Rheinland-Pfalz,2002,"4,09"
LRB,15490,i_wans,Gesamtwanderungssaldo,Bundesländer,07,Rheinland-Pfalz,2003,"2,66"
LRB,15490,i_wans,Gesamtwanderungssaldo,Bundesländer,07,Rheinland-Pfalz,2004,"2,57"
LRB,15490,i_wans,Gesamtwanderungssaldo,Bundesländer,07,Rheinland-Pfalz,2005,"1,94"
LRB,15490,i_wans,Gesamtwanderungssaldo,Bundesländer,07,Rheinland-Pfalz,2006,"1,03"
LRB,15490,i_wans,Gesamtwanderungssaldo,Bundesländer,07,Rheinland-Pfalz,2007,"0,58"
LRB,15490,i_wans,Gesamtwanderungssaldo,Bundesländer,07,Rheinland-Pfalz,2008,"-1,65"
LRB,15490,i_wans,Gesamtwanderungssaldo,Bundesländer,07,Rheinland-Pfalz,2009,"-0,70"
LRB,15490,i_wans,Gesamtwanderungssaldo,Bundesländer,07,Rheinland-Pfalz,2010,"0,71"
LRB,15490,i_wans,Gesamtwanderungssaldo,Bundesländer,07,Rheinland-Pfalz,2011,"1,97"
LRB,15490,i_wans,Gesamtwanderungssaldo,Bundesländer,07,Rheinland-Pfalz,2012,"3,20"
LRB,15490,i_wans,Gesamtwanderungssaldo,Bundesländer,07,Rheinland-Pfalz,2013,"4,28"
LRB,15490,i_wans,Gesamtwanderungssaldo,Bundesländer,07,Rheinland-Pfalz,2014,"6,81"
LRB,15490,i_wans,Gesamtwanderungssaldo,Bundesländer,07,Rheinland-Pfalz,2015,"12,86"
LRB,15490,i_wans,Gesamtwanderungssaldo,Bundesländer,07,Rheinland-Pfalz,2016,"5,60"
LRB,15490,i_wans,Gesamtwanderungssaldo,Bundesländer,07,Rheinland-Pfalz,2017,"4,31"
LRB,15490,i_wans,Gesamtwanderungssaldo,Bundesländer,07,Rheinland-Pfalz,2018,"5,51"
LRB,15490,i_wans,Gesamtwanderungssaldo,Bundesländer,07,Rheinland-Pfalz,2019,"4,99"
LRB,15490,i_wans,Gesamtwanderungssaldo,Bundesländer,07,Rheinland-Pfalz,2020,"4,23"
LRB,15490,i_wans,Gesamtwanderungssaldo,Bundesländer,07,Rheinland-Pfalz,2021,"5,05"
LRB,15490,i_wans,Gesamtwanderungssaldo,Bundesländer,07,Rheinland-Pfalz,2022,"17,16"
LRB,15490,i_wans,Gesamtwanderungssaldo,Bundesländer,07,Rheinland-Pfalz,2023,"7,97"
LRB,20292,m_ek_akad,Medianeinkommen akademischer Berufsabschluss,Bundesländer,07,Rheinland-Pfalz,2014,"3731,64"
LRB,20292,m_ek_akad,Medianeinkommen akademischer Berufsabschluss,Bundesländer,07,Rheinland-Pfalz,2015,"3799,42"
LRB,20292,m_ek_akad,Medianeinkommen akademischer Berufsabschluss,Bundesländer,07,Rheinland-Pfalz,2016,"4141,38"
LRB,20292,m_ek_akad,Medianeinkommen akademischer Berufsabschluss,Bundesländer,07,Rheinland-Pfalz,2017,"4211,53"
LRB,20292,m_ek_akad,Medianeinkommen akademischer Berufsabschluss,Bundesländer,07,Rheinland-Pfalz,2018,"4313,41"
LRB,20292,m_ek_akad,Medianeinkommen akademischer Berufsabschluss,Bundesländer,07,Rheinland-Pfalz,2019,"5220,03"
LRB,20292,m_ek_akad,Medianeinkommen akademischer Berufsabschluss,Bundesländer,07,Rheinland-Pfalz,2020,"5257,78"
LRB,20292,m_ek_akad,Medianeinkommen akademischer Berufsabschluss,Bundesländer,07,Rheinland-Pfalz,2021,"5331,96"
LRB,20292,m_ek_akad,Medianeinkommen akademischer Berufsabschluss,Bundesländer,07,Rheinland-Pfalz,2022,"5450,30"
LRB,20292,m_ek_akad,Medianeinkommen akademischer Berufsabschluss,Bundesländer,07,Rheinland-Pfalz,2023,"5612,31"
LRB,20067,m_mietpr,Angebotsmietpreise,Bundesländer,07,Rheinland-Pfalz,2010,"6,00"
LRB,20067,m_mietpr,Angebotsmietpreise,Bundesländer,07,Rheinland-Pfalz,2011,"6,00"
LRB,20067,m_mietpr,Angebotsmietpreise,Bundesländer,07,Rheinland-Pfalz,2012,"6,00"
LRB,20067,m_mietpr,Angebotsmietpreise,Bundesländer,07,Rheinland-Pfalz,2013,"6,00"
LRB,20067,m_mietpr,Angebotsmietpreise,Bundesländer,07,Rheinland-Pfalz,2014,"6,00"
LRB,20067,m_mietpr,Angebotsmietpreise,Bundesländer,07,Rheinland-Pfalz,2015,"7,00"
LRB,20067,m_mietpr,Angebotsmietpreise,Bundesländer,07,Rheinland-Pfalz,2016,"7,00"
LRB,20067,m_mietpr,Angebotsmietpreise,Bundesländer,07,Rheinland-Pfalz,2017,"7,00"
LRB,20067,m_mietpr,Angebotsmietpreise,Bundesländer,07,Rheinland-Pfalz,2018,"8,00"
LRB,20067,m_mietpr,Angebotsmietpreise,Bundesländer,07,Rheinland-Pfalz,2019,"8,00"
LRB,20067,m_mietpr,Angebotsmietpreise,Bundesländer,07,Rheinland-Pfalz,2020,"8,00"
LRB,20067,m_mietpr,Angebotsmietpreise,Bundesländer,07,Rheinland-Pfalz,2021,"8,00"
LRB,20067,m_mietpr,Angebotsmietpreise,Bundesländer,07,Rheinland-Pfalz,2022,"9,00"
LRB,20067,m_mietpr,Angebotsmietpreise,Bundesländer,07,Rheinland-Pfalz,2023,"9,00"
LRB,20067,m_mietpr,Angebotsmietpreise,Bundesländer,07,Rheinland-Pfalz,2024,"10,00"
LRB,14574,q_alo,Arbeitslosenquote,Bundesländer,07,Rheinland-Pfalz,1998,"8,76"
LRB,14574,q_alo,Arbeitslosenquote,Bundesländer,07,Rheinland-Pfalz,1999,"8,23"
LRB,14574,q_alo,Arbeitslosenquote,Bundesländer,07,Rheinland-Pfalz,2000,"7,26"
LRB,14574,q_alo,Arbeitslosenquote,Bundesländer,07,Rheinland-Pfalz,2001,"6,83"
LRB,14574,q_alo,Arbeitslosenquote,Bundesländer,07,Rheinland-Pfalz,2002,"7,18"
LRB,14574,q_alo,Arbeitslosenquote,Bundesländer,07,Rheinland-Pfalz,2003,"7,66"
LRB,14574,q_alo,Arbeitslosenquote,Bundesländer,07,Rheinland-Pfalz,2004,"7,68"
LRB,14574,q_alo,Arbeitslosenquote,Bundesländer,07,Rheinland-Pfalz,2005,"8,83"
LRB,14574,q_alo,Arbeitslosenquote,Bundesländer,07,Rheinland-Pfalz,2006,"7,99"
LRB,14574,q_alo,Arbeitslosenquote,Bundesländer,07,Rheinland-Pfalz,2007,"6,50"
LRB,14574,q_alo,Arbeitslosenquote,Bundesländer,07,Rheinland-Pfalz,2008,"5,62"
LRB,14574,q_alo,Arbeitslosenquote,Bundesländer,07,Rheinland-Pfalz,2009,"6,08"
LRB,14574,q_alo,Arbeitslosenquote,Bundesländer,07,Rheinland-Pfalz,2010,"5,71"
LRB,14574,q_alo,Arbeitslosenquote,Bundesländer,07,Rheinland-Pfalz,2011,"5,28"
LRB,14574,q_alo,Arbeitslosenquote,Bundesländer,07,Rheinland-Pfalz,2012,"5,27"
LRB,14574,q_alo,Arbeitslosenquote,Bundesländer,07,Rheinland-Pfalz,2013,"5,47"
LRB,14574,q_alo,Arbeitslosenquote,Bundesländer,07,Rheinland-Pfalz,2014,"5,39"
LRB,14574,q_alo,Arbeitslosenquote,Bundesländer,07,Rheinland-Pfalz,2015,"5,21"
LRB,14574,q_alo,Arbeitslosenquote,Bundesländer,07,Rheinland-Pfalz,2016,"5,10"
LRB,14574,q_alo,Arbeitslosenquote,Bundesländer,07,Rheinland-Pfalz,2017,"4,83"
LRB,14574,q_alo,Arbeitslosenquote,Bundesländer,07,Rheinland-Pfalz,2018,"4,44"
LRB,14574,q_alo,Arbeitslosenquote,Bundesländer,07,Rheinland-Pfalz,2019,"4,35"
LRB,14574,q_alo,Arbeitslosenquote,Bundesländer,07,Rheinland-Pfalz,2020,"5,22"
LRB,14574,q_alo,Arbeitslosenquote,Bundesländer,07,Rheinland-Pfalz,2021,"4,97"
LRB,14574,q_alo,Arbeitslosenquote,Bundesländer,07,Rheinland-Pfalz,2022,"4,56"
LRB,14574,q_alo,Arbeitslosenquote,Bundesländer,07,Rheinland-Pfalz,2023,"4,91"
LRB,15125,q_bip_ew,Bruttoinlandsprodukt je Einwohner,Bundesländer,07,Rheinland-Pfalz,1995,"21,04"
LRB,15125,q_bip_ew,Bruttoinlandsprodukt je Einwohner,Bundesländer,07,Rheinland-Pfalz,1996,"20,97"
LRB,15125,q_bip_ew,Bruttoinlandsprodukt je Einwohner,Bundesländer,07,Rheinland-Pfalz,1997,"21,40"
LRB,15125,q_bip_ew,Bruttoinlandsprodukt je Einwohner,Bundesländer,07,Rheinland-Pfalz,1998,"21,63"
LRB,15125,q_bip_ew,Bruttoinlandsprodukt je Einwohner,Bundesländer,07,Rheinland-Pfalz,1999,"22,13"
LRB,15125,q_bip_ew,Bruttoinlandsprodukt je Einwohner,Bundesländer,07,Rheinland-Pfalz,2000,"23,20"
LRB,15125,q_bip_ew,Bruttoinlandsprodukt je Einwohner,Bundesländer,07,Rheinland-Pfalz,2001,"23,18"
LRB,15125,q_bip_ew,Bruttoinlandsprodukt je Einwohner,Bundesländer,07,Rheinland-Pfalz,2002,"23,59"
LRB,15125,q_bip_ew,Bruttoinlandsprodukt je Einwohner,Bundesländer,07,Rheinland-Pfalz,2003,"23,74"
LRB,15125,q_bip_ew,Bruttoinlandsprodukt je Einwohner,Bundesländer,07,Rheinland-Pfalz,2004,"24,45"
LRB,15125,q_bip_ew,Bruttoinlandsprodukt je Einwohner,Bundesländer,07,Rheinland-Pfalz,2005,"24,53"
LRB,15125,q_bip_ew,Bruttoinlandsprodukt je Einwohner,Bundesländer,07,Rheinland-Pfalz,2006,"25,53"
LRB,15125,q_bip_ew,Bruttoinlandsprodukt je Einwohner,Bundesländer,07,Rheinland-Pfalz,2007,"26,68"
LRB,15125,q_bip_ew,Bruttoinlandsprodukt je Einwohner,Bundesländer,07,Rheinland-Pfalz,2008,"27,17"
LRB,15125,q_bip_ew,Bruttoinlandsprodukt je Einwohner,Bundesländer,07,Rheinland-Pfalz,2009,"26,46"
LRB,15125,q_bip_ew,Bruttoinlandsprodukt je Einwohner,Bundesländer,07,Rheinland-Pfalz,2010,"28,09"
LRB,15125,q_bip_ew,Bruttoinlandsprodukt je Einwohner,Bundesländer,07,Rheinland-Pfalz,2011,"29,40"
LRB,15125,q_bip_ew,Bruttoinlandsprodukt je Einwohner,Bundesländer,07,Rheinland-Pfalz,2012,"30,20"
LRB,15125,q_bip_ew,Bruttoinlandsprodukt je Einwohner,Bundesländer,07,Rheinland-Pfalz,2013,"30,80"
LRB,15125,q_bip_ew,Bruttoinlandsprodukt je Einwohner,Bundesländer,07,Rheinland-Pfalz,2014,"31,79"
LRB,15125,q_bip_ew,Bruttoinlandsprodukt je Einwohner,Bundesländer,07,Rheinland-Pfalz,2015,"32,80"
LRB,15125,q_bip_ew,Bruttoinlandsprodukt je Einwohner,Bundesländer,07,Rheinland-Pfalz,2016,"33,52"
LRB,15125,q_bip_ew,Bruttoinlandsprodukt je Einwohner,Bundesländer,07,Rheinland-Pfalz,2017,"34,40"
LRB,15125,q_bip_ew,Bruttoinlandsprodukt je Einwohner,Bundesländer,07,Rheinland-Pfalz,2018,"35,02"
LRB,15125,q_bip_ew,Bruttoinlandsprodukt je Einwohner,Bundesländer,07,Rheinland-Pfalz,2019,"35,91"
LRB,15125,q_bip_ew,Bruttoinlandsprodukt je Einwohner,Bundesländer,07,Rheinland-Pfalz,2020,"35,24"
LRB,15125,q_bip_ew,Bruttoinlandsprodukt je Einwohner,Bundesländer,07,Rheinland-Pfalz,2021,"39,58"
LRB,15125,q_bip_ew,Bruttoinlandsprodukt je Einwohner,Bundesländer,07,Rheinland-Pfalz,2022,"41,80"
LRB,17508,q_svw,Beschäftigtenquote,Bundesländer,07,Rheinland-Pfalz,1997,"47,32"
LRB,17508,q_svw,Beschäftigtenquote,Bundesländer,07,Rheinland-Pfalz,1998,"47,46"
LRB,17508,q_svw,Beschäftigtenquote,Bundesländer,07,Rheinland-Pfalz,1999,"48,29"
LRB,17508,q_svw,Beschäftigtenquote,Bundesländer,07,Rheinland-Pfalz,2000,"49,18"
LRB,17508,q_svw,Beschäftigtenquote,Bundesländer,07,Rheinland-Pfalz,2001,"49,40"
LRB,17508,q_svw,Beschäftigtenquote,Bundesländer,07,Rheinland-Pfalz,2002,"49,43"
LRB,17508,q_svw,Beschäftigtenquote,Bundesländer,07,Rheinland-Pfalz,2003,"48,73"
LRB,17508,q_svw,Beschäftigtenquote,Bundesländer,07,Rheinland-Pfalz,2004,"48,37"
LRB,17508,q_svw,Beschäftigtenquote,Bundesländer,07,Rheinland-Pfalz,2005,"48,02"
LRB,17508,q_svw,Beschäftigtenquote,Bundesländer,07,Rheinland-Pfalz,2006,"48,51"
LRB,17508,q_svw,Beschäftigtenquote,Bundesländer,07,Rheinland-Pfalz,2007,"49,38"
LRB,17508,q_svw,Beschäftigtenquote,Bundesländer,07,Rheinland-Pfalz,2008,"50,56"
LRB,17508,q_svw,Beschäftigtenquote,Bundesländer,07,Rheinland-Pfalz,2009,"50,60"
LRB,17508,q_svw,Beschäftigtenquote,Bundesländer,07,Rheinland-Pfalz,2010,"51,14"
LRB,17508,q_svw,Beschäftigtenquote,Bundesländer,07,Rheinland-Pfalz,2011,"52,18"
LRB,17508,q_svw,Beschäftigtenquote,Bundesländer,07,Rheinland-Pfalz,2012,"52,77"
LRB,17508,q_svw,Beschäftigtenquote,Bundesländer,07,Rheinland-Pfalz,2013,"53,92"
LRB,17508,q_svw,Beschäftigtenquote,Bundesländer,07,Rheinland-Pfalz,2014,"54,75"
LRB,17508,q_svw,Beschäftigtenquote,Bundesländer,07,Rheinland-Pfalz,2015,"55,28"
LRB,17508,q_svw,Beschäftigtenquote,Bundesländer,07,Rheinland-Pfalz,2016,"56,14"
LRB,17508,q_svw,Beschäftigtenquote,Bundesländer,07,Rheinland-Pfalz,2017,"57,42"
LRB,17508,q_svw,Beschäftigtenquote,Bundesländer,07,Rheinland-Pfalz,2018,"58,54"
LRB,17508,q_svw,Beschäftigtenquote,Bundesländer,07,Rheinland-Pfalz,2019,"59,72"
LRB,17508,q_svw,Beschäftigtenquote,Bundesländer,07,Rheinland-Pfalz,2020,"59,82"
LRB,17508,q_svw,Beschäftigtenquote,Bundesländer,07,Rheinland-Pfalz,2021,"61,04"
LRB,17508,q_svw,Beschäftigtenquote,Bundesländer,07,Rheinland-Pfalz,2022,"62,32"
LRB,17508,q_svw,Beschäftigtenquote,Bundesländer,07,Rheinland-Pfalz,2023,"62,65"
LRB,12586,xbev,Bevölkerung gesamt,Bundesländer,07,Rheinland-Pfalz,1995,"3977919,00"
LRB,12586,xbev,Bevölkerung gesamt,Bundesländer,07,Rheinland-Pfalz,1996,"4000567,00"
LRB,12586,xbev,Bevölkerung gesamt,Bundesländer,07,Rheinland-Pfalz,1997,"4017828,00"
LRB,12586,xbev,Bevölkerung gesamt,Bundesländer,07,Rheinland-Pfalz,1998,"4024969,00"
LRB,12586,xbev,Bevölkerung gesamt,Bundesländer,07,Rheinland-Pfalz,1999,"4030773,00"
LRB,12586,xbev,Bevölkerung gesamt,Bundesländer,07,Rheinland-Pfalz,2000,"4034557,00"
LRB,12586,xbev,Bevölkerung gesamt,Bundesländer,07,Rheinland-Pfalz,2001,"4049066,00"
LRB,12586,xbev,Bevölkerung gesamt,Bundesländer,07,Rheinland-Pfalz,2002,"4057727,00"
LRB,12586,xbev,Bevölkerung gesamt,Bundesländer,07,Rheinland-Pfalz,2003,"4058682,00"
LRB,12586,xbev,Bevölkerung gesamt,Bundesländer,07,Rheinland-Pfalz,2004,"4061105,00"
LRB,12586,xbev,Bevölkerung gesamt,Bundesländer,07,Rheinland-Pfalz,2005,"4058843,00"
LRB,12586,xbev,Bevölkerung gesamt,Bundesländer,07,Rheinland-Pfalz,2006,"4052860,00"
LRB,12586,xbev,Bevölkerung gesamt,Bundesländer,07,Rheinland-Pfalz,2007,"4045643,00"
LRB,12586,xbev,Bevölkerung gesamt,Bundesländer,07,Rheinland-Pfalz,2008,"4028351,00"
LRB,12586,xbev,Bevölkerung gesamt,Bundesländer,07,Rheinland-Pfalz,2009,"4012675,00"
LRB,12586,xbev,Bevölkerung gesamt,Bundesländer,07,Rheinland-Pfalz,2010,"4003745,00"
LRB,12586,xbev,Bevölkerung gesamt,Bundesländer,07,Rheinland-Pfalz,2011,"3990033,00"
LRB,12586,xbev,Bevölkerung gesamt,Bundesländer,07,Rheinland-Pfalz,2012,"3990278,00"
LRB,12586,xbev,Bevölkerung gesamt,Bundesländer,07,Rheinland-Pfalz,2013,"3994366,00"
LRB,12586,xbev,Bevölkerung gesamt,Bundesländer,07,Rheinland-Pfalz,2014,"4011582,00"
LRB,12586,xbev,Bevölkerung gesamt,Bundesländer,07,Rheinland-Pfalz,2015,"4052803,00"
LRB,12586,xbev,Bevölkerung gesamt,Bundesländer,07,Rheinland-Pfalz,2016,"4066053,00"
LRB,12586,xbev,Bevölkerung gesamt,Bundesländer,07,Rheinland-Pfalz,2017,"4073679,00"
LRB,12586,xbev,Bevölkerung gesamt,Bundesländer,07,Rheinland-Pfalz,2018,"4084844,00"
LRB,12586,xbev,Bevölkerung gesamt,Bundesländer,07,Rheinland-Pfalz,2019,"4093903,00"
LRB,12586,xbev,Bevölkerung gesamt,Bundesländer,07,Rheinland-Pfalz,2020,"4098391,00"
LRB,12586,xbev,Bevölkerung gesamt,Bundesländer,07,Rheinland-Pfalz,2021,"4106485,00"
LRB,12586,xbev,Bevölkerung gesamt,Bundesländer,07,Rheinland-Pfalz,2022,"4108555,00"
LRB,12586,xbev,Bevölkerung gesamt,Bundesländer,07,Rheinland-Pfalz,2023,"4125163,00"
LRB,17274,a_bb_100Mbits,Bandbreitenverfügbarkeit mindestens 100 Mbit/s,Bundesländer,08,Baden-Württemberg,2017,"67,66"
LRB,17274,a_bb_100Mbits,Bandbreitenverfügbarkeit mindestens 100 Mbit/s,Bundesländer,08,Baden-Württemberg,2020,"88,14"
LRB,17274,a_bb_100Mbits,Bandbreitenverfügbarkeit mindestens 100 Mbit/s,Bundesländer,08,Baden-Württemberg,2021,"88,89"
LRB,17274,a_bb_100Mbits,Bandbreitenverfügbarkeit mindestens 100 Mbit/s,Bundesländer,08,Baden-Württemberg,2022,"88,86"
LRB,17274,a_bb_100Mbits,Bandbreitenverfügbarkeit mindestens 100 Mbit/s,Bundesländer,08,Baden-Württemberg,2023,"90,29"
LRB,17524,a_sva_exp,Beschäftigte mit Anforderungsniveau Experte,Bundesländer,08,Baden-Württemberg,2013,"12,60"
LRB,17524,a_sva_exp,Beschäftigte mit Anforderungsniveau Experte,Bundesländer,08,Baden-Württemberg,2014,"12,65"
LRB,17524,a_sva_exp,Beschäftigte mit Anforderungsniveau Experte,Bundesländer,08,Baden-Württemberg,2015,"12,74"
LRB,17524,a_sva_exp,Beschäftigte mit Anforderungsniveau Experte,Bundesländer,08,Baden-Württemberg,2016,"12,92"
LRB,17524,a_sva_exp,Beschäftigte mit Anforderungsniveau Experte,Bundesländer,08,Baden-Württemberg,2017,"13,05"
LRB,17524,a_sva_exp,Beschäftigte mit Anforderungsniveau Experte,Bundesländer,08,Baden-Württemberg,2018,"13,26"
LRB,17524,a_sva_exp,Beschäftigte mit Anforderungsniveau Experte,Bundesländer,08,Baden-Württemberg,2019,"13,58"
LRB,17524,a_sva_exp,Beschäftigte mit Anforderungsniveau Experte,Bundesländer,08,Baden-Württemberg,2020,"13,89"
LRB,17524,a_sva_exp,Beschäftigte mit Anforderungsniveau Experte,Bundesländer,08,Baden-Württemberg,2021,"14,07"
LRB,17524,a_sva_exp,Beschäftigte mit Anforderungsniveau Experte,Bundesländer,08,Baden-Württemberg,2022,"14,30"
LRB,17524,a_sva_exp,Beschäftigte mit Anforderungsniveau Experte,Bundesländer,08,Baden-Württemberg,2023,"14,52"
LRB,17806,a_svb_IT,Beschäftigte in IT- und naturwissenschaftlichen Dienstleistungsberufen,Bundesländer,08,Baden-Württemberg,2013,"4,06"
LRB,17806,a_svb_IT,Beschäftigte in IT- und naturwissenschaftlichen Dienstleistungsberufen,Bundesländer,08,Baden-Württemberg,2014,"4,09"
LRB,17806,a_svb_IT,Beschäftigte in IT- und naturwissenschaftlichen Dienstleistungsberufen,Bundesländer,08,Baden-Württemberg,2015,"4,14"
LRB,17806,a_svb_IT,Beschäftigte in IT- und naturwissenschaftlichen Dienstleistungsberufen,Bundesländer,08,Baden-Württemberg,2016,"4,20"
LRB,17806,a_svb_IT,Beschäftigte in IT- und naturwissenschaftlichen Dienstleistungsberufen,Bundesländer,08,Baden-Württemberg,2017,"4,28"
LRB,17806,a_svb_IT,Beschäftigte in IT- und naturwissenschaftlichen Dienstleistungsberufen,Bundesländer,08,Baden-Württemberg,2018,"4,38"
LRB,17806,a_svb_IT,Beschäftigte in IT- und naturwissenschaftlichen Dienstleistungsberufen,Bundesländer,08,Baden-Württemberg,2019,"4,53"
LRB,17806,a_svb_IT,Beschäftigte in IT- und naturwissenschaftlichen Dienstleistungsberufen,Bundesländer,08,Baden-Württemberg,2020,"4,71"
LRB,17806,a_svb_IT,Beschäftigte in IT- und naturwissenschaftlichen Dienstleistungsberufen,Bundesländer,08,Baden-Württemberg,2021,"4,82"
LRB,17806,a_svb_IT,Beschäftigte in IT- und naturwissenschaftlichen Dienstleistungsberufen,Bundesländer,08,Baden-Württemberg,2022,"4,99"
LRB,17806,a_svb_IT,Beschäftigte in IT- und naturwissenschaftlichen Dienstleistungsberufen,Bundesländer,08,Baden-Württemberg,2023,"5,19"
LRB,17062,a_svb_wissen,Beschäftigte in wissensintensiven Industrien,Bundesländer,08,Baden-Württemberg,2009,"17,73"
LRB,17062,a_svb_wissen,Beschäftigte in wissensintensiven Industrien,Bundesländer,08,Baden-Württemberg,2010,"17,48"
LRB,17062,a_svb_wissen,Beschäftigte in wissensintensiven Industrien,Bundesländer,08,Baden-Württemberg,2011,"17,43"
LRB,17062,a_svb_wissen,Beschäftigte in wissensintensiven Industrien,Bundesländer,08,Baden-Württemberg,2012,"17,48"
LRB,17062,a_svb_wissen,Beschäftigte in wissensintensiven Industrien,Bundesländer,08,Baden-Württemberg,2013,"16,97"
LRB,17062,a_svb_wissen,Beschäftigte in wissensintensiven Industrien,Bundesländer,08,Baden-Württemberg,2014,"16,91"
LRB,17062,a_svb_wissen,Beschäftigte in wissensintensiven Industrien,Bundesländer,08,Baden-Württemberg,2015,"16,74"
LRB,17062,a_svb_wissen,Beschäftigte in wissensintensiven Industrien,Bundesländer,08,Baden-Württemberg,2016,"16,58"
LRB,17062,a_svb_wissen,Beschäftigte in wissensintensiven Industrien,Bundesländer,08,Baden-Württemberg,2017,"16,51"
LRB,17062,a_svb_wissen,Beschäftigte in wissensintensiven Industrien,Bundesländer,08,Baden-Württemberg,2018,"16,65"
LRB,17062,a_svb_wissen,Beschäftigte in wissensintensiven Industrien,Bundesländer,08,Baden-Württemberg,2019,"16,76"
LRB,17062,a_svb_wissen,Beschäftigte in wissensintensiven Industrien,Bundesländer,08,Baden-Württemberg,2020,"16,67"
LRB,17062,a_svb_wissen,Beschäftigte in wissensintensiven Industrien,Bundesländer,08,Baden-Württemberg,2021,"16,27"
LRB,17062,a_svb_wissen,Beschäftigte in wissensintensiven Industrien,Bundesländer,08,Baden-Württemberg,2022,"16,26"
LRB,17062,a_svb_wissen,Beschäftigte in wissensintensiven Industrien,Bundesländer,08,Baden-Württemberg,2023,"16,34"
LRB,19147,e10_bev,Bevölkerungsentwicklung (10 Jahre),Bundesländer,08,Baden-Württemberg,1995,"11,30"
LRB,19147,e10_bev,Bevölkerungsentwicklung (10 Jahre),Bundesländer,08,Baden-Württemberg,1996,"11,23"
LRB,19147,e10_bev,Bevölkerungsentwicklung (10 Jahre),Bundesländer,08,Baden-Württemberg,1997,"10,72"
LRB,19147,e10_bev,Bevölkerungsentwicklung (10 Jahre),Bundesländer,08,Baden-Württemberg,1998,"10,53"
LRB,19147,e10_bev,Bevölkerungsentwicklung (10 Jahre),Bundesländer,08,Baden-Württemberg,1999,"8,91"
LRB,19147,e10_bev,Bevölkerungsentwicklung (10 Jahre),Bundesländer,08,Baden-Württemberg,2000,"7,15"
LRB,19147,e10_bev,Bevölkerungsentwicklung (10 Jahre),Bundesländer,08,Baden-Württemberg,2001,"5,99"
LRB,19147,e10_bev,Bevölkerungsentwicklung (10 Jahre),Bundesländer,08,Baden-Württemberg,2002,"5,05"
LRB,19147,e10_bev,Bevölkerungsentwicklung (10 Jahre),Bundesländer,08,Baden-Württemberg,2003,"4,48"
LRB,19147,e10_bev,Bevölkerungsentwicklung (10 Jahre),Bundesländer,08,Baden-Württemberg,2004,"4,34"
LRB,19147,e10_bev,Bevölkerungsentwicklung (10 Jahre),Bundesländer,08,Baden-Württemberg,2005,"4,03"
LRB,19147,e10_bev,Bevölkerungsentwicklung (10 Jahre),Bundesländer,08,Baden-Württemberg,2006,"3,51"
LRB,19147,e10_bev,Bevölkerungsentwicklung (10 Jahre),Bundesländer,08,Baden-Württemberg,2007,"3,40"
LRB,19147,e10_bev,Bevölkerungsentwicklung (10 Jahre),Bundesländer,08,Baden-Württemberg,2008,"3,10"
LRB,19147,e10_bev,Bevölkerungsentwicklung (10 Jahre),Bundesländer,08,Baden-Württemberg,2009,"2,57"
LRB,19147,e10_bev,Bevölkerungsentwicklung (10 Jahre),Bundesländer,08,Baden-Württemberg,2010,"2,18"
LRB,19147,e10_bev,Bevölkerungsentwicklung (10 Jahre),Bundesländer,08,Baden-Württemberg,2011,"-0,83"
LRB,19147,e10_bev,Bevölkerungsentwicklung (10 Jahre),Bundesländer,08,Baden-Württemberg,2012,"-0,86"
LRB,19147,e10_bev,Bevölkerungsentwicklung (10 Jahre),Bundesländer,08,Baden-Württemberg,2013,"-0,57"
LRB,19147,e10_bev,Bevölkerungsentwicklung (10 Jahre),Bundesländer,08,Baden-Württemberg,2014,"-0,01"
LRB,19147,e10_bev,Bevölkerungsentwicklung (10 Jahre),Bundesländer,08,Baden-Württemberg,2015,"1,34"
LRB,19147,e10_bev,Bevölkerungsentwicklung (10 Jahre),Bundesländer,08,Baden-Württemberg,2016,"1,98"
LRB,19147,e10_bev,Bevölkerungsentwicklung (10 Jahre),Bundesländer,08,Baden-Württemberg,2017,"2,55"
LRB,19147,e10_bev,Bevölkerungsentwicklung (10 Jahre),Bundesländer,08,Baden-Württemberg,2018,"2,98"
LRB,19147,e10_bev,Bevölkerungsentwicklung (10 Jahre),Bundesländer,08,Baden-Württemberg,2019,"3,31"
LRB,19147,e10_bev,Bevölkerungsentwicklung (10 Jahre),Bundesländer,08,Baden-Württemberg,2020,"3,25"
LRB,19147,e10_bev,Bevölkerungsentwicklung (10 Jahre),Bundesländer,08,Baden-Württemberg,2021,"5,82"
LRB,19147,e10_bev,Bevölkerungsentwicklung (10 Jahre),Bundesländer,08,Baden-Württemberg,2022,"5,66"
LRB,19147,e10_bev,Bevölkerungsentwicklung (10 Jahre),Bundesländer,08,Baden-Württemberg,2023,"5,64"
LRB,15490,i_wans,Gesamtwanderungssaldo,Bundesländer,08,Baden-Württemberg,1995,"3,16"
LRB,15490,i_wans,Gesamtwanderungssaldo,Bundesländer,08,Baden-Württemberg,1996,"3,80"
LRB,15490,i_wans,Gesamtwanderungssaldo,Bundesländer,08,Baden-Württemberg,1997,"0,27"
LRB,15490,i_wans,Gesamtwanderungssaldo,Bundesländer,08,Baden-Württemberg,1998,"1,46"
LRB,15490,i_wans,Gesamtwanderungssaldo,Bundesländer,08,Baden-Württemberg,1999,"3,71"
LRB,15490,i_wans,Gesamtwanderungssaldo,Bundesländer,08,Baden-Württemberg,2000,"3,58"
LRB,15490,i_wans,Gesamtwanderungssaldo,Bundesländer,08,Baden-Württemberg,2001,"6,43"
LRB,15490,i_wans,Gesamtwanderungssaldo,Bundesländer,08,Baden-Württemberg,2002,"5,26"
LRB,15490,i_wans,Gesamtwanderungssaldo,Bundesländer,08,Baden-Württemberg,2003,"2,92"
LRB,15490,i_wans,Gesamtwanderungssaldo,Bundesländer,08,Baden-Württemberg,2004,"1,87"
LRB,15490,i_wans,Gesamtwanderungssaldo,Bundesländer,08,Baden-Württemberg,2005,"1,69"
LRB,15490,i_wans,Gesamtwanderungssaldo,Bundesländer,08,Baden-Württemberg,2006,"0,37"
LRB,15490,i_wans,Gesamtwanderungssaldo,Bundesländer,08,Baden-Württemberg,2007,"1,15"
LRB,15490,i_wans,Gesamtwanderungssaldo,Bundesländer,08,Baden-Württemberg,2008,"0,41"
LRB,15490,i_wans,Gesamtwanderungssaldo,Bundesländer,08,Baden-Württemberg,2009,"0,32"
LRB,15490,i_wans,Gesamtwanderungssaldo,Bundesländer,08,Baden-Württemberg,2010,"1,61"
LRB,15490,i_wans,Gesamtwanderungssaldo,Bundesländer,08,Baden-Württemberg,2011,"3,94"
LRB,15490,i_wans,Gesamtwanderungssaldo,Bundesländer,08,Baden-Württemberg,2012,"6,23"
LRB,15490,i_wans,Gesamtwanderungssaldo,Bundesländer,08,Baden-Württemberg,2013,"6,60"
LRB,15490,i_wans,Gesamtwanderungssaldo,Bundesländer,08,Baden-Württemberg,2014,"8,36"
LRB,15490,i_wans,Gesamtwanderungssaldo,Bundesländer,08,Baden-Württemberg,2015,"15,67"
LRB,15490,i_wans,Gesamtwanderungssaldo,Bundesländer,08,Baden-Württemberg,2016,"6,95"
LRB,15490,i_wans,Gesamtwanderungssaldo,Bundesländer,08,Baden-Württemberg,2017,"6,54"
LRB,15490,i_wans,Gesamtwanderungssaldo,Bundesländer,08,Baden-Württemberg,2018,"4,60"
LRB,15490,i_wans,Gesamtwanderungssaldo,Bundesländer,08,Baden-Württemberg,2019,"3,40"
LRB,15490,i_wans,Gesamtwanderungssaldo,Bundesländer,08,Baden-Württemberg,2020,"1,22"
LRB,15490,i_wans,Gesamtwanderungssaldo,Bundesländer,08,Baden-Württemberg,2021,"2,68"
LRB,15490,i_wans,Gesamtwanderungssaldo,Bundesländer,08,Baden-Württemberg,2022,"15,96"
LRB,15490,i_wans,Gesamtwanderungssaldo,Bundesländer,08,Baden-Württemberg,2023,"7,45"
LRB,20292,m_ek_akad,Medianeinkommen akademischer Berufsabschluss,Bundesländer,08,Baden-Württemberg,2014,"5249,87"
LRB,20292,m_ek_akad,Medianeinkommen akademischer Berufsabschluss,Bundesländer,08,Baden-Württemberg,2015,"5310,26"
LRB,20292,m_ek_akad,Medianeinkommen akademischer Berufsabschluss,Bundesländer,08,Baden-Württemberg,2016,"5354,13"
LRB,20292,m_ek_akad,Medianeinkommen akademischer Berufsabschluss,Bundesländer,08,Baden-Württemberg,2017,"5443,00"
LRB,20292,m_ek_akad,Medianeinkommen akademischer Berufsabschluss,Bundesländer,08,Baden-Württemberg,2018,"5565,93"
LRB,20292,m_ek_akad,Medianeinkommen akademischer Berufsabschluss,Bundesländer,08,Baden-Württemberg,2019,"5685,27"
LRB,20292,m_ek_akad,Medianeinkommen akademischer Berufsabschluss,Bundesländer,08,Baden-Württemberg,2020,"5671,66"
LRB,20292,m_ek_akad,Medianeinkommen akademischer Berufsabschluss,Bundesländer,08,Baden-Württemberg,2021,"5772,66"
LRB,20292,m_ek_akad,Medianeinkommen akademischer Berufsabschluss,Bundesländer,08,Baden-Württemberg,2022,"5908,81"
LRB,20292,m_ek_akad,Medianeinkommen akademischer Berufsabschluss,Bundesländer,08,Baden-Württemberg,2023,"6142,32"
LRB,20067,m_mietpr,Angebotsmietpreise,Bundesländer,08,Baden-Württemberg,2010,"7,00"
LRB,20067,m_mietpr,Angebotsmietpreise,Bundesländer,08,Baden-Württemberg,2011,"7,00"
LRB,20067,m_mietpr,Angebotsmietpreise,Bundesländer,08,Baden-Württemberg,2012,"7,00"
LRB,20067,m_mietpr,Angebotsmietpreise,Bundesländer,08,Baden-Württemberg,2013,"8,00"
LRB,20067,m_mietpr,Angebotsmietpreise,Bundesländer,08,Baden-Württemberg,2014,"8,00"
LRB,20067,m_mietpr,Angebotsmietpreise,Bundesländer,08,Baden-Württemberg,2015,"8,00"
LRB,20067,m_mietpr,Angebotsmietpreise,Bundesländer,08,Baden-Württemberg,2016,"9,00"
LRB,20067,m_mietpr,Angebotsmietpreise,Bundesländer,08,Baden-Württemberg,2017,"9,00"
LRB,20067,m_mietpr,Angebotsmietpreise,Bundesländer,08,Baden-Württemberg,2018,"10,00"
LRB,20067,m_mietpr,Angebotsmietpreise,Bundesländer,08,Baden-Württemberg,2019,"10,00"
LRB,20067,m_mietpr,Angebotsmietpreise,Bundesländer,08,Baden-Württemberg,2020,"11,00"
LRB,20067,m_mietpr,Angebotsmietpreise,Bundesländer,08,Baden-Württemberg,2021,"11,00"
LRB,20067,m_mietpr,Angebotsmietpreise,Bundesländer,08,Baden-Württemberg,2022,"11,00"
LRB,20067,m_mietpr,Angebotsmietpreise,Bundesländer,08,Baden-Württemberg,2023,"12,00"
LRB,20067,m_mietpr,Angebotsmietpreise,Bundesländer,08,Baden-Württemberg,2024,"12,00"
LRB,14574,q_alo,Arbeitslosenquote,Bundesländer,08,Baden-Württemberg,1998,"7,09"
LRB,14574,q_alo,Arbeitslosenquote,Bundesländer,08,Baden-Württemberg,1999,"6,49"
LRB,14574,q_alo,Arbeitslosenquote,Bundesländer,08,Baden-Württemberg,2000,"5,40"
LRB,14574,q_alo,Arbeitslosenquote,Bundesländer,08,Baden-Württemberg,2001,"4,94"
LRB,14574,q_alo,Arbeitslosenquote,Bundesländer,08,Baden-Württemberg,2002,"5,44"
LRB,14574,q_alo,Arbeitslosenquote,Bundesländer,08,Baden-Württemberg,2003,"6,15"
LRB,14574,q_alo,Arbeitslosenquote,Bundesländer,08,Baden-Württemberg,2004,"6,20"
LRB,14574,q_alo,Arbeitslosenquote,Bundesländer,08,Baden-Württemberg,2005,"7,02"
LRB,14574,q_alo,Arbeitslosenquote,Bundesländer,08,Baden-Württemberg,2006,"6,33"
LRB,14574,q_alo,Arbeitslosenquote,Bundesländer,08,Baden-Württemberg,2007,"4,94"
LRB,14574,q_alo,Arbeitslosenquote,Bundesländer,08,Baden-Württemberg,2008,"4,14"
LRB,14574,q_alo,Arbeitslosenquote,Bundesländer,08,Baden-Württemberg,2009,"5,09"
LRB,14574,q_alo,Arbeitslosenquote,Bundesländer,08,Baden-Württemberg,2010,"4,87"
LRB,14574,q_alo,Arbeitslosenquote,Bundesländer,08,Baden-Württemberg,2011,"4,07"
LRB,14574,q_alo,Arbeitslosenquote,Bundesländer,08,Baden-Württemberg,2012,"3,93"
LRB,14574,q_alo,Arbeitslosenquote,Bundesländer,08,Baden-Württemberg,2013,"4,06"
LRB,14574,q_alo,Arbeitslosenquote,Bundesländer,08,Baden-Württemberg,2014,"3,96"
LRB,14574,q_alo,Arbeitslosenquote,Bundesländer,08,Baden-Württemberg,2015,"3,84"
LRB,14574,q_alo,Arbeitslosenquote,Bundesländer,08,Baden-Württemberg,2016,"3,78"
LRB,14574,q_alo,Arbeitslosenquote,Bundesländer,08,Baden-Württemberg,2017,"3,50"
LRB,14574,q_alo,Arbeitslosenquote,Bundesländer,08,Baden-Württemberg,2018,"3,17"
LRB,14574,q_alo,Arbeitslosenquote,Bundesländer,08,Baden-Württemberg,2019,"3,16"
LRB,14574,q_alo,Arbeitslosenquote,Bundesländer,08,Baden-Württemberg,2020,"4,12"
LRB,14574,q_alo,Arbeitslosenquote,Bundesländer,08,Baden-Württemberg,2021,"3,92"
LRB,14574,q_alo,Arbeitslosenquote,Bundesländer,08,Baden-Württemberg,2022,"3,54"
LRB,14574,q_alo,Arbeitslosenquote,Bundesländer,08,Baden-Württemberg,2023,"3,88"
LRB,15125,q_bip_ew,Bruttoinlandsprodukt je Einwohner,Bundesländer,08,Baden-Württemberg,1995,"25,37"
LRB,15125,q_bip_ew,Bruttoinlandsprodukt je Einwohner,Bundesländer,08,Baden-Württemberg,1996,"25,73"
LRB,15125,q_bip_ew,Bruttoinlandsprodukt je Einwohner,Bundesländer,08,Baden-Württemberg,1997,"26,17"
LRB,15125,q_bip_ew,Bruttoinlandsprodukt je Einwohner,Bundesländer,08,Baden-Württemberg,1998,"26,89"
LRB,15125,q_bip_ew,Bruttoinlandsprodukt je Einwohner,Bundesländer,08,Baden-Württemberg,1999,"27,60"
LRB,15125,q_bip_ew,Bruttoinlandsprodukt je Einwohner,Bundesländer,08,Baden-Württemberg,2000,"29,34"
LRB,15125,q_bip_ew,Bruttoinlandsprodukt je Einwohner,Bundesländer,08,Baden-Württemberg,2001,"30,48"
LRB,15125,q_bip_ew,Bruttoinlandsprodukt je Einwohner,Bundesländer,08,Baden-Württemberg,2002,"30,53"
LRB,15125,q_bip_ew,Bruttoinlandsprodukt je Einwohner,Bundesländer,08,Baden-Württemberg,2003,"30,78"
LRB,15125,q_bip_ew,Bruttoinlandsprodukt je Einwohner,Bundesländer,08,Baden-Württemberg,2004,"31,10"
LRB,15125,q_bip_ew,Bruttoinlandsprodukt je Einwohner,Bundesländer,08,Baden-Württemberg,2005,"31,28"
LRB,15125,q_bip_ew,Bruttoinlandsprodukt je Einwohner,Bundesländer,08,Baden-Württemberg,2006,"33,27"
LRB,15125,q_bip_ew,Bruttoinlandsprodukt je Einwohner,Bundesländer,08,Baden-Württemberg,2007,"35,07"
LRB,15125,q_bip_ew,Bruttoinlandsprodukt je Einwohner,Bundesländer,08,Baden-Württemberg,2008,"35,53"
LRB,15125,q_bip_ew,Bruttoinlandsprodukt je Einwohner,Bundesländer,08,Baden-Württemberg,2009,"32,90"
LRB,15125,q_bip_ew,Bruttoinlandsprodukt je Einwohner,Bundesländer,08,Baden-Württemberg,2010,"35,61"
LRB,15125,q_bip_ew,Bruttoinlandsprodukt je Einwohner,Bundesländer,08,Baden-Württemberg,2011,"38,58"
LRB,15125,q_bip_ew,Bruttoinlandsprodukt je Einwohner,Bundesländer,08,Baden-Württemberg,2012,"39,23"
LRB,15125,q_bip_ew,Bruttoinlandsprodukt je Einwohner,Bundesländer,08,Baden-Württemberg,2013,"40,01"
LRB,15125,q_bip_ew,Bruttoinlandsprodukt je Einwohner,Bundesländer,08,Baden-Württemberg,2014,"41,31"
LRB,15125,q_bip_ew,Bruttoinlandsprodukt je Einwohner,Bundesländer,08,Baden-Württemberg,2015,"42,59"
LRB,15125,q_bip_ew,Bruttoinlandsprodukt je Einwohner,Bundesländer,08,Baden-Württemberg,2016,"43,36"
LRB,15125,q_bip_ew,Bruttoinlandsprodukt je Einwohner,Bundesländer,08,Baden-Württemberg,2017,"45,11"
LRB,15125,q_bip_ew,Bruttoinlandsprodukt je Einwohner,Bundesländer,08,Baden-Württemberg,2018,"46,67"
LRB,15125,q_bip_ew,Bruttoinlandsprodukt je Einwohner,Bundesländer,08,Baden-Württemberg,2019,"47,33"
LRB,15125,q_bip_ew,Bruttoinlandsprodukt je Einwohner,Bundesländer,08,Baden-Württemberg,2020,"45,85"
LRB,15125,q_bip_ew,Bruttoinlandsprodukt je Einwohner,Bundesländer,08,Baden-Württemberg,2021,"48,48"
LRB,15125,q_bip_ew,Bruttoinlandsprodukt je Einwohner,Bundesländer,08,Baden-Württemberg,2022,"51,59"
LRB,17508,q_svw,Beschäftigtenquote,Bundesländer,08,Baden-Württemberg,1997,"50,18"
LRB,17508,q_svw,Beschäftigtenquote,Bundesländer,08,Baden-Württemberg,1998,"50,17"
LRB,17508,q_svw,Beschäftigtenquote,Bundesländer,08,Baden-Württemberg,1999,"50,63"
LRB,17508,q_svw,Beschäftigtenquote,Bundesländer,08,Baden-Württemberg,2000,"51,56"
LRB,17508,q_svw,Beschäftigtenquote,Bundesländer,08,Baden-Württemberg,2001,"51,83"
LRB,17508,q_svw,Beschäftigtenquote,Bundesländer,08,Baden-Württemberg,2002,"51,71"
LRB,17508,q_svw,Beschäftigtenquote,Bundesländer,08,Baden-Württemberg,2003,"50,86"
LRB,17508,q_svw,Beschäftigtenquote,Bundesländer,08,Baden-Württemberg,2004,"50,40"
LRB,17508,q_svw,Beschäftigtenquote,Bundesländer,08,Baden-Württemberg,2005,"50,23"
LRB,17508,q_svw,Beschäftigtenquote,Bundesländer,08,Baden-Württemberg,2006,"50,72"
LRB,17508,q_svw,Beschäftigtenquote,Bundesländer,08,Baden-Württemberg,2007,"51,53"
LRB,17508,q_svw,Beschäftigtenquote,Bundesländer,08,Baden-Württemberg,2008,"52,69"
LRB,17508,q_svw,Beschäftigtenquote,Bundesländer,08,Baden-Württemberg,2009,"52,22"
LRB,17508,q_svw,Beschäftigtenquote,Bundesländer,08,Baden-Württemberg,2010,"52,55"
LRB,17508,q_svw,Beschäftigtenquote,Bundesländer,08,Baden-Württemberg,2011,"55,31"
LRB,17508,q_svw,Beschäftigtenquote,Bundesländer,08,Baden-Württemberg,2012,"56,06"
LRB,17508,q_svw,Beschäftigtenquote,Bundesländer,08,Baden-Württemberg,2013,"56,97"
LRB,17508,q_svw,Beschäftigtenquote,Bundesländer,08,Baden-Württemberg,2014,"57,89"
LRB,17508,q_svw,Beschäftigtenquote,Bundesländer,08,Baden-Württemberg,2015,"58,39"
LRB,17508,q_svw,Beschäftigtenquote,Bundesländer,08,Baden-Württemberg,2016,"59,66"
LRB,17508,q_svw,Beschäftigtenquote,Bundesländer,08,Baden-Württemberg,2017,"60,91"
LRB,17508,q_svw,Beschäftigtenquote,Bundesländer,08,Baden-Württemberg,2018,"62,40"
LRB,17508,q_svw,Beschäftigtenquote,Bundesländer,08,Baden-Württemberg,2019,"63,53"
LRB,17508,q_svw,Beschäftigtenquote,Bundesländer,08,Baden-Württemberg,2020,"63,57"
LRB,17508,q_svw,Beschäftigtenquote,Bundesländer,08,Baden-Württemberg,2021,"64,63"
LRB,17508,q_svw,Beschäftigtenquote,Bundesländer,08,Baden-Württemberg,2022,"65,65"
LRB,17508,q_svw,Beschäftigtenquote,Bundesländer,08,Baden-Württemberg,2023,"65,99"
LRB,12586,xbev,Bevölkerung gesamt,Bundesländer,08,Baden-Württemberg,1995,"10319367,00"
LRB,12586,xbev,Bevölkerung gesamt,Bundesländer,08,Baden-Württemberg,1996,"10374505,00"
LRB,12586,xbev,Bevölkerung gesamt,Bundesländer,08,Baden-Württemberg,1997,"10396610,00"
LRB,12586,xbev,Bevölkerung gesamt,Bundesländer,08,Baden-Württemberg,1998,"10426040,00"
LRB,12586,xbev,Bevölkerung gesamt,Bundesländer,08,Baden-Württemberg,1999,"10475932,00"
LRB,12586,xbev,Bevölkerung gesamt,Bundesländer,08,Baden-Württemberg,2000,"10524405,00"
LRB,12586,xbev,Bevölkerung gesamt,Bundesländer,08,Baden-Württemberg,2001,"10600906,00"
LRB,12586,xbev,Bevölkerung gesamt,Bundesländer,08,Baden-Württemberg,2002,"10661320,00"
LRB,12586,xbev,Bevölkerung gesamt,Bundesländer,08,Baden-Württemberg,2003,"10692556,00"
LRB,12586,xbev,Bevölkerung gesamt,Bundesländer,08,Baden-Württemberg,2004,"10717419,00"
LRB,12586,xbev,Bevölkerung gesamt,Bundesländer,08,Baden-Württemberg,2005,"10735701,00"
LRB,12586,xbev,Bevölkerung gesamt,Bundesländer,08,Baden-Württemberg,2006,"10738753,00"
LRB,12586,xbev,Bevölkerung gesamt,Bundesländer,08,Baden-Württemberg,2007,"10749755,00"
LRB,12586,xbev,Bevölkerung gesamt,Bundesländer,08,Baden-Württemberg,2008,"10749506,00"
LRB,12586,xbev,Bevölkerung gesamt,Bundesländer,08,Baden-Württemberg,2009,"10744921,00"
LRB,12586,xbev,Bevölkerung gesamt,Bundesländer,08,Baden-Württemberg,2010,"10753880,00"
LRB,12586,xbev,Bevölkerung gesamt,Bundesländer,08,Baden-Württemberg,2011,"10512441,00"
LRB,12586,xbev,Bevölkerung gesamt,Bundesländer,08,Baden-Württemberg,2012,"10569111,00"
LRB,12586,xbev,Bevölkerung gesamt,Bundesländer,08,Baden-Württemberg,2013,"10631278,00"
LRB,12586,xbev,Bevölkerung gesamt,Bundesländer,08,Baden-Württemberg,2014,"10716644,00"
LRB,12586,xbev,Bevölkerung gesamt,Bundesländer,08,Baden-Württemberg,2015,"10879618,00"
LRB,12586,xbev,Bevölkerung gesamt,Bundesländer,08,Baden-Württemberg,2016,"10951893,00"
LRB,12586,xbev,Bevölkerung gesamt,Bundesländer,08,Baden-Württemberg,2017,"11023425,00"
LRB,12586,xbev,Bevölkerung gesamt,Bundesländer,08,Baden-Württemberg,2018,"11069533,00"
LRB,12586,xbev,Bevölkerung gesamt,Bundesländer,08,Baden-Württemberg,2019,"11100394,00"
LRB,12586,xbev,Bevölkerung gesamt,Bundesländer,08,Baden-Württemberg,2020,"11103043,00"
LRB,12586,xbev,Bevölkerung gesamt,Bundesländer,08,Baden-Württemberg,2021,"11124642,00"
LRB,12586,xbev,Bevölkerung gesamt,Bundesländer,08,Baden-Württemberg,2022,"11167721,00"
LRB,12586,xbev,Bevölkerung gesamt,Bundesländer,08,Baden-Württemberg,2023,"11230740,00"
LRB,17274,a_bb_100Mbits,Bandbreitenverfügbarkeit mindestens 100 Mbit/s,Bundesländer,09,Bayern,2017,"63,64"
LRB,17274,a_bb_100Mbits,Bandbreitenverfügbarkeit mindestens 100 Mbit/s,Bundesländer,09,Bayern,2020,"89,91"
LRB,17274,a_bb_100Mbits,Bandbreitenverfügbarkeit mindestens 100 Mbit/s,Bundesländer,09,Bayern,2021,"90,70"
LRB,17274,a_bb_100Mbits,Bandbreitenverfügbarkeit mindestens 100 Mbit/s,Bundesländer,09,Bayern,2022,"91,03"
LRB,17274,a_bb_100Mbits,Bandbreitenverfügbarkeit mindestens 100 Mbit/s,Bundesländer,09,Bayern,2023,"93,09"
LRB,17524,a_sva_exp,Beschäftigte mit Anforderungsniveau Experte,Bundesländer,09,Bayern,2013,"12,77"
LRB,17524,a_sva_exp,Beschäftigte mit Anforderungsniveau Experte,Bundesländer,09,Bayern,2014,"12,93"
LRB,17524,a_sva_exp,Beschäftigte mit Anforderungsniveau Experte,Bundesländer,09,Bayern,2015,"13,21"
LRB,17524,a_sva_exp,Beschäftigte mit Anforderungsniveau Experte,Bundesländer,09,Bayern,2016,"13,42"
LRB,17524,a_sva_exp,Beschäftigte mit Anforderungsniveau Experte,Bundesländer,09,Bayern,2017,"13,63"
LRB,17524,a_sva_exp,Beschäftigte mit Anforderungsniveau Experte,Bundesländer,09,Bayern,2018,"13,89"
LRB,17524,a_sva_exp,Beschäftigte mit Anforderungsniveau Experte,Bundesländer,09,Bayern,2019,"14,30"
LRB,17524,a_sva_exp,Beschäftigte mit Anforderungsniveau Experte,Bundesländer,09,Bayern,2020,"14,70"
LRB,17524,a_sva_exp,Beschäftigte mit Anforderungsniveau Experte,Bundesländer,09,Bayern,2021,"14,91"
LRB,17524,a_sva_exp,Beschäftigte mit Anforderungsniveau Experte,Bundesländer,09,Bayern,2022,"15,19"
LRB,17524,a_sva_exp,Beschäftigte mit Anforderungsniveau Experte,Bundesländer,09,Bayern,2023,"15,35"
LRB,17806,a_svb_IT,Beschäftigte in IT- und naturwissenschaftlichen Dienstleistungsberufen,Bundesländer,09,Bayern,2013,"3,77"
LRB,17806,a_svb_IT,Beschäftigte in IT- und naturwissenschaftlichen Dienstleistungsberufen,Bundesländer,09,Bayern,2014,"3,84"
LRB,17806,a_svb_IT,Beschäftigte in IT- und naturwissenschaftlichen Dienstleistungsberufen,Bundesländer,09,Bayern,2015,"3,93"
LRB,17806,a_svb_IT,Beschäftigte in IT- und naturwissenschaftlichen Dienstleistungsberufen,Bundesländer,09,Bayern,2016,"3,99"
LRB,17806,a_svb_IT,Beschäftigte in IT- und naturwissenschaftlichen Dienstleistungsberufen,Bundesländer,09,Bayern,2017,"4,07"
LRB,17806,a_svb_IT,Beschäftigte in IT- und naturwissenschaftlichen Dienstleistungsberufen,Bundesländer,09,Bayern,2018,"4,17"
LRB,17806,a_svb_IT,Beschäftigte in IT- und naturwissenschaftlichen Dienstleistungsberufen,Bundesländer,09,Bayern,2019,"4,31"
LRB,17806,a_svb_IT,Beschäftigte in IT- und naturwissenschaftlichen Dienstleistungsberufen,Bundesländer,09,Bayern,2020,"4,44"
LRB,17806,a_svb_IT,Beschäftigte in IT- und naturwissenschaftlichen Dienstleistungsberufen,Bundesländer,09,Bayern,2021,"4,56"
LRB,17806,a_svb_IT,Beschäftigte in IT- und naturwissenschaftlichen Dienstleistungsberufen,Bundesländer,09,Bayern,2022,"4,73"
LRB,17806,a_svb_IT,Beschäftigte in IT- und naturwissenschaftlichen Dienstleistungsberufen,Bundesländer,09,Bayern,2023,"4,91"
LRB,17062,a_svb_wissen,Beschäftigte in wissensintensiven Industrien,Bundesländer,09,Bayern,2009,"13,58"
LRB,17062,a_svb_wissen,Beschäftigte in wissensintensiven Industrien,Bundesländer,09,Bayern,2010,"13,35"
LRB,17062,a_svb_wissen,Beschäftigte in wissensintensiven Industrien,Bundesländer,09,Bayern,2011,"14,78"
LRB,17062,a_svb_wissen,Beschäftigte in wissensintensiven Industrien,Bundesländer,09,Bayern,2012,"14,80"
LRB,17062,a_svb_wissen,Beschäftigte in wissensintensiven Industrien,Bundesländer,09,Bayern,2013,"14,09"
LRB,17062,a_svb_wissen,Beschäftigte in wissensintensiven Industrien,Bundesländer,09,Bayern,2014,"14,07"
LRB,17062,a_svb_wissen,Beschäftigte in wissensintensiven Industrien,Bundesländer,09,Bayern,2015,"13,92"
LRB,17062,a_svb_wissen,Beschäftigte in wissensintensiven Industrien,Bundesländer,09,Bayern,2016,"12,33"
LRB,17062,a_svb_wissen,Beschäftigte in wissensintensiven Industrien,Bundesländer,09,Bayern,2017,"12,21"
LRB,17062,a_svb_wissen,Beschäftigte in wissensintensiven Industrien,Bundesländer,09,Bayern,2018,"12,30"
LRB,17062,a_svb_wissen,Beschäftigte in wissensintensiven Industrien,Bundesländer,09,Bayern,2019,"12,64"
LRB,17062,a_svb_wissen,Beschäftigte in wissensintensiven Industrien,Bundesländer,09,Bayern,2020,"12,28"
LRB,17062,a_svb_wissen,Beschäftigte in wissensintensiven Industrien,Bundesländer,09,Bayern,2021,"11,91"
LRB,17062,a_svb_wissen,Beschäftigte in wissensintensiven Industrien,Bundesländer,09,Bayern,2022,"11,80"
LRB,17062,a_svb_wissen,Beschäftigte in wissensintensiven Industrien,Bundesländer,09,Bayern,2023,"11,95"
LRB,19147,e10_bev,Bevölkerungsentwicklung (10 Jahre),Bundesländer,09,Bayern,1995,"9,29"
LRB,19147,e10_bev,Bevölkerungsentwicklung (10 Jahre),Bundesländer,09,Bayern,1996,"9,23"
LRB,19147,e10_bev,Bevölkerungsentwicklung (10 Jahre),Bundesländer,09,Bayern,1997,"8,88"
LRB,19147,e10_bev,Bevölkerungsentwicklung (10 Jahre),Bundesländer,09,Bayern,1998,"9,39"
LRB,19147,e10_bev,Bevölkerungsentwicklung (10 Jahre),Bundesländer,09,Bayern,1999,"8,33"
LRB,19147,e10_bev,Bevölkerungsentwicklung (10 Jahre),Bundesländer,09,Bayern,2000,"6,83"
LRB,19147,e10_bev,Bevölkerungsentwicklung (10 Jahre),Bundesländer,09,Bayern,2001,"6,33"
LRB,19147,e10_bev,Bevölkerungsentwicklung (10 Jahre),Bundesländer,09,Bayern,2002,"5,24"
LRB,19147,e10_bev,Bevölkerungsentwicklung (10 Jahre),Bundesländer,09,Bayern,2003,"4,72"
LRB,19147,e10_bev,Bevölkerungsentwicklung (10 Jahre),Bundesländer,09,Bayern,2004,"4,38"
LRB,19147,e10_bev,Bevölkerungsentwicklung (10 Jahre),Bundesländer,09,Bayern,2005,"3,96"
LRB,19147,e10_bev,Bevölkerungsentwicklung (10 Jahre),Bundesländer,09,Bayern,2006,"3,73"
LRB,19147,e10_bev,Bevölkerungsentwicklung (10 Jahre),Bundesländer,09,Bayern,2007,"3,76"
LRB,19147,e10_bev,Bevölkerungsentwicklung (10 Jahre),Bundesländer,09,Bayern,2008,"3,58"
LRB,19147,e10_bev,Bevölkerungsentwicklung (10 Jahre),Bundesländer,09,Bayern,2009,"2,92"
LRB,19147,e10_bev,Bevölkerungsentwicklung (10 Jahre),Bundesländer,09,Bayern,2010,"2,52"
LRB,19147,e10_bev,Bevölkerungsentwicklung (10 Jahre),Bundesländer,09,Bayern,2011,"0,92"
LRB,19147,e10_bev,Bevölkerungsentwicklung (10 Jahre),Bundesländer,09,Bayern,2012,"1,07"
LRB,19147,e10_bev,Bevölkerungsentwicklung (10 Jahre),Bundesländer,09,Bayern,2013,"1,46"
LRB,19147,e10_bev,Bevölkerungsentwicklung (10 Jahre),Bundesländer,09,Bayern,2014,"1,99"
LRB,19147,e10_bev,Bevölkerungsentwicklung (10 Jahre),Bundesländer,09,Bayern,2015,"3,01"
LRB,19147,e10_bev,Bevölkerungsentwicklung (10 Jahre),Bundesländer,09,Bayern,2016,"3,51"
LRB,19147,e10_bev,Bevölkerungsentwicklung (10 Jahre),Bundesländer,09,Bayern,2017,"3,81"
LRB,19147,e10_bev,Bevölkerungsentwicklung (10 Jahre),Bundesländer,09,Bayern,2018,"4,45"
LRB,19147,e10_bev,Bevölkerungsentwicklung (10 Jahre),Bundesländer,09,Bayern,2019,"4,91"
LRB,19147,e10_bev,Bevölkerungsentwicklung (10 Jahre),Bundesländer,09,Bayern,2020,"4,80"
LRB,19147,e10_bev,Bevölkerungsentwicklung (10 Jahre),Bundesländer,09,Bayern,2021,"5,90"
LRB,19147,e10_bev,Bevölkerungsentwicklung (10 Jahre),Bundesländer,09,Bayern,2022,"4,68"
LRB,19147,e10_bev,Bevölkerungsentwicklung (10 Jahre),Bundesländer,09,Bayern,2023,"4,54"
LRB,15490,i_wans,Gesamtwanderungssaldo,Bundesländer,09,Bayern,1995,"5,63"
LRB,15490,i_wans,Gesamtwanderungssaldo,Bundesländer,09,Bayern,1996,"3,68"
LRB,15490,i_wans,Gesamtwanderungssaldo,Bundesländer,09,Bayern,1997,"1,11"
LRB,15490,i_wans,Gesamtwanderungssaldo,Bundesländer,09,Bayern,1998,"1,17"
LRB,15490,i_wans,Gesamtwanderungssaldo,Bundesländer,09,Bayern,1999,"5,32"
LRB,15490,i_wans,Gesamtwanderungssaldo,Bundesländer,09,Bayern,2000,"6,00"
LRB,15490,i_wans,Gesamtwanderungssaldo,Bundesländer,09,Bayern,2001,"8,23"
LRB,15490,i_wans,Gesamtwanderungssaldo,Bundesländer,09,Bayern,2002,"5,13"
LRB,15490,i_wans,Gesamtwanderungssaldo,Bundesländer,09,Bayern,2003,"3,74"
LRB,15490,i_wans,Gesamtwanderungssaldo,Bundesländer,09,Bayern,2004,"2,07"
LRB,15490,i_wans,Gesamtwanderungssaldo,Bundesländer,09,Bayern,2005,"3,01"
LRB,15490,i_wans,Gesamtwanderungssaldo,Bundesländer,09,Bayern,2006,"2,99"
LRB,15490,i_wans,Gesamtwanderungssaldo,Bundesländer,09,Bayern,2007,"3,11"
LRB,15490,i_wans,Gesamtwanderungssaldo,Bundesländer,09,Bayern,2008,"1,12"
LRB,15490,i_wans,Gesamtwanderungssaldo,Bundesländer,09,Bayern,2009,"0,73"
LRB,15490,i_wans,Gesamtwanderungssaldo,Bundesländer,09,Bayern,2010,"3,64"
LRB,15490,i_wans,Gesamtwanderungssaldo,Bundesländer,09,Bayern,2011,"6,11"
LRB,15490,i_wans,Gesamtwanderungssaldo,Bundesländer,09,Bayern,2012,"7,32"
LRB,15490,i_wans,Gesamtwanderungssaldo,Bundesländer,09,Bayern,2013,"7,75"
LRB,15490,i_wans,Gesamtwanderungssaldo,Bundesländer,09,Bayern,2014,"7,30"
LRB,15490,i_wans,Gesamtwanderungssaldo,Bundesländer,09,Bayern,2015,"12,77"
LRB,15490,i_wans,Gesamtwanderungssaldo,Bundesländer,09,Bayern,2016,"7,43"
LRB,15490,i_wans,Gesamtwanderungssaldo,Bundesländer,09,Bayern,2017,"5,82"
LRB,15490,i_wans,Gesamtwanderungssaldo,Bundesländer,09,Bayern,2018,"6,60"
LRB,15490,i_wans,Gesamtwanderungssaldo,Bundesländer,09,Bayern,2019,"4,46"
LRB,15490,i_wans,Gesamtwanderungssaldo,Bundesländer,09,Bayern,2020,"2,53"
LRB,15490,i_wans,Gesamtwanderungssaldo,Bundesländer,09,Bayern,2021,"4,00"
LRB,15490,i_wans,Gesamtwanderungssaldo,Bundesländer,09,Bayern,2022,"16,98"
LRB,15490,i_wans,Gesamtwanderungssaldo,Bundesländer,09,Bayern,2023,"7,52"
LRB,20292,m_ek_akad,Medianeinkommen akademischer Berufsabschluss,Bundesländer,09,Bayern,2014,"4767,52"
LRB,20292,m_ek_akad,Medianeinkommen akademischer Berufsabschluss,Bundesländer,09,Bayern,2015,"4812,37"
LRB,20292,m_ek_akad,Medianeinkommen akademischer Berufsabschluss,Bundesländer,09,Bayern,2016,"4913,09"
LRB,20292,m_ek_akad,Medianeinkommen akademischer Berufsabschluss,Bundesländer,09,Bayern,2017,"4999,17"
LRB,20292,m_ek_akad,Medianeinkommen akademischer Berufsabschluss,Bundesländer,09,Bayern,2018,"5119,88"
LRB,20292,m_ek_akad,Medianeinkommen akademischer Berufsabschluss,Bundesländer,09,Bayern,2019,"5450,38"
LRB,20292,m_ek_akad,Medianeinkommen akademischer Berufsabschluss,Bundesländer,09,Bayern,2020,"5658,95"
LRB,20292,m_ek_akad,Medianeinkommen akademischer Berufsabschluss,Bundesländer,09,Bayern,2021,"5762,18"
LRB,20292,m_ek_akad,Medianeinkommen akademischer Berufsabschluss,Bundesländer,09,Bayern,2022,"5721,57"
LRB,20292,m_ek_akad,Medianeinkommen akademischer Berufsabschluss,Bundesländer,09,Bayern,2023,"5923,09"
LRB,20067,m_mietpr,Angebotsmietpreise,Bundesländer,09,Bayern,2010,"8,00"
LRB,20067,m_mietpr,Angebotsmietpreise,Bundesländer,09,Bayern,2011,"8,00"
LRB,20067,m_mietpr,Angebotsmietpreise,Bundesländer,09,Bayern,2012,"8,00"
LRB,20067,m_mietpr,Angebotsmietpreise,Bundesländer,09,Bayern,2013,"8,00"
LRB,20067,m_mietpr,Angebotsmietpreise,Bundesländer,09,Bayern,2014,"9,00"
LRB,20067,m_mietpr,Angebotsmietpreise,Bundesländer,09,Bayern,2015,"9,00"
LRB,20067,m_mietpr,Angebotsmietpreise,Bundesländer,09,Bayern,2016,"10,00"
LRB,20067,m_mietpr,Angebotsmietpreise,Bundesländer,09,Bayern,2017,"10,00"
LRB,20067,m_mietpr,Angebotsmietpreise,Bundesländer,09,Bayern,2018,"11,00"
LRB,20067,m_mietpr,Angebotsmietpreise,Bundesländer,09,Bayern,2019,"12,00"
LRB,20067,m_mietpr,Angebotsmietpreise,Bundesländer,09,Bayern,2020,"12,00"
LRB,20067,m_mietpr,Angebotsmietpreise,Bundesländer,09,Bayern,2021,"12,00"
LRB,20067,m_mietpr,Angebotsmietpreise,Bundesländer,09,Bayern,2022,"12,00"
LRB,20067,m_mietpr,Angebotsmietpreise,Bundesländer,09,Bayern,2023,"13,00"
LRB,20067,m_mietpr,Angebotsmietpreise,Bundesländer,09,Bayern,2024,"14,00"
LRB,14574,q_alo,Arbeitslosenquote,Bundesländer,09,Bayern,1998,"7,03"
LRB,14574,q_alo,Arbeitslosenquote,Bundesländer,09,Bayern,1999,"6,44"
LRB,14574,q_alo,Arbeitslosenquote,Bundesländer,09,Bayern,2000,"5,49"
LRB,14574,q_alo,Arbeitslosenquote,Bundesländer,09,Bayern,2001,"5,26"
LRB,14574,q_alo,Arbeitslosenquote,Bundesländer,09,Bayern,2002,"6,03"
LRB,14574,q_alo,Arbeitslosenquote,Bundesländer,09,Bayern,2003,"6,92"
LRB,14574,q_alo,Arbeitslosenquote,Bundesländer,09,Bayern,2004,"6,94"
LRB,14574,q_alo,Arbeitslosenquote,Bundesländer,09,Bayern,2005,"7,80"
LRB,14574,q_alo,Arbeitslosenquote,Bundesländer,09,Bayern,2006,"6,84"
LRB,14574,q_alo,Arbeitslosenquote,Bundesländer,09,Bayern,2007,"5,35"
LRB,14574,q_alo,Arbeitslosenquote,Bundesländer,09,Bayern,2008,"4,21"
LRB,14574,q_alo,Arbeitslosenquote,Bundesländer,09,Bayern,2009,"4,81"
LRB,14574,q_alo,Arbeitslosenquote,Bundesländer,09,Bayern,2010,"4,47"
LRB,14574,q_alo,Arbeitslosenquote,Bundesländer,09,Bayern,2011,"3,81"
LRB,14574,q_alo,Arbeitslosenquote,Bundesländer,09,Bayern,2012,"3,66"
LRB,14574,q_alo,Arbeitslosenquote,Bundesländer,09,Bayern,2013,"3,82"
LRB,14574,q_alo,Arbeitslosenquote,Bundesländer,09,Bayern,2014,"3,78"
LRB,14574,q_alo,Arbeitslosenquote,Bundesländer,09,Bayern,2015,"3,62"
LRB,14574,q_alo,Arbeitslosenquote,Bundesländer,09,Bayern,2016,"3,49"
LRB,14574,q_alo,Arbeitslosenquote,Bundesländer,09,Bayern,2017,"3,18"
LRB,14574,q_alo,Arbeitslosenquote,Bundesländer,09,Bayern,2018,"2,90"
LRB,14574,q_alo,Arbeitslosenquote,Bundesländer,09,Bayern,2019,"2,84"
LRB,14574,q_alo,Arbeitslosenquote,Bundesländer,09,Bayern,2020,"3,64"
LRB,14574,q_alo,Arbeitslosenquote,Bundesländer,09,Bayern,2021,"3,46"
LRB,14574,q_alo,Arbeitslosenquote,Bundesländer,09,Bayern,2022,"3,13"
LRB,14574,q_alo,Arbeitslosenquote,Bundesländer,09,Bayern,2023,"3,38"
LRB,15125,q_bip_ew,Bruttoinlandsprodukt je Einwohner,Bundesländer,09,Bayern,1995,"24,66"
LRB,15125,q_bip_ew,Bruttoinlandsprodukt je Einwohner,Bundesländer,09,Bayern,1996,"25,01"
LRB,15125,q_bip_ew,Bruttoinlandsprodukt je Einwohner,Bundesländer,09,Bayern,1997,"25,56"
LRB,15125,q_bip_ew,Bruttoinlandsprodukt je Einwohner,Bundesländer,09,Bayern,1998,"26,52"
LRB,15125,q_bip_ew,Bruttoinlandsprodukt je Einwohner,Bundesländer,09,Bayern,1999,"27,14"
LRB,15125,q_bip_ew,Bruttoinlandsprodukt je Einwohner,Bundesländer,09,Bayern,2000,"29,26"
LRB,15125,q_bip_ew,Bruttoinlandsprodukt je Einwohner,Bundesländer,09,Bayern,2001,"30,16"
LRB,15125,q_bip_ew,Bruttoinlandsprodukt je Einwohner,Bundesländer,09,Bayern,2002,"30,72"
LRB,15125,q_bip_ew,Bruttoinlandsprodukt je Einwohner,Bundesländer,09,Bayern,2003,"30,45"
LRB,15125,q_bip_ew,Bruttoinlandsprodukt je Einwohner,Bundesländer,09,Bayern,2004,"31,40"
LRB,15125,q_bip_ew,Bruttoinlandsprodukt je Einwohner,Bundesländer,09,Bayern,2005,"31,79"
LRB,15125,q_bip_ew,Bruttoinlandsprodukt je Einwohner,Bundesländer,09,Bayern,2006,"33,10"
LRB,15125,q_bip_ew,Bruttoinlandsprodukt je Einwohner,Bundesländer,09,Bayern,2007,"34,64"
LRB,15125,q_bip_ew,Bruttoinlandsprodukt je Einwohner,Bundesländer,09,Bayern,2008,"34,90"
LRB,15125,q_bip_ew,Bruttoinlandsprodukt je Einwohner,Bundesländer,09,Bayern,2009,"34,23"
LRB,15125,q_bip_ew,Bruttoinlandsprodukt je Einwohner,Bundesländer,09,Bayern,2010,"36,06"
LRB,15125,q_bip_ew,Bruttoinlandsprodukt je Einwohner,Bundesländer,09,Bayern,2011,"38,85"
LRB,15125,q_bip_ew,Bruttoinlandsprodukt je Einwohner,Bundesländer,09,Bayern,2012,"39,66"
LRB,15125,q_bip_ew,Bruttoinlandsprodukt je Einwohner,Bundesländer,09,Bayern,2013,"40,62"
LRB,15125,q_bip_ew,Bruttoinlandsprodukt je Einwohner,Bundesländer,09,Bayern,2014,"42,08"
LRB,15125,q_bip_ew,Bruttoinlandsprodukt je Einwohner,Bundesländer,09,Bayern,2015,"43,19"
LRB,15125,q_bip_ew,Bruttoinlandsprodukt je Einwohner,Bundesländer,09,Bayern,2016,"44,68"
LRB,15125,q_bip_ew,Bruttoinlandsprodukt je Einwohner,Bundesländer,09,Bayern,2017,"46,61"
LRB,15125,q_bip_ew,Bruttoinlandsprodukt je Einwohner,Bundesländer,09,Bayern,2018,"47,43"
LRB,15125,q_bip_ew,Bruttoinlandsprodukt je Einwohner,Bundesländer,09,Bayern,2019,"49,06"
LRB,15125,q_bip_ew,Bruttoinlandsprodukt je Einwohner,Bundesländer,09,Bayern,2020,"47,91"
LRB,15125,q_bip_ew,Bruttoinlandsprodukt je Einwohner,Bundesländer,09,Bayern,2021,"50,70"
LRB,15125,q_bip_ew,Bruttoinlandsprodukt je Einwohner,Bundesländer,09,Bayern,2022,"54,70"
LRB,17508,q_svw,Beschäftigtenquote,Bundesländer,09,Bayern,1997,"50,59"
LRB,17508,q_svw,Beschäftigtenquote,Bundesländer,09,Bayern,1998,"50,63"
LRB,17508,q_svw,Beschäftigtenquote,Bundesländer,09,Bayern,1999,"51,19"
LRB,17508,q_svw,Beschäftigtenquote,Bundesländer,09,Bayern,2000,"52,02"
LRB,17508,q_svw,Beschäftigtenquote,Bundesländer,09,Bayern,2001,"52,28"
LRB,17508,q_svw,Beschäftigtenquote,Bundesländer,09,Bayern,2002,"52,19"
LRB,17508,q_svw,Beschäftigtenquote,Bundesländer,09,Bayern,2003,"51,25"
LRB,17508,q_svw,Beschäftigtenquote,Bundesländer,09,Bayern,2004,"50,94"
LRB,17508,q_svw,Beschäftigtenquote,Bundesländer,09,Bayern,2005,"50,79"
LRB,17508,q_svw,Beschäftigtenquote,Bundesländer,09,Bayern,2006,"51,35"
LRB,17508,q_svw,Beschäftigtenquote,Bundesländer,09,Bayern,2007,"52,28"
LRB,17508,q_svw,Beschäftigtenquote,Bundesländer,09,Bayern,2008,"53,57"
LRB,17508,q_svw,Beschäftigtenquote,Bundesländer,09,Bayern,2009,"53,52"
LRB,17508,q_svw,Beschäftigtenquote,Bundesländer,09,Bayern,2010,"53,99"
LRB,17508,q_svw,Beschäftigtenquote,Bundesländer,09,Bayern,2011,"55,95"
LRB,17508,q_svw,Beschäftigtenquote,Bundesländer,09,Bayern,2012,"56,98"
LRB,17508,q_svw,Beschäftigtenquote,Bundesländer,09,Bayern,2013,"58,00"
LRB,17508,q_svw,Beschäftigtenquote,Bundesländer,09,Bayern,2014,"58,95"
LRB,17508,q_svw,Beschäftigtenquote,Bundesländer,09,Bayern,2015,"59,68"
LRB,17508,q_svw,Beschäftigtenquote,Bundesländer,09,Bayern,2016,"60,94"
LRB,17508,q_svw,Beschäftigtenquote,Bundesländer,09,Bayern,2017,"62,33"
LRB,17508,q_svw,Beschäftigtenquote,Bundesländer,09,Bayern,2018,"63,62"
LRB,17508,q_svw,Beschäftigtenquote,Bundesländer,09,Bayern,2019,"64,88"
LRB,17508,q_svw,Beschäftigtenquote,Bundesländer,09,Bayern,2020,"64,95"
LRB,17508,q_svw,Beschäftigtenquote,Bundesländer,09,Bayern,2021,"65,84"
LRB,17508,q_svw,Beschäftigtenquote,Bundesländer,09,Bayern,2022,"67,90"
LRB,17508,q_svw,Beschäftigtenquote,Bundesländer,09,Bayern,2023,"68,56"
LRB,12586,xbev,Bevölkerung gesamt,Bundesländer,09,Bayern,1995,"11993484,00"
LRB,12586,xbev,Bevölkerung gesamt,Bundesländer,09,Bayern,1996,"12043869,00"
LRB,12586,xbev,Bevölkerung gesamt,Bundesländer,09,Bayern,1997,"12066375,00"
LRB,12586,xbev,Bevölkerung gesamt,Bundesländer,09,Bayern,1998,"12086548,00"
LRB,12586,xbev,Bevölkerung gesamt,Bundesländer,09,Bayern,1999,"12154967,00"
LRB,12586,xbev,Bevölkerung gesamt,Bundesländer,09,Bayern,2000,"12230255,00"
LRB,12586,xbev,Bevölkerung gesamt,Bundesländer,09,Bayern,2001,"12329714,00"
LRB,12586,xbev,Bevölkerung gesamt,Bundesländer,09,Bayern,2002,"12387351,00"
LRB,12586,xbev,Bevölkerung gesamt,Bundesländer,09,Bayern,2003,"12423386,00"
LRB,12586,xbev,Bevölkerung gesamt,Bundesländer,09,Bayern,2004,"12443893,00"
LRB,12586,xbev,Bevölkerung gesamt,Bundesländer,09,Bayern,2005,"12468726,00"
LRB,12586,xbev,Bevölkerung gesamt,Bundesländer,09,Bayern,2006,"12492658,00"
LRB,12586,xbev,Bevölkerung gesamt,Bundesländer,09,Bayern,2007,"12520332,00"
LRB,12586,xbev,Bevölkerung gesamt,Bundesländer,09,Bayern,2008,"12519728,00"
LRB,12586,xbev,Bevölkerung gesamt,Bundesländer,09,Bayern,2009,"12510331,00"
LRB,12586,xbev,Bevölkerung gesamt,Bundesländer,09,Bayern,2010,"12538696,00"
LRB,12586,xbev,Bevölkerung gesamt,Bundesländer,09,Bayern,2011,"12443372,00"
LRB,12586,xbev,Bevölkerung gesamt,Bundesländer,09,Bayern,2012,"12519571,00"
LRB,12586,xbev,Bevölkerung gesamt,Bundesländer,09,Bayern,2013,"12604244,00"
LRB,12586,xbev,Bevölkerung gesamt,Bundesländer,09,Bayern,2014,"12691568,00"
LRB,12586,xbev,Bevölkerung gesamt,Bundesländer,09,Bayern,2015,"12843514,00"
LRB,12586,xbev,Bevölkerung gesamt,Bundesländer,09,Bayern,2016,"12930751,00"
LRB,12586,xbev,Bevölkerung gesamt,Bundesländer,09,Bayern,2017,"12997204,00"
LRB,12586,xbev,Bevölkerung gesamt,Bundesländer,09,Bayern,2018,"13076721,00"
LRB,12586,xbev,Bevölkerung gesamt,Bundesländer,09,Bayern,2019,"13124737,00"
LRB,12586,xbev,Bevölkerung gesamt,Bundesländer,09,Bayern,2020,"13140183,00"
LRB,12586,xbev,Bevölkerung gesamt,Bundesländer,09,Bayern,2021,"13176989,00"
LRB,12586,xbev,Bevölkerung gesamt,Bundesländer,09,Bayern,2022,"13105221,00"
LRB,12586,xbev,Bevölkerung gesamt,Bundesländer,09,Bayern,2023,"13176426,00"
LRB,17274,a_bb_100Mbits,Bandbreitenverfügbarkeit mindestens 100 Mbit/s,Bundesländer,10,Saarland,2017,"66,47"
LRB,17274,a_bb_100Mbits,Bandbreitenverfügbarkeit mindestens 100 Mbit/s,Bundesländer,10,Saarland,2020,"85,42"
LRB,17274,a_bb_100Mbits,Bandbreitenverfügbarkeit mindestens 100 Mbit/s,Bundesländer,10,Saarland,2021,"87,89"
LRB,17274,a_bb_100Mbits,Bandbreitenverfügbarkeit mindestens 100 Mbit/s,Bundesländer,10,Saarland,2022,"87,06"
LRB,17274,a_bb_100Mbits,Bandbreitenverfügbarkeit mindestens 100 Mbit/s,Bundesländer,10,Saarland,2023,"89,19"
LRB,17524,a_sva_exp,Beschäftigte mit Anforderungsniveau Experte,Bundesländer,10,Saarland,2013,"9,44"
LRB,17524,a_sva_exp,Beschäftigte mit Anforderungsniveau Experte,Bundesländer,10,Saarland,2014,"9,45"
LRB,17524,a_sva_exp,Beschäftigte mit Anforderungsniveau Experte,Bundesländer,10,Saarland,2015,"9,45"
LRB,17524,a_sva_exp,Beschäftigte mit Anforderungsniveau Experte,Bundesländer,10,Saarland,2016,"9,54"
LRB,17524,a_sva_exp,Beschäftigte mit Anforderungsniveau Experte,Bundesländer,10,Saarland,2017,"9,64"
LRB,17524,a_sva_exp,Beschäftigte mit Anforderungsniveau Experte,Bundesländer,10,Saarland,2018,"9,75"
LRB,17524,a_sva_exp,Beschäftigte mit Anforderungsniveau Experte,Bundesländer,10,Saarland,2019,"9,97"
LRB,17524,a_sva_exp,Beschäftigte mit Anforderungsniveau Experte,Bundesländer,10,Saarland,2020,"10,25"
LRB,17524,a_sva_exp,Beschäftigte mit Anforderungsniveau Experte,Bundesländer,10,Saarland,2021,"10,46"
LRB,17524,a_sva_exp,Beschäftigte mit Anforderungsniveau Experte,Bundesländer,10,Saarland,2022,"10,62"
LRB,17524,a_sva_exp,Beschäftigte mit Anforderungsniveau Experte,Bundesländer,10,Saarland,2023,"10,85"
LRB,17806,a_svb_IT,Beschäftigte in IT- und naturwissenschaftlichen Dienstleistungsberufen,Bundesländer,10,Saarland,2013,"2,81"
LRB,17806,a_svb_IT,Beschäftigte in IT- und naturwissenschaftlichen Dienstleistungsberufen,Bundesländer,10,Saarland,2014,"2,78"
LRB,17806,a_svb_IT,Beschäftigte in IT- und naturwissenschaftlichen Dienstleistungsberufen,Bundesländer,10,Saarland,2015,"2,83"
LRB,17806,a_svb_IT,Beschäftigte in IT- und naturwissenschaftlichen Dienstleistungsberufen,Bundesländer,10,Saarland,2016,"2,85"
LRB,17806,a_svb_IT,Beschäftigte in IT- und naturwissenschaftlichen Dienstleistungsberufen,Bundesländer,10,Saarland,2017,"2,90"
LRB,17806,a_svb_IT,Beschäftigte in IT- und naturwissenschaftlichen Dienstleistungsberufen,Bundesländer,10,Saarland,2018,"3,00"
LRB,17806,a_svb_IT,Beschäftigte in IT- und naturwissenschaftlichen Dienstleistungsberufen,Bundesländer,10,Saarland,2019,"3,14"
LRB,17806,a_svb_IT,Beschäftigte in IT- und naturwissenschaftlichen Dienstleistungsberufen,Bundesländer,10,Saarland,2020,"3,23"
LRB,17806,a_svb_IT,Beschäftigte in IT- und naturwissenschaftlichen Dienstleistungsberufen,Bundesländer,10,Saarland,2021,"3,34"
LRB,17806,a_svb_IT,Beschäftigte in IT- und naturwissenschaftlichen Dienstleistungsberufen,Bundesländer,10,Saarland,2022,"3,52"
LRB,17806,a_svb_IT,Beschäftigte in IT- und naturwissenschaftlichen Dienstleistungsberufen,Bundesländer,10,Saarland,2023,"3,58"
LRB,17062,a_svb_wissen,Beschäftigte in wissensintensiven Industrien,Bundesländer,10,Saarland,2009,"11,24"
LRB,17062,a_svb_wissen,Beschäftigte in wissensintensiven Industrien,Bundesländer,10,Saarland,2010,"10,96"
LRB,17062,a_svb_wissen,Beschäftigte in wissensintensiven Industrien,Bundesländer,10,Saarland,2011,"11,60"
LRB,17062,a_svb_wissen,Beschäftigte in wissensintensiven Industrien,Bundesländer,10,Saarland,2012,"11,85"
LRB,17062,a_svb_wissen,Beschäftigte in wissensintensiven Industrien,Bundesländer,10,Saarland,2013,"12,58"
LRB,17062,a_svb_wissen,Beschäftigte in wissensintensiven Industrien,Bundesländer,10,Saarland,2014,"12,76"
LRB,17062,a_svb_wissen,Beschäftigte in wissensintensiven Industrien,Bundesländer,10,Saarland,2015,"12,34"
LRB,17062,a_svb_wissen,Beschäftigte in wissensintensiven Industrien,Bundesländer,10,Saarland,2016,"12,17"
LRB,17062,a_svb_wissen,Beschäftigte in wissensintensiven Industrien,Bundesländer,10,Saarland,2017,"11,96"
LRB,17062,a_svb_wissen,Beschäftigte in wissensintensiven Industrien,Bundesländer,10,Saarland,2018,"12,01"
LRB,17062,a_svb_wissen,Beschäftigte in wissensintensiven Industrien,Bundesländer,10,Saarland,2019,"11,59"
LRB,17062,a_svb_wissen,Beschäftigte in wissensintensiven Industrien,Bundesländer,10,Saarland,2020,"11,09"
LRB,17062,a_svb_wissen,Beschäftigte in wissensintensiven Industrien,Bundesländer,10,Saarland,2021,"10,98"
LRB,17062,a_svb_wissen,Beschäftigte in wissensintensiven Industrien,Bundesländer,10,Saarland,2022,"10,64"
LRB,17062,a_svb_wissen,Beschäftigte in wissensintensiven Industrien,Bundesländer,10,Saarland,2023,"10,68"
LRB,19147,e10_bev,Bevölkerungsentwicklung (10 Jahre),Bundesländer,10,Saarland,1995,"3,67"
LRB,19147,e10_bev,Bevölkerungsentwicklung (10 Jahre),Bundesländer,10,Saarland,1996,"4,03"
LRB,19147,e10_bev,Bevölkerungsentwicklung (10 Jahre),Bundesländer,10,Saarland,1997,"3,95"
LRB,19147,e10_bev,Bevölkerungsentwicklung (10 Jahre),Bundesländer,10,Saarland,1998,"1,90"
LRB,19147,e10_bev,Bevölkerungsentwicklung (10 Jahre),Bundesländer,10,Saarland,1999,"0,62"
LRB,19147,e10_bev,Bevölkerungsentwicklung (10 Jahre),Bundesländer,10,Saarland,2000,"-0,40"
LRB,19147,e10_bev,Bevölkerungsentwicklung (10 Jahre),Bundesländer,10,Saarland,2001,"-0,97"
LRB,19147,e10_bev,Bevölkerungsentwicklung (10 Jahre),Bundesländer,10,Saarland,2002,"-1,75"
LRB,19147,e10_bev,Bevölkerungsentwicklung (10 Jahre),Bundesländer,10,Saarland,2003,"-2,13"
LRB,19147,e10_bev,Bevölkerungsentwicklung (10 Jahre),Bundesländer,10,Saarland,2004,"-2,56"
LRB,19147,e10_bev,Bevölkerungsentwicklung (10 Jahre),Bundesländer,10,Saarland,2005,"-3,14"
LRB,19147,e10_bev,Bevölkerungsentwicklung (10 Jahre),Bundesländer,10,Saarland,2006,"-3,78"
LRB,19147,e10_bev,Bevölkerungsentwicklung (10 Jahre),Bundesländer,10,Saarland,2007,"-4,09"
LRB,19147,e10_bev,Bevölkerungsentwicklung (10 Jahre),Bundesländer,10,Saarland,2008,"-4,09"
LRB,19147,e10_bev,Bevölkerungsentwicklung (10 Jahre),Bundesländer,10,Saarland,2009,"-4,57"
LRB,19147,e10_bev,Bevölkerungsentwicklung (10 Jahre),Bundesländer,10,Saarland,2010,"-4,78"
LRB,19147,e10_bev,Bevölkerungsentwicklung (10 Jahre),Bundesländer,10,Saarland,2011,"-6,43"
LRB,19147,e10_bev,Bevölkerungsentwicklung (10 Jahre),Bundesländer,10,Saarland,2012,"-6,64"
LRB,19147,e10_bev,Bevölkerungsentwicklung (10 Jahre),Bundesländer,10,Saarland,2013,"-6,66"
LRB,19147,e10_bev,Bevölkerungsentwicklung (10 Jahre),Bundesländer,10,Saarland,2014,"-6,38"
LRB,19147,e10_bev,Bevölkerungsentwicklung (10 Jahre),Bundesländer,10,Saarland,2015,"-5,21"
LRB,19147,e10_bev,Bevölkerungsentwicklung (10 Jahre),Bundesländer,10,Saarland,2016,"-4,46"
LRB,19147,e10_bev,Bevölkerungsentwicklung (10 Jahre),Bundesländer,10,Saarland,2017,"-4,09"
LRB,19147,e10_bev,Bevölkerungsentwicklung (10 Jahre),Bundesländer,10,Saarland,2018,"-3,86"
LRB,19147,e10_bev,Bevölkerungsentwicklung (10 Jahre),Bundesländer,10,Saarland,2019,"-3,49"
LRB,19147,e10_bev,Bevölkerungsentwicklung (10 Jahre),Bundesländer,10,Saarland,2020,"-3,30"
LRB,19147,e10_bev,Bevölkerungsentwicklung (10 Jahre),Bundesländer,10,Saarland,2021,"-1,55"
LRB,19147,e10_bev,Bevölkerungsentwicklung (10 Jahre),Bundesländer,10,Saarland,2022,"1,77"
LRB,19147,e10_bev,Bevölkerungsentwicklung (10 Jahre),Bundesländer,10,Saarland,2023,"2,35"
LRB,15490,i_wans,Gesamtwanderungssaldo,Bundesländer,10,Saarland,1995,"2,85"
LRB,15490,i_wans,Gesamtwanderungssaldo,Bundesländer,10,Saarland,1996,"2,18"
LRB,15490,i_wans,Gesamtwanderungssaldo,Bundesländer,10,Saarland,1997,"-0,56"
LRB,15490,i_wans,Gesamtwanderungssaldo,Bundesländer,10,Saarland,1998,"-3,00"
LRB,15490,i_wans,Gesamtwanderungssaldo,Bundesländer,10,Saarland,1999,"1,04"
LRB,15490,i_wans,Gesamtwanderungssaldo,Bundesländer,10,Saarland,2000,"0,68"
LRB,15490,i_wans,Gesamtwanderungssaldo,Bundesländer,10,Saarland,2001,"1,77"
LRB,15490,i_wans,Gesamtwanderungssaldo,Bundesländer,10,Saarland,2002,"2,83"
LRB,15490,i_wans,Gesamtwanderungssaldo,Bundesländer,10,Saarland,2003,"1,55"
LRB,15490,i_wans,Gesamtwanderungssaldo,Bundesländer,10,Saarland,2004,"-0,59"
LRB,15490,i_wans,Gesamtwanderungssaldo,Bundesländer,10,Saarland,2005,"-1,24"
LRB,15490,i_wans,Gesamtwanderungssaldo,Bundesländer,10,Saarland,2006,"-1,98"
LRB,15490,i_wans,Gesamtwanderungssaldo,Bundesländer,10,Saarland,2007,"-1,47"
LRB,15490,i_wans,Gesamtwanderungssaldo,Bundesländer,10,Saarland,2008,"-0,86"
LRB,15490,i_wans,Gesamtwanderungssaldo,Bundesländer,10,Saarland,2009,"-2,03"
LRB,15490,i_wans,Gesamtwanderungssaldo,Bundesländer,10,Saarland,2010,"0,19"
LRB,15490,i_wans,Gesamtwanderungssaldo,Bundesländer,10,Saarland,2011,"1,03"
LRB,15490,i_wans,Gesamtwanderungssaldo,Bundesländer,10,Saarland,2012,"1,56"
LRB,15490,i_wans,Gesamtwanderungssaldo,Bundesländer,10,Saarland,2013,"2,32"
LRB,15490,i_wans,Gesamtwanderungssaldo,Bundesländer,10,Saarland,2014,"3,11"
LRB,15490,i_wans,Gesamtwanderungssaldo,Bundesländer,10,Saarland,2015,"12,50"
LRB,15490,i_wans,Gesamtwanderungssaldo,Bundesländer,10,Saarland,2016,"5,97"
LRB,15490,i_wans,Gesamtwanderungssaldo,Bundesländer,10,Saarland,2017,"2,68"
LRB,15490,i_wans,Gesamtwanderungssaldo,Bundesländer,10,Saarland,2018,"2,08"
LRB,15490,i_wans,Gesamtwanderungssaldo,Bundesländer,10,Saarland,2019,"2,19"
LRB,15490,i_wans,Gesamtwanderungssaldo,Bundesländer,10,Saarland,2020,"2,92"
LRB,15490,i_wans,Gesamtwanderungssaldo,Bundesländer,10,Saarland,2021,"4,52"
LRB,15490,i_wans,Gesamtwanderungssaldo,Bundesländer,10,Saarland,2022,"17,66"
LRB,15490,i_wans,Gesamtwanderungssaldo,Bundesländer,10,Saarland,2023,"8,70"
LRB,20292,m_ek_akad,Medianeinkommen akademischer Berufsabschluss,Bundesländer,10,Saarland,2014,"4772,47"
LRB,20292,m_ek_akad,Medianeinkommen akademischer Berufsabschluss,Bundesländer,10,Saarland,2015,"4843,38"
LRB,20292,m_ek_akad,Medianeinkommen akademischer Berufsabschluss,Bundesländer,10,Saarland,2016,"4871,60"
LRB,20292,m_ek_akad,Medianeinkommen akademischer Berufsabschluss,Bundesländer,10,Saarland,2017,"4950,27"
LRB,20292,m_ek_akad,Medianeinkommen akademischer Berufsabschluss,Bundesländer,10,Saarland,2018,"4998,51"
LRB,20292,m_ek_akad,Medianeinkommen akademischer Berufsabschluss,Bundesländer,10,Saarland,2019,"5087,94"
LRB,20292,m_ek_akad,Medianeinkommen akademischer Berufsabschluss,Bundesländer,10,Saarland,2020,"5082,81"
LRB,20292,m_ek_akad,Medianeinkommen akademischer Berufsabschluss,Bundesländer,10,Saarland,2021,"5123,99"
LRB,20292,m_ek_akad,Medianeinkommen akademischer Berufsabschluss,Bundesländer,10,Saarland,2022,"5211,64"
LRB,20292,m_ek_akad,Medianeinkommen akademischer Berufsabschluss,Bundesländer,10,Saarland,2023,"5384,61"
LRB,20067,m_mietpr,Angebotsmietpreise,Bundesländer,10,Saarland,2010,"5,00"
LRB,20067,m_mietpr,Angebotsmietpreise,Bundesländer,10,Saarland,2011,"6,00"
LRB,20067,m_mietpr,Angebotsmietpreise,Bundesländer,10,Saarland,2012,"6,00"
LRB,20067,m_mietpr,Angebotsmietpreise,Bundesländer,10,Saarland,2013,"6,00"
LRB,20067,m_mietpr,Angebotsmietpreise,Bundesländer,10,Saarland,2014,"6,00"
LRB,20067,m_mietpr,Angebotsmietpreise,Bundesländer,10,Saarland,2015,"6,00"
LRB,20067,m_mietpr,Angebotsmietpreise,Bundesländer,10,Saarland,2016,"6,00"
LRB,20067,m_mietpr,Angebotsmietpreise,Bundesländer,10,Saarland,2017,"6,00"
LRB,20067,m_mietpr,Angebotsmietpreise,Bundesländer,10,Saarland,2018,"6,00"
LRB,20067,m_mietpr,Angebotsmietpreise,Bundesländer,10,Saarland,2019,"7,00"
LRB,20067,m_mietpr,Angebotsmietpreise,Bundesländer,10,Saarland,2020,"7,00"
LRB,20067,m_mietpr,Angebotsmietpreise,Bundesländer,10,Saarland,2021,"7,00"
LRB,20067,m_mietpr,Angebotsmietpreise,Bundesländer,10,Saarland,2022,"8,00"
LRB,20067,m_mietpr,Angebotsmietpreise,Bundesländer,10,Saarland,2023,"8,00"
LRB,20067,m_mietpr,Angebotsmietpreise,Bundesländer,10,Saarland,2024,"9,00"
LRB,14574,q_alo,Arbeitslosenquote,Bundesländer,10,Saarland,1998,"11,54"
LRB,14574,q_alo,Arbeitslosenquote,Bundesländer,10,Saarland,1999,"10,79"
LRB,14574,q_alo,Arbeitslosenquote,Bundesländer,10,Saarland,2000,"9,82"
LRB,14574,q_alo,Arbeitslosenquote,Bundesländer,10,Saarland,2001,"8,99"
LRB,14574,q_alo,Arbeitslosenquote,Bundesländer,10,Saarland,2002,"9,05"
LRB,14574,q_alo,Arbeitslosenquote,Bundesländer,10,Saarland,2003,"9,52"
LRB,14574,q_alo,Arbeitslosenquote,Bundesländer,10,Saarland,2004,"9,16"
LRB,14574,q_alo,Arbeitslosenquote,Bundesländer,10,Saarland,2005,"10,70"
LRB,14574,q_alo,Arbeitslosenquote,Bundesländer,10,Saarland,2006,"9,86"
LRB,14574,q_alo,Arbeitslosenquote,Bundesländer,10,Saarland,2007,"8,42"
LRB,14574,q_alo,Arbeitslosenquote,Bundesländer,10,Saarland,2008,"7,29"
LRB,14574,q_alo,Arbeitslosenquote,Bundesländer,10,Saarland,2009,"7,72"
LRB,14574,q_alo,Arbeitslosenquote,Bundesländer,10,Saarland,2010,"7,51"
LRB,14574,q_alo,Arbeitslosenquote,Bundesländer,10,Saarland,2011,"6,72"
LRB,14574,q_alo,Arbeitslosenquote,Bundesländer,10,Saarland,2012,"6,72"
LRB,14574,q_alo,Arbeitslosenquote,Bundesländer,10,Saarland,2013,"7,32"
LRB,14574,q_alo,Arbeitslosenquote,Bundesländer,10,Saarland,2014,"7,21"
LRB,14574,q_alo,Arbeitslosenquote,Bundesländer,10,Saarland,2015,"7,17"
LRB,14574,q_alo,Arbeitslosenquote,Bundesländer,10,Saarland,2016,"7,20"
LRB,14574,q_alo,Arbeitslosenquote,Bundesländer,10,Saarland,2017,"6,68"
LRB,14574,q_alo,Arbeitslosenquote,Bundesländer,10,Saarland,2018,"6,11"
LRB,14574,q_alo,Arbeitslosenquote,Bundesländer,10,Saarland,2019,"6,16"
LRB,14574,q_alo,Arbeitslosenquote,Bundesländer,10,Saarland,2020,"7,18"
LRB,14574,q_alo,Arbeitslosenquote,Bundesländer,10,Saarland,2021,"6,80"
LRB,14574,q_alo,Arbeitslosenquote,Bundesländer,10,Saarland,2022,"6,26"
LRB,14574,q_alo,Arbeitslosenquote,Bundesländer,10,Saarland,2023,"6,77"
LRB,15125,q_bip_ew,Bruttoinlandsprodukt je Einwohner,Bundesländer,10,Saarland,1995,"21,67"
LRB,15125,q_bip_ew,Bruttoinlandsprodukt je Einwohner,Bundesländer,10,Saarland,1996,"21,13"
LRB,15125,q_bip_ew,Bruttoinlandsprodukt je Einwohner,Bundesländer,10,Saarland,1997,"21,57"
LRB,15125,q_bip_ew,Bruttoinlandsprodukt je Einwohner,Bundesländer,10,Saarland,1998,"22,11"
LRB,15125,q_bip_ew,Bruttoinlandsprodukt je Einwohner,Bundesländer,10,Saarland,1999,"22,52"
LRB,15125,q_bip_ew,Bruttoinlandsprodukt je Einwohner,Bundesländer,10,Saarland,2000,"23,71"
LRB,15125,q_bip_ew,Bruttoinlandsprodukt je Einwohner,Bundesländer,10,Saarland,2001,"24,29"
LRB,15125,q_bip_ew,Bruttoinlandsprodukt je Einwohner,Bundesländer,10,Saarland,2002,"24,27"
LRB,15125,q_bip_ew,Bruttoinlandsprodukt je Einwohner,Bundesländer,10,Saarland,2003,"24,60"
LRB,15125,q_bip_ew,Bruttoinlandsprodukt je Einwohner,Bundesländer,10,Saarland,2004,"25,79"
LRB,15125,q_bip_ew,Bruttoinlandsprodukt je Einwohner,Bundesländer,10,Saarland,2005,"27,18"
LRB,15125,q_bip_ew,Bruttoinlandsprodukt je Einwohner,Bundesländer,10,Saarland,2006,"28,54"
LRB,15125,q_bip_ew,Bruttoinlandsprodukt je Einwohner,Bundesländer,10,Saarland,2007,"30,04"
LRB,15125,q_bip_ew,Bruttoinlandsprodukt je Einwohner,Bundesländer,10,Saarland,2008,"30,57"
LRB,15125,q_bip_ew,Bruttoinlandsprodukt je Einwohner,Bundesländer,10,Saarland,2009,"27,89"
LRB,15125,q_bip_ew,Bruttoinlandsprodukt je Einwohner,Bundesländer,10,Saarland,2010,"29,53"
LRB,15125,q_bip_ew,Bruttoinlandsprodukt je Einwohner,Bundesländer,10,Saarland,2011,"31,86"
LRB,15125,q_bip_ew,Bruttoinlandsprodukt je Einwohner,Bundesländer,10,Saarland,2012,"32,20"
LRB,15125,q_bip_ew,Bruttoinlandsprodukt je Einwohner,Bundesländer,10,Saarland,2013,"32,01"
LRB,15125,q_bip_ew,Bruttoinlandsprodukt je Einwohner,Bundesländer,10,Saarland,2014,"33,62"
LRB,15125,q_bip_ew,Bruttoinlandsprodukt je Einwohner,Bundesländer,10,Saarland,2015,"34,19"
LRB,15125,q_bip_ew,Bruttoinlandsprodukt je Einwohner,Bundesländer,10,Saarland,2016,"34,38"
LRB,15125,q_bip_ew,Bruttoinlandsprodukt je Einwohner,Bundesländer,10,Saarland,2017,"35,55"
LRB,15125,q_bip_ew,Bruttoinlandsprodukt je Einwohner,Bundesländer,10,Saarland,2018,"36,22"
LRB,15125,q_bip_ew,Bruttoinlandsprodukt je Einwohner,Bundesländer,10,Saarland,2019,"36,33"
LRB,15125,q_bip_ew,Bruttoinlandsprodukt je Einwohner,Bundesländer,10,Saarland,2020,"35,15"
LRB,15125,q_bip_ew,Bruttoinlandsprodukt je Einwohner,Bundesländer,10,Saarland,2021,"37,38"
LRB,15125,q_bip_ew,Bruttoinlandsprodukt je Einwohner,Bundesländer,10,Saarland,2022,"38,37"
LRB,17508,q_svw,Beschäftigtenquote,Bundesländer,10,Saarland,1997,"43,30"
LRB,17508,q_svw,Beschäftigtenquote,Bundesländer,10,Saarland,1998,"43,81"
LRB,17508,q_svw,Beschäftigtenquote,Bundesländer,10,Saarland,1999,"44,67"
LRB,17508,q_svw,Beschäftigtenquote,Bundesländer,10,Saarland,2000,"45,43"
LRB,17508,q_svw,Beschäftigtenquote,Bundesländer,10,Saarland,2001,"45,90"
LRB,17508,q_svw,Beschäftigtenquote,Bundesländer,10,Saarland,2002,"46,04"
LRB,17508,q_svw,Beschäftigtenquote,Bundesländer,10,Saarland,2003,"45,63"
LRB,17508,q_svw,Beschäftigtenquote,Bundesländer,10,Saarland,2004,"45,53"
LRB,17508,q_svw,Beschäftigtenquote,Bundesländer,10,Saarland,2005,"45,45"
LRB,17508,q_svw,Beschäftigtenquote,Bundesländer,10,Saarland,2006,"45,88"
LRB,17508,q_svw,Beschäftigtenquote,Bundesländer,10,Saarland,2007,"46,95"
LRB,17508,q_svw,Beschäftigtenquote,Bundesländer,10,Saarland,2008,"47,98"
LRB,17508,q_svw,Beschäftigtenquote,Bundesländer,10,Saarland,2009,"47,86"
LRB,17508,q_svw,Beschäftigtenquote,Bundesländer,10,Saarland,2010,"48,43"
LRB,17508,q_svw,Beschäftigtenquote,Bundesländer,10,Saarland,2011,"50,49"
LRB,17508,q_svw,Beschäftigtenquote,Bundesländer,10,Saarland,2012,"51,28"
LRB,17508,q_svw,Beschäftigtenquote,Bundesländer,10,Saarland,2013,"52,38"
LRB,17508,q_svw,Beschäftigtenquote,Bundesländer,10,Saarland,2014,"53,33"
LRB,17508,q_svw,Beschäftigtenquote,Bundesländer,10,Saarland,2015,"53,85"
LRB,17508,q_svw,Beschäftigtenquote,Bundesländer,10,Saarland,2016,"54,64"
LRB,17508,q_svw,Beschäftigtenquote,Bundesländer,10,Saarland,2017,"55,94"
LRB,17508,q_svw,Beschäftigtenquote,Bundesländer,10,Saarland,2018,"57,44"
LRB,17508,q_svw,Beschäftigtenquote,Bundesländer,10,Saarland,2019,"58,60"
LRB,17508,q_svw,Beschäftigtenquote,Bundesländer,10,Saarland,2020,"58,46"
LRB,17508,q_svw,Beschäftigtenquote,Bundesländer,10,Saarland,2021,"59,60"
LRB,17508,q_svw,Beschäftigtenquote,Bundesländer,10,Saarland,2022,"58,61"
LRB,17508,q_svw,Beschäftigtenquote,Bundesländer,10,Saarland,2023,"59,01"
LRB,12586,xbev,Bevölkerung gesamt,Bundesländer,10,Saarland,1995,"1084370,00"
LRB,12586,xbev,Bevölkerung gesamt,Bundesländer,10,Saarland,1996,"1084184,00"
LRB,12586,xbev,Bevölkerung gesamt,Bundesländer,10,Saarland,1997,"1080790,00"
LRB,12586,xbev,Bevölkerung gesamt,Bundesländer,10,Saarland,1998,"1074223,00"
LRB,12586,xbev,Bevölkerung gesamt,Bundesländer,10,Saarland,1999,"1071501,00"
LRB,12586,xbev,Bevölkerung gesamt,Bundesländer,10,Saarland,2000,"1068703,00"
LRB,12586,xbev,Bevölkerung gesamt,Bundesländer,10,Saarland,2001,"1066470,00"
LRB,12586,xbev,Bevölkerung gesamt,Bundesländer,10,Saarland,2002,"1064988,00"
LRB,12586,xbev,Bevölkerung gesamt,Bundesländer,10,Saarland,2003,"1061376,00"
LRB,12586,xbev,Bevölkerung gesamt,Bundesländer,10,Saarland,2004,"1056417,00"
LRB,12586,xbev,Bevölkerung gesamt,Bundesländer,10,Saarland,2005,"1050293,00"
LRB,12586,xbev,Bevölkerung gesamt,Bundesländer,10,Saarland,2006,"1043167,00"
LRB,12586,xbev,Bevölkerung gesamt,Bundesländer,10,Saarland,2007,"1036598,00"
LRB,12586,xbev,Bevölkerung gesamt,Bundesländer,10,Saarland,2008,"1030324,00"
LRB,12586,xbev,Bevölkerung gesamt,Bundesländer,10,Saarland,2009,"1022585,00"
LRB,12586,xbev,Bevölkerung gesamt,Bundesländer,10,Saarland,2010,"1017567,00"
LRB,12586,xbev,Bevölkerung gesamt,Bundesländer,10,Saarland,2011,"997855,00"
LRB,12586,xbev,Bevölkerung gesamt,Bundesländer,10,Saarland,2012,"994287,00"
LRB,12586,xbev,Bevölkerung gesamt,Bundesländer,10,Saarland,2013,"990718,00"
LRB,12586,xbev,Bevölkerung gesamt,Bundesländer,10,Saarland,2014,"989035,00"
LRB,12586,xbev,Bevölkerung gesamt,Bundesländer,10,Saarland,2015,"995597,00"
LRB,12586,xbev,Bevölkerung gesamt,Bundesländer,10,Saarland,2016,"996651,00"
LRB,12586,xbev,Bevölkerung gesamt,Bundesländer,10,Saarland,2017,"994187,00"
LRB,12586,xbev,Bevölkerung gesamt,Bundesländer,10,Saarland,2018,"990509,00"
LRB,12586,xbev,Bevölkerung gesamt,Bundesländer,10,Saarland,2019,"986887,00"
LRB,12586,xbev,Bevölkerung gesamt,Bundesländer,10,Saarland,2020,"983991,00"
LRB,12586,xbev,Bevölkerung gesamt,Bundesländer,10,Saarland,2021,"982348,00"
LRB,12586,xbev,Bevölkerung gesamt,Bundesländer,10,Saarland,2022,"1011891,00"
LRB,12586,xbev,Bevölkerung gesamt,Bundesländer,10,Saarland,2023,"1014047,00"
LRB,17274,a_bb_100Mbits,Bandbreitenverfügbarkeit mindestens 100 Mbit/s,Bundesländer,11,Berlin,2017,"89,33"
LRB,17274,a_bb_100Mbits,Bandbreitenverfügbarkeit mindestens 100 Mbit/s,Bundesländer,11,Berlin,2020,"97,27"
LRB,17274,a_bb_100Mbits,Bandbreitenverfügbarkeit mindestens 100 Mbit/s,Bundesländer,11,Berlin,2021,"97,64"
LRB,17274,a_bb_100Mbits,Bandbreitenverfügbarkeit mindestens 100 Mbit/s,Bundesländer,11,Berlin,2022,"98,49"
LRB,17274,a_bb_100Mbits,Bandbreitenverfügbarkeit mindestens 100 Mbit/s,Bundesländer,11,Berlin,2023,"99,39"
LRB,17524,a_sva_exp,Beschäftigte mit Anforderungsniveau Experte,Bundesländer,11,Berlin,2013,"16,48"
LRB,17524,a_sva_exp,Beschäftigte mit Anforderungsniveau Experte,Bundesländer,11,Berlin,2014,"16,77"
LRB,17524,a_sva_exp,Beschäftigte mit Anforderungsniveau Experte,Bundesländer,11,Berlin,2015,"17,20"
LRB,17524,a_sva_exp,Beschäftigte mit Anforderungsniveau Experte,Bundesländer,11,Berlin,2016,"17,65"
LRB,17524,a_sva_exp,Beschäftigte mit Anforderungsniveau Experte,Bundesländer,11,Berlin,2017,"18,04"
LRB,17524,a_sva_exp,Beschäftigte mit Anforderungsniveau Experte,Bundesländer,11,Berlin,2018,"18,53"
LRB,17524,a_sva_exp,Beschäftigte mit Anforderungsniveau Experte,Bundesländer,11,Berlin,2019,"19,04"
LRB,17524,a_sva_exp,Beschäftigte mit Anforderungsniveau Experte,Bundesländer,11,Berlin,2020,"19,74"
LRB,17524,a_sva_exp,Beschäftigte mit Anforderungsniveau Experte,Bundesländer,11,Berlin,2021,"20,28"
LRB,17524,a_sva_exp,Beschäftigte mit Anforderungsniveau Experte,Bundesländer,11,Berlin,2022,"20,89"
LRB,17524,a_sva_exp,Beschäftigte mit Anforderungsniveau Experte,Bundesländer,11,Berlin,2023,"21,44"
LRB,17806,a_svb_IT,Beschäftigte in IT- und naturwissenschaftlichen Dienstleistungsberufen,Bundesländer,11,Berlin,2013,"3,61"
LRB,17806,a_svb_IT,Beschäftigte in IT- und naturwissenschaftlichen Dienstleistungsberufen,Bundesländer,11,Berlin,2014,"3,66"
LRB,17806,a_svb_IT,Beschäftigte in IT- und naturwissenschaftlichen Dienstleistungsberufen,Bundesländer,11,Berlin,2015,"3,76"
LRB,17806,a_svb_IT,Beschäftigte in IT- und naturwissenschaftlichen Dienstleistungsberufen,Bundesländer,11,Berlin,2016,"3,87"
LRB,17806,a_svb_IT,Beschäftigte in IT- und naturwissenschaftlichen Dienstleistungsberufen,Bundesländer,11,Berlin,2017,"4,01"
LRB,17806,a_svb_IT,Beschäftigte in IT- und naturwissenschaftlichen Dienstleistungsberufen,Bundesländer,11,Berlin,2018,"4,18"
LRB,17806,a_svb_IT,Beschäftigte in IT- und naturwissenschaftlichen Dienstleistungsberufen,Bundesländer,11,Berlin,2019,"4,44"
LRB,17806,a_svb_IT,Beschäftigte in IT- und naturwissenschaftlichen Dienstleistungsberufen,Bundesländer,11,Berlin,2020,"4,69"
LRB,17806,a_svb_IT,Beschäftigte in IT- und naturwissenschaftlichen Dienstleistungsberufen,Bundesländer,11,Berlin,2021,"4,86"
LRB,17806,a_svb_IT,Beschäftigte in IT- und naturwissenschaftlichen Dienstleistungsberufen,Bundesländer,11,Berlin,2022,"5,26"
LRB,17806,a_svb_IT,Beschäftigte in IT- und naturwissenschaftlichen Dienstleistungsberufen,Bundesländer,11,Berlin,2023,"5,60"
LRB,17062,a_svb_wissen,Beschäftigte in wissensintensiven Industrien,Bundesländer,11,Berlin,2009,"5,11"
LRB,17062,a_svb_wissen,Beschäftigte in wissensintensiven Industrien,Bundesländer,11,Berlin,2010,"4,93"
LRB,17062,a_svb_wissen,Beschäftigte in wissensintensiven Industrien,Bundesländer,11,Berlin,2011,"4,90"
LRB,17062,a_svb_wissen,Beschäftigte in wissensintensiven Industrien,Bundesländer,11,Berlin,2012,"4,76"
LRB,17062,a_svb_wissen,Beschäftigte in wissensintensiven Industrien,Bundesländer,11,Berlin,2013,"4,23"
LRB,17062,a_svb_wissen,Beschäftigte in wissensintensiven Industrien,Bundesländer,11,Berlin,2014,"4,03"
LRB,17062,a_svb_wissen,Beschäftigte in wissensintensiven Industrien,Bundesländer,11,Berlin,2015,"3,90"
LRB,17062,a_svb_wissen,Beschäftigte in wissensintensiven Industrien,Bundesländer,11,Berlin,2016,"3,77"
LRB,17062,a_svb_wissen,Beschäftigte in wissensintensiven Industrien,Bundesländer,11,Berlin,2017,"3,65"
LRB,17062,a_svb_wissen,Beschäftigte in wissensintensiven Industrien,Bundesländer,11,Berlin,2018,"3,59"
LRB,17062,a_svb_wissen,Beschäftigte in wissensintensiven Industrien,Bundesländer,11,Berlin,2019,"3,51"
LRB,17062,a_svb_wissen,Beschäftigte in wissensintensiven Industrien,Bundesländer,11,Berlin,2020,"3,45"
LRB,17062,a_svb_wissen,Beschäftigte in wissensintensiven Industrien,Bundesländer,11,Berlin,2021,"3,24"
LRB,17062,a_svb_wissen,Beschäftigte in wissensintensiven Industrien,Bundesländer,11,Berlin,2022,"3,09"
LRB,17062,a_svb_wissen,Beschäftigte in wissensintensiven Industrien,Bundesländer,11,Berlin,2023,"3,08"
LRB,19147,e10_bev,Bevölkerungsentwicklung (10 Jahre),Bundesländer,11,Berlin,1995,"12,87"
LRB,19147,e10_bev,Bevölkerungsentwicklung (10 Jahre),Bundesländer,11,Berlin,1996,"11,02"
LRB,19147,e10_bev,Bevölkerungsentwicklung (10 Jahre),Bundesländer,11,Berlin,1997,"8,48"
LRB,19147,e10_bev,Bevölkerungsentwicklung (10 Jahre),Bundesländer,11,Berlin,1998,"1,37"
LRB,19147,e10_bev,Bevölkerungsentwicklung (10 Jahre),Bundesländer,11,Berlin,1999,"-0,68"
LRB,19147,e10_bev,Bevölkerungsentwicklung (10 Jahre),Bundesländer,11,Berlin,2000,"-1,50"
LRB,19147,e10_bev,Bevölkerungsentwicklung (10 Jahre),Bundesländer,11,Berlin,2001,"-1,67"
LRB,19147,e10_bev,Bevölkerungsentwicklung (10 Jahre),Bundesländer,11,Berlin,2002,"-2,12"
LRB,19147,e10_bev,Bevölkerungsentwicklung (10 Jahre),Bundesländer,11,Berlin,2003,"-2,50"
LRB,19147,e10_bev,Bevölkerungsentwicklung (10 Jahre),Bundesländer,11,Berlin,2004,"-2,42"
LRB,19147,e10_bev,Bevölkerungsentwicklung (10 Jahre),Bundesländer,11,Berlin,2005,"-2,20"
LRB,19147,e10_bev,Bevölkerungsentwicklung (10 Jahre),Bundesländer,11,Berlin,2006,"-1,58"
LRB,19147,e10_bev,Bevölkerungsentwicklung (10 Jahre),Bundesländer,11,Berlin,2007,"-0,28"
LRB,19147,e10_bev,Bevölkerungsentwicklung (10 Jahre),Bundesländer,11,Berlin,2008,"0,97"
LRB,19147,e10_bev,Bevölkerungsentwicklung (10 Jahre),Bundesländer,11,Berlin,2009,"1,65"
LRB,19147,e10_bev,Bevölkerungsentwicklung (10 Jahre),Bundesländer,11,Berlin,2010,"2,32"
LRB,19147,e10_bev,Bevölkerungsentwicklung (10 Jahre),Bundesländer,11,Berlin,2011,"-1,84"
LRB,19147,e10_bev,Bevölkerungsentwicklung (10 Jahre),Bundesländer,11,Berlin,2012,"-0,51"
LRB,19147,e10_bev,Bevölkerungsentwicklung (10 Jahre),Bundesländer,11,Berlin,2013,"0,98"
LRB,19147,e10_bev,Bevölkerungsentwicklung (10 Jahre),Bundesländer,11,Berlin,2014,"2,42"
LRB,19147,e10_bev,Bevölkerungsentwicklung (10 Jahre),Bundesländer,11,Berlin,2015,"3,68"
LRB,19147,e10_bev,Bevölkerungsentwicklung (10 Jahre),Bundesländer,11,Berlin,2016,"5,02"
LRB,19147,e10_bev,Bevölkerungsentwicklung (10 Jahre),Bundesländer,11,Berlin,2017,"5,77"
LRB,19147,e10_bev,Bevölkerungsentwicklung (10 Jahre),Bundesländer,11,Berlin,2018,"6,21"
LRB,19147,e10_bev,Bevölkerungsentwicklung (10 Jahre),Bundesländer,11,Berlin,2019,"6,59"
LRB,19147,e10_bev,Bevölkerungsentwicklung (10 Jahre),Bundesländer,11,Berlin,2020,"5,88"
LRB,19147,e10_bev,Bevölkerungsentwicklung (10 Jahre),Bundesländer,11,Berlin,2021,"10,57"
LRB,19147,e10_bev,Bevölkerungsentwicklung (10 Jahre),Bundesländer,11,Berlin,2022,"7,63"
LRB,19147,e10_bev,Bevölkerungsentwicklung (10 Jahre),Bundesländer,11,Berlin,2023,"7,03"
LRB,15490,i_wans,Gesamtwanderungssaldo,Bundesländer,11,Berlin,1995,"2,88"
LRB,15490,i_wans,Gesamtwanderungssaldo,Bundesländer,11,Berlin,1996,"-1,29"
LRB,15490,i_wans,Gesamtwanderungssaldo,Bundesländer,11,Berlin,1997,"-7,86"
LRB,15490,i_wans,Gesamtwanderungssaldo,Bundesländer,11,Berlin,1998,"-6,27"
LRB,15490,i_wans,Gesamtwanderungssaldo,Bundesländer,11,Berlin,1999,"-2,07"
LRB,15490,i_wans,Gesamtwanderungssaldo,Bundesländer,11,Berlin,2000,"-0,25"
LRB,15490,i_wans,Gesamtwanderungssaldo,Bundesländer,11,Berlin,2001,"3,09"
LRB,15490,i_wans,Gesamtwanderungssaldo,Bundesländer,11,Berlin,2002,"2,56"
LRB,15490,i_wans,Gesamtwanderungssaldo,Bundesländer,11,Berlin,2003,"0,14"
LRB,15490,i_wans,Gesamtwanderungssaldo,Bundesländer,11,Berlin,2004,"0,50"
LRB,15490,i_wans,Gesamtwanderungssaldo,Bundesländer,11,Berlin,2005,"3,00"
LRB,15490,i_wans,Gesamtwanderungssaldo,Bundesländer,11,Berlin,2006,"3,14"
LRB,15490,i_wans,Gesamtwanderungssaldo,Bundesländer,11,Berlin,2007,"3,51"
LRB,15490,i_wans,Gesamtwanderungssaldo,Bundesländer,11,Berlin,2008,"4,46"
LRB,15490,i_wans,Gesamtwanderungssaldo,Bundesländer,11,Berlin,2009,"3,05"
LRB,15490,i_wans,Gesamtwanderungssaldo,Bundesländer,11,Berlin,2010,"4,86"
LRB,15490,i_wans,Gesamtwanderungssaldo,Bundesländer,11,Berlin,2011,"11,85"
LRB,15490,i_wans,Gesamtwanderungssaldo,Bundesländer,11,Berlin,2012,"12,24"
LRB,15490,i_wans,Gesamtwanderungssaldo,Bundesländer,11,Berlin,2013,"12,24"
LRB,15490,i_wans,Gesamtwanderungssaldo,Bundesländer,11,Berlin,2014,"10,70"
LRB,15490,i_wans,Gesamtwanderungssaldo,Bundesländer,11,Berlin,2015,"11,67"
LRB,15490,i_wans,Gesamtwanderungssaldo,Bundesländer,11,Berlin,2016,"15,15"
LRB,15490,i_wans,Gesamtwanderungssaldo,Bundesländer,11,Berlin,2017,"9,28"
LRB,15490,i_wans,Gesamtwanderungssaldo,Bundesländer,11,Berlin,2018,"8,08"
LRB,15490,i_wans,Gesamtwanderungssaldo,Bundesländer,11,Berlin,2019,"6,33"
LRB,15490,i_wans,Gesamtwanderungssaldo,Bundesländer,11,Berlin,2020,"-0,53"
LRB,15490,i_wans,Gesamtwanderungssaldo,Bundesländer,11,Berlin,2021,"4,42"
LRB,15490,i_wans,Gesamtwanderungssaldo,Bundesländer,11,Berlin,2022,"23,28"
LRB,15490,i_wans,Gesamtwanderungssaldo,Bundesländer,11,Berlin,2023,"8,95"
LRB,20292,m_ek_akad,Medianeinkommen akademischer Berufsabschluss,Bundesländer,11,Berlin,2014,"4281,92"
LRB,20292,m_ek_akad,Medianeinkommen akademischer Berufsabschluss,Bundesländer,11,Berlin,2015,"4307,25"
LRB,20292,m_ek_akad,Medianeinkommen akademischer Berufsabschluss,Bundesländer,11,Berlin,2016,"4330,31"
LRB,20292,m_ek_akad,Medianeinkommen akademischer Berufsabschluss,Bundesländer,11,Berlin,2017,"4430,00"
LRB,20292,m_ek_akad,Medianeinkommen akademischer Berufsabschluss,Bundesländer,11,Berlin,2018,"4557,20"
LRB,20292,m_ek_akad,Medianeinkommen akademischer Berufsabschluss,Bundesländer,11,Berlin,2019,"4722,55"
LRB,20292,m_ek_akad,Medianeinkommen akademischer Berufsabschluss,Bundesländer,11,Berlin,2020,"4842,83"
LRB,20292,m_ek_akad,Medianeinkommen akademischer Berufsabschluss,Bundesländer,11,Berlin,2021,"4988,77"
LRB,20292,m_ek_akad,Medianeinkommen akademischer Berufsabschluss,Bundesländer,11,Berlin,2022,"5177,82"
LRB,20292,m_ek_akad,Medianeinkommen akademischer Berufsabschluss,Bundesländer,11,Berlin,2023,"5396,81"
LRB,20067,m_mietpr,Angebotsmietpreise,Bundesländer,11,Berlin,2010,"6,00"
LRB,20067,m_mietpr,Angebotsmietpreise,Bundesländer,11,Berlin,2011,"7,00"
LRB,20067,m_mietpr,Angebotsmietpreise,Bundesländer,11,Berlin,2012,"7,00"
LRB,20067,m_mietpr,Angebotsmietpreise,Bundesländer,11,Berlin,2013,"8,00"
LRB,20067,m_mietpr,Angebotsmietpreise,Bundesländer,11,Berlin,2014,"8,00"
LRB,20067,m_mietpr,Angebotsmietpreise,Bundesländer,11,Berlin,2015,"8,00"
LRB,20067,m_mietpr,Angebotsmietpreise,Bundesländer,11,Berlin,2016,"9,00"
LRB,20067,m_mietpr,Angebotsmietpreise,Bundesländer,11,Berlin,2017,"10,00"
LRB,20067,m_mietpr,Angebotsmietpreise,Bundesländer,11,Berlin,2018,"11,00"
LRB,20067,m_mietpr,Angebotsmietpreise,Bundesländer,11,Berlin,2019,"11,00"
LRB,20067,m_mietpr,Angebotsmietpreise,Bundesländer,11,Berlin,2020,"11,00"
LRB,20067,m_mietpr,Angebotsmietpreise,Bundesländer,11,Berlin,2021,"12,00"
LRB,20067,m_mietpr,Angebotsmietpreise,Bundesländer,11,Berlin,2022,"12,00"
LRB,20067,m_mietpr,Angebotsmietpreise,Bundesländer,11,Berlin,2023,"15,00"
LRB,20067,m_mietpr,Angebotsmietpreise,Bundesländer,11,Berlin,2024,"17,00"
LRB,14574,q_alo,Arbeitslosenquote,Bundesländer,11,Berlin,1998,"16,10"
LRB,14574,q_alo,Arbeitslosenquote,Bundesländer,11,Berlin,1999,"15,88"
LRB,14574,q_alo,Arbeitslosenquote,Bundesländer,11,Berlin,2000,"15,79"
LRB,14574,q_alo,Arbeitslosenquote,Bundesländer,11,Berlin,2001,"16,07"
LRB,14574,q_alo,Arbeitslosenquote,Bundesländer,11,Berlin,2002,"16,94"
LRB,14574,q_alo,Arbeitslosenquote,Bundesländer,11,Berlin,2003,"18,09"
LRB,14574,q_alo,Arbeitslosenquote,Bundesländer,11,Berlin,2004,"17,62"
LRB,14574,q_alo,Arbeitslosenquote,Bundesländer,11,Berlin,2005,"18,96"
LRB,14574,q_alo,Arbeitslosenquote,Bundesländer,11,Berlin,2006,"17,46"
LRB,14574,q_alo,Arbeitslosenquote,Bundesländer,11,Berlin,2007,"15,51"
LRB,14574,q_alo,Arbeitslosenquote,Bundesländer,11,Berlin,2008,"13,87"
LRB,14574,q_alo,Arbeitslosenquote,Bundesländer,11,Berlin,2009,"14,04"
LRB,14574,q_alo,Arbeitslosenquote,Bundesländer,11,Berlin,2010,"13,56"
LRB,14574,q_alo,Arbeitslosenquote,Bundesländer,11,Berlin,2011,"13,28"
LRB,14574,q_alo,Arbeitslosenquote,Bundesländer,11,Berlin,2012,"12,29"
LRB,14574,q_alo,Arbeitslosenquote,Bundesländer,11,Berlin,2013,"11,70"
LRB,14574,q_alo,Arbeitslosenquote,Bundesländer,11,Berlin,2014,"11,12"
LRB,14574,q_alo,Arbeitslosenquote,Bundesländer,11,Berlin,2015,"10,66"
LRB,14574,q_alo,Arbeitslosenquote,Bundesländer,11,Berlin,2016,"9,77"
LRB,14574,q_alo,Arbeitslosenquote,Bundesländer,11,Berlin,2017,"8,96"
LRB,14574,q_alo,Arbeitslosenquote,Bundesländer,11,Berlin,2018,"8,14"
LRB,14574,q_alo,Arbeitslosenquote,Bundesländer,11,Berlin,2019,"7,82"
LRB,14574,q_alo,Arbeitslosenquote,Bundesländer,11,Berlin,2020,"9,69"
LRB,14574,q_alo,Arbeitslosenquote,Bundesländer,11,Berlin,2021,"9,81"
LRB,14574,q_alo,Arbeitslosenquote,Bundesländer,11,Berlin,2022,"8,84"
LRB,14574,q_alo,Arbeitslosenquote,Bundesländer,11,Berlin,2023,"9,14"
LRB,15125,q_bip_ew,Bruttoinlandsprodukt je Einwohner,Bundesländer,11,Berlin,1995,"23,96"
LRB,15125,q_bip_ew,Bruttoinlandsprodukt je Einwohner,Bundesländer,11,Berlin,1996,"23,76"
LRB,15125,q_bip_ew,Bruttoinlandsprodukt je Einwohner,Bundesländer,11,Berlin,1997,"23,63"
LRB,15125,q_bip_ew,Bruttoinlandsprodukt je Einwohner,Bundesländer,11,Berlin,1998,"23,83"
LRB,15125,q_bip_ew,Bruttoinlandsprodukt je Einwohner,Bundesländer,11,Berlin,1999,"23,94"
LRB,15125,q_bip_ew,Bruttoinlandsprodukt je Einwohner,Bundesländer,11,Berlin,2000,"25,29"
LRB,15125,q_bip_ew,Bruttoinlandsprodukt je Einwohner,Bundesländer,11,Berlin,2001,"25,49"
LRB,15125,q_bip_ew,Bruttoinlandsprodukt je Einwohner,Bundesländer,11,Berlin,2002,"25,38"
LRB,15125,q_bip_ew,Bruttoinlandsprodukt je Einwohner,Bundesländer,11,Berlin,2003,"25,19"
LRB,15125,q_bip_ew,Bruttoinlandsprodukt je Einwohner,Bundesländer,11,Berlin,2004,"25,22"
LRB,15125,q_bip_ew,Bruttoinlandsprodukt je Einwohner,Bundesländer,11,Berlin,2005,"25,68"
LRB,15125,q_bip_ew,Bruttoinlandsprodukt je Einwohner,Bundesländer,11,Berlin,2006,"26,60"
LRB,15125,q_bip_ew,Bruttoinlandsprodukt je Einwohner,Bundesländer,11,Berlin,2007,"27,68"
LRB,15125,q_bip_ew,Bruttoinlandsprodukt je Einwohner,Bundesländer,11,Berlin,2008,"28,84"
LRB,15125,q_bip_ew,Bruttoinlandsprodukt je Einwohner,Bundesländer,11,Berlin,2009,"28,81"
LRB,15125,q_bip_ew,Bruttoinlandsprodukt je Einwohner,Bundesländer,11,Berlin,2010,"29,78"
LRB,15125,q_bip_ew,Bruttoinlandsprodukt je Einwohner,Bundesländer,11,Berlin,2011,"32,50"
LRB,15125,q_bip_ew,Bruttoinlandsprodukt je Einwohner,Bundesländer,11,Berlin,2012,"32,52"
LRB,15125,q_bip_ew,Bruttoinlandsprodukt je Einwohner,Bundesländer,11,Berlin,2013,"32,99"
LRB,15125,q_bip_ew,Bruttoinlandsprodukt je Einwohner,Bundesländer,11,Berlin,2014,"34,16"
LRB,15125,q_bip_ew,Bruttoinlandsprodukt je Einwohner,Bundesländer,11,Berlin,2015,"35,49"
LRB,15125,q_bip_ew,Bruttoinlandsprodukt je Einwohner,Bundesländer,11,Berlin,2016,"37,26"
LRB,15125,q_bip_ew,Bruttoinlandsprodukt je Einwohner,Bundesländer,11,Berlin,2017,"39,11"
LRB,15125,q_bip_ew,Bruttoinlandsprodukt je Einwohner,Bundesländer,11,Berlin,2018,"40,99"
LRB,15125,q_bip_ew,Bruttoinlandsprodukt je Einwohner,Bundesländer,11,Berlin,2019,"42,80"
LRB,15125,q_bip_ew,Bruttoinlandsprodukt je Einwohner,Bundesländer,11,Berlin,2020,"42,72"
LRB,15125,q_bip_ew,Bruttoinlandsprodukt je Einwohner,Bundesländer,11,Berlin,2021,"45,12"
LRB,15125,q_bip_ew,Bruttoinlandsprodukt je Einwohner,Bundesländer,11,Berlin,2022,"49,25"
LRB,17508,q_svw,Beschäftigtenquote,Bundesländer,11,Berlin,1997,"44,92"
LRB,17508,q_svw,Beschäftigtenquote,Bundesländer,11,Berlin,1998,"43,60"
LRB,17508,q_svw,Beschäftigtenquote,Bundesländer,11,Berlin,1999,"43,88"
LRB,17508,q_svw,Beschäftigtenquote,Bundesländer,11,Berlin,2000,"43,96"
LRB,17508,q_svw,Beschäftigtenquote,Bundesländer,11,Berlin,2001,"43,15"
LRB,17508,q_svw,Beschäftigtenquote,Bundesländer,11,Berlin,2002,"42,11"
LRB,17508,q_svw,Beschäftigtenquote,Bundesländer,11,Berlin,2003,"40,54"
LRB,17508,q_svw,Beschäftigtenquote,Bundesländer,11,Berlin,2004,"39,77"
LRB,17508,q_svw,Beschäftigtenquote,Bundesländer,11,Berlin,2005,"38,56"
LRB,17508,q_svw,Beschäftigtenquote,Bundesländer,11,Berlin,2006,"39,06"
LRB,17508,q_svw,Beschäftigtenquote,Bundesländer,11,Berlin,2007,"40,03"
LRB,17508,q_svw,Beschäftigtenquote,Bundesländer,11,Berlin,2008,"41,41"
LRB,17508,q_svw,Beschäftigtenquote,Bundesländer,11,Berlin,2009,"42,37"
LRB,17508,q_svw,Beschäftigtenquote,Bundesländer,11,Berlin,2010,"43,04"
LRB,17508,q_svw,Beschäftigtenquote,Bundesländer,11,Berlin,2011,"46,51"
LRB,17508,q_svw,Beschäftigtenquote,Bundesländer,11,Berlin,2012,"47,51"
LRB,17508,q_svw,Beschäftigtenquote,Bundesländer,11,Berlin,2013,"47,89"
LRB,17508,q_svw,Beschäftigtenquote,Bundesländer,11,Berlin,2014,"48,79"
LRB,17508,q_svw,Beschäftigtenquote,Bundesländer,11,Berlin,2015,"50,67"
LRB,17508,q_svw,Beschäftigtenquote,Bundesländer,11,Berlin,2016,"51,99"
LRB,17508,q_svw,Beschäftigtenquote,Bundesländer,11,Berlin,2017,"53,66"
LRB,17508,q_svw,Beschäftigtenquote,Bundesländer,11,Berlin,2018,"55,08"
LRB,17508,q_svw,Beschäftigtenquote,Bundesländer,11,Berlin,2019,"56,47"
LRB,17508,q_svw,Beschäftigtenquote,Bundesländer,11,Berlin,2020,"56,79"
LRB,17508,q_svw,Beschäftigtenquote,Bundesländer,11,Berlin,2021,"57,87"
LRB,17508,q_svw,Beschäftigtenquote,Bundesländer,11,Berlin,2022,"60,91"
LRB,17508,q_svw,Beschäftigtenquote,Bundesländer,11,Berlin,2023,"61,25"
LRB,12586,xbev,Bevölkerung gesamt,Bundesländer,11,Berlin,1995,"3471418,00"
LRB,12586,xbev,Bevölkerung gesamt,Bundesländer,11,Berlin,1996,"3458763,00"
LRB,12586,xbev,Bevölkerung gesamt,Bundesländer,11,Berlin,1997,"3425759,00"
LRB,12586,xbev,Bevölkerung gesamt,Bundesländer,11,Berlin,1998,"3398822,00"
LRB,12586,xbev,Bevölkerung gesamt,Bundesländer,11,Berlin,1999,"3386667,00"
LRB,12586,xbev,Bevölkerung gesamt,Bundesländer,11,Berlin,2000,"3382169,00"
LRB,12586,xbev,Bevölkerung gesamt,Bundesländer,11,Berlin,2001,"3388434,00"
LRB,12586,xbev,Bevölkerung gesamt,Bundesländer,11,Berlin,2002,"3392425,00"
LRB,12586,xbev,Bevölkerung gesamt,Bundesländer,11,Berlin,2003,"3388477,00"
LRB,12586,xbev,Bevölkerung gesamt,Bundesländer,11,Berlin,2004,"3387828,00"
LRB,12586,xbev,Bevölkerung gesamt,Bundesländer,11,Berlin,2005,"3395189,00"
LRB,12586,xbev,Bevölkerung gesamt,Bundesländer,11,Berlin,2006,"3404037,00"
LRB,12586,xbev,Bevölkerung gesamt,Bundesländer,11,Berlin,2007,"3416255,00"
LRB,12586,xbev,Bevölkerung gesamt,Bundesländer,11,Berlin,2008,"3431675,00"
LRB,12586,xbev,Bevölkerung gesamt,Bundesländer,11,Berlin,2009,"3442675,00"
LRB,12586,xbev,Bevölkerung gesamt,Bundesländer,11,Berlin,2010,"3460725,00"
LRB,12586,xbev,Bevölkerung gesamt,Bundesländer,11,Berlin,2011,"3326002,00"
LRB,12586,xbev,Bevölkerung gesamt,Bundesländer,11,Berlin,2012,"3375222,00"
LRB,12586,xbev,Bevölkerung gesamt,Bundesländer,11,Berlin,2013,"3421829,00"
LRB,12586,xbev,Bevölkerung gesamt,Bundesländer,11,Berlin,2014,"3469849,00"
LRB,12586,xbev,Bevölkerung gesamt,Bundesländer,11,Berlin,2015,"3520031,00"
LRB,12586,xbev,Bevölkerung gesamt,Bundesländer,11,Berlin,2016,"3574830,00"
LRB,12586,xbev,Bevölkerung gesamt,Bundesländer,11,Berlin,2017,"3613495,00"
LRB,12586,xbev,Bevölkerung gesamt,Bundesländer,11,Berlin,2018,"3644826,00"
LRB,12586,xbev,Bevölkerung gesamt,Bundesländer,11,Berlin,2019,"3669491,00"
LRB,12586,xbev,Bevölkerung gesamt,Bundesländer,11,Berlin,2020,"3664088,00"
LRB,12586,xbev,Bevölkerung gesamt,Bundesländer,11,Berlin,2021,"3677472,00"
LRB,12586,xbev,Bevölkerung gesamt,Bundesländer,11,Berlin,2022,"3632853,00"
LRB,12586,xbev,Bevölkerung gesamt,Bundesländer,11,Berlin,2023,"3662381,00"
LRB,17274,a_bb_100Mbits,Bandbreitenverfügbarkeit mindestens 100 Mbit/s,Bundesländer,12,Brandenburg,2017,"42,20"
LRB,17274,a_bb_100Mbits,Bandbreitenverfügbarkeit mindestens 100 Mbit/s,Bundesländer,12,Brandenburg,2020,"81,18"
LRB,17274,a_bb_100Mbits,Bandbreitenverfügbarkeit mindestens 100 Mbit/s,Bundesländer,12,Brandenburg,2021,"83,22"
LRB,17274,a_bb_100Mbits,Bandbreitenverfügbarkeit mindestens 100 Mbit/s,Bundesländer,12,Brandenburg,2022,"86,76"
LRB,17274,a_bb_100Mbits,Bandbreitenverfügbarkeit mindestens 100 Mbit/s,Bundesländer,12,Brandenburg,2023,"92,01"
LRB,17524,a_sva_exp,Beschäftigte mit Anforderungsniveau Experte,Bundesländer,12,Brandenburg,2013,"10,51"
LRB,17524,a_sva_exp,Beschäftigte mit Anforderungsniveau Experte,Bundesländer,12,Brandenburg,2014,"10,46"
LRB,17524,a_sva_exp,Beschäftigte mit Anforderungsniveau Experte,Bundesländer,12,Brandenburg,2015,"10,39"
LRB,17524,a_sva_exp,Beschäftigte mit Anforderungsniveau Experte,Bundesländer,12,Brandenburg,2016,"10,42"
LRB,17524,a_sva_exp,Beschäftigte mit Anforderungsniveau Experte,Bundesländer,12,Brandenburg,2017,"10,48"
LRB,17524,a_sva_exp,Beschäftigte mit Anforderungsniveau Experte,Bundesländer,12,Brandenburg,2018,"10,59"
LRB,17524,a_sva_exp,Beschäftigte mit Anforderungsniveau Experte,Bundesländer,12,Brandenburg,2019,"10,74"
LRB,17524,a_sva_exp,Beschäftigte mit Anforderungsniveau Experte,Bundesländer,12,Brandenburg,2020,"10,97"
LRB,17524,a_sva_exp,Beschäftigte mit Anforderungsniveau Experte,Bundesländer,12,Brandenburg,2021,"10,99"
LRB,17524,a_sva_exp,Beschäftigte mit Anforderungsniveau Experte,Bundesländer,12,Brandenburg,2022,"11,05"
LRB,17524,a_sva_exp,Beschäftigte mit Anforderungsniveau Experte,Bundesländer,12,Brandenburg,2023,"11,16"
LRB,17806,a_svb_IT,Beschäftigte in IT- und naturwissenschaftlichen Dienstleistungsberufen,Bundesländer,12,Brandenburg,2013,"2,07"
LRB,17806,a_svb_IT,Beschäftigte in IT- und naturwissenschaftlichen Dienstleistungsberufen,Bundesländer,12,Brandenburg,2014,"2,10"
LRB,17806,a_svb_IT,Beschäftigte in IT- und naturwissenschaftlichen Dienstleistungsberufen,Bundesländer,12,Brandenburg,2015,"2,02"
LRB,17806,a_svb_IT,Beschäftigte in IT- und naturwissenschaftlichen Dienstleistungsberufen,Bundesländer,12,Brandenburg,2016,"2,05"
LRB,17806,a_svb_IT,Beschäftigte in IT- und naturwissenschaftlichen Dienstleistungsberufen,Bundesländer,12,Brandenburg,2017,"2,07"
LRB,17806,a_svb_IT,Beschäftigte in IT- und naturwissenschaftlichen Dienstleistungsberufen,Bundesländer,12,Brandenburg,2018,"2,09"
LRB,17806,a_svb_IT,Beschäftigte in IT- und naturwissenschaftlichen Dienstleistungsberufen,Bundesländer,12,Brandenburg,2019,"2,13"
LRB,17806,a_svb_IT,Beschäftigte in IT- und naturwissenschaftlichen Dienstleistungsberufen,Bundesländer,12,Brandenburg,2020,"2,20"
LRB,17806,a_svb_IT,Beschäftigte in IT- und naturwissenschaftlichen Dienstleistungsberufen,Bundesländer,12,Brandenburg,2021,"2,22"
LRB,17806,a_svb_IT,Beschäftigte in IT- und naturwissenschaftlichen Dienstleistungsberufen,Bundesländer,12,Brandenburg,2022,"2,29"
LRB,17806,a_svb_IT,Beschäftigte in IT- und naturwissenschaftlichen Dienstleistungsberufen,Bundesländer,12,Brandenburg,2023,"2,38"
LRB,17062,a_svb_wissen,Beschäftigte in wissensintensiven Industrien,Bundesländer,12,Brandenburg,2009,"4,50"
LRB,17062,a_svb_wissen,Beschäftigte in wissensintensiven Industrien,Bundesländer,12,Brandenburg,2010,"4,53"
LRB,17062,a_svb_wissen,Beschäftigte in wissensintensiven Industrien,Bundesländer,12,Brandenburg,2011,"4,63"
LRB,17062,a_svb_wissen,Beschäftigte in wissensintensiven Industrien,Bundesländer,12,Brandenburg,2012,"4,61"
LRB,17062,a_svb_wissen,Beschäftigte in wissensintensiven Industrien,Bundesländer,12,Brandenburg,2013,"3,60"
LRB,17062,a_svb_wissen,Beschäftigte in wissensintensiven Industrien,Bundesländer,12,Brandenburg,2014,"3,50"
LRB,17062,a_svb_wissen,Beschäftigte in wissensintensiven Industrien,Bundesländer,12,Brandenburg,2015,"3,41"
LRB,17062,a_svb_wissen,Beschäftigte in wissensintensiven Industrien,Bundesländer,12,Brandenburg,2016,"3,35"
LRB,17062,a_svb_wissen,Beschäftigte in wissensintensiven Industrien,Bundesländer,12,Brandenburg,2017,"3,34"
LRB,17062,a_svb_wissen,Beschäftigte in wissensintensiven Industrien,Bundesländer,12,Brandenburg,2018,"3,29"
LRB,17062,a_svb_wissen,Beschäftigte in wissensintensiven Industrien,Bundesländer,12,Brandenburg,2019,"3,28"
LRB,17062,a_svb_wissen,Beschäftigte in wissensintensiven Industrien,Bundesländer,12,Brandenburg,2020,"3,24"
LRB,17062,a_svb_wissen,Beschäftigte in wissensintensiven Industrien,Bundesländer,12,Brandenburg,2021,"3,26"
LRB,17062,a_svb_wissen,Beschäftigte in wissensintensiven Industrien,Bundesländer,12,Brandenburg,2022,"3,61"
LRB,17062,a_svb_wissen,Beschäftigte in wissensintensiven Industrien,Bundesländer,12,Brandenburg,2023,"2,93"
LRB,19147,e10_bev,Bevölkerungsentwicklung (10 Jahre),Bundesländer,12,Brandenburg,1995,"-4,42"
LRB,19147,e10_bev,Bevölkerungsentwicklung (10 Jahre),Bundesländer,12,Brandenburg,1996,"-4,10"
LRB,19147,e10_bev,Bevölkerungsentwicklung (10 Jahre),Bundesländer,12,Brandenburg,1997,"-3,51"
LRB,19147,e10_bev,Bevölkerungsentwicklung (10 Jahre),Bundesländer,12,Brandenburg,1998,"-2,95"
LRB,19147,e10_bev,Bevölkerungsentwicklung (10 Jahre),Bundesländer,12,Brandenburg,1999,"-1,51"
LRB,19147,e10_bev,Bevölkerungsentwicklung (10 Jahre),Bundesländer,12,Brandenburg,2000,"0,49"
LRB,19147,e10_bev,Bevölkerungsentwicklung (10 Jahre),Bundesländer,12,Brandenburg,2001,"1,55"
LRB,19147,e10_bev,Bevölkerungsentwicklung (10 Jahre),Bundesländer,12,Brandenburg,2002,"1,56"
LRB,19147,e10_bev,Bevölkerungsentwicklung (10 Jahre),Bundesländer,12,Brandenburg,2003,"1,45"
LRB,19147,e10_bev,Bevölkerungsentwicklung (10 Jahre),Bundesländer,12,Brandenburg,2004,"1,22"
LRB,19147,e10_bev,Bevölkerungsentwicklung (10 Jahre),Bundesländer,12,Brandenburg,2005,"0,69"
LRB,19147,e10_bev,Bevölkerungsentwicklung (10 Jahre),Bundesländer,12,Brandenburg,2006,"-0,26"
LRB,19147,e10_bev,Bevölkerungsentwicklung (10 Jahre),Bundesländer,12,Brandenburg,2007,"-1,46"
LRB,19147,e10_bev,Bevölkerungsentwicklung (10 Jahre),Bundesländer,12,Brandenburg,2008,"-2,62"
LRB,19147,e10_bev,Bevölkerungsentwicklung (10 Jahre),Bundesländer,12,Brandenburg,2009,"-3,45"
LRB,19147,e10_bev,Bevölkerungsentwicklung (10 Jahre),Bundesländer,12,Brandenburg,2010,"-3,79"
LRB,19147,e10_bev,Bevölkerungsentwicklung (10 Jahre),Bundesländer,12,Brandenburg,2011,"-5,39"
LRB,19147,e10_bev,Bevölkerungsentwicklung (10 Jahre),Bundesländer,12,Brandenburg,2012,"-5,15"
LRB,19147,e10_bev,Bevölkerungsentwicklung (10 Jahre),Bundesländer,12,Brandenburg,2013,"-4,87"
LRB,19147,e10_bev,Bevölkerungsentwicklung (10 Jahre),Bundesländer,12,Brandenburg,2014,"-4,28"
LRB,19147,e10_bev,Bevölkerungsentwicklung (10 Jahre),Bundesländer,12,Brandenburg,2015,"-2,92"
LRB,19147,e10_bev,Bevölkerungsentwicklung (10 Jahre),Bundesländer,12,Brandenburg,2016,"-2,09"
LRB,19147,e10_bev,Bevölkerungsentwicklung (10 Jahre),Bundesländer,12,Brandenburg,2017,"-1,25"
LRB,19147,e10_bev,Bevölkerungsentwicklung (10 Jahre),Bundesländer,12,Brandenburg,2018,"-0,42"
LRB,19147,e10_bev,Bevölkerungsentwicklung (10 Jahre),Bundesländer,12,Brandenburg,2019,"0,41"
LRB,19147,e10_bev,Bevölkerungsentwicklung (10 Jahre),Bundesländer,12,Brandenburg,2020,"1,11"
LRB,19147,e10_bev,Bevölkerungsentwicklung (10 Jahre),Bundesländer,12,Brandenburg,2021,"3,45"
LRB,19147,e10_bev,Bevölkerungsentwicklung (10 Jahre),Bundesländer,12,Brandenburg,2022,"3,90"
LRB,19147,e10_bev,Bevölkerungsentwicklung (10 Jahre),Bundesländer,12,Brandenburg,2023,"4,30"
LRB,15490,i_wans,Gesamtwanderungssaldo,Bundesländer,12,Brandenburg,1995,"7,55"
LRB,15490,i_wans,Gesamtwanderungssaldo,Bundesländer,12,Brandenburg,1996,"9,74"
LRB,15490,i_wans,Gesamtwanderungssaldo,Bundesländer,12,Brandenburg,1997,"11,36"
LRB,15490,i_wans,Gesamtwanderungssaldo,Bundesländer,12,Brandenburg,1998,"10,14"
LRB,15490,i_wans,Gesamtwanderungssaldo,Bundesländer,12,Brandenburg,1999,"7,27"
LRB,15490,i_wans,Gesamtwanderungssaldo,Bundesländer,12,Brandenburg,2000,"3,22"
LRB,15490,i_wans,Gesamtwanderungssaldo,Bundesländer,12,Brandenburg,2001,"-0,26"
LRB,15490,i_wans,Gesamtwanderungssaldo,Bundesländer,12,Brandenburg,2002,"-0,72"
LRB,15490,i_wans,Gesamtwanderungssaldo,Bundesländer,12,Brandenburg,2003,"0,40"
LRB,15490,i_wans,Gesamtwanderungssaldo,Bundesländer,12,Brandenburg,2004,"0,31"
LRB,15490,i_wans,Gesamtwanderungssaldo,Bundesländer,12,Brandenburg,2005,"-0,05"
LRB,15490,i_wans,Gesamtwanderungssaldo,Bundesländer,12,Brandenburg,2006,"-1,29"
LRB,15490,i_wans,Gesamtwanderungssaldo,Bundesländer,12,Brandenburg,2007,"-1,56"
LRB,15490,i_wans,Gesamtwanderungssaldo,Bundesländer,12,Brandenburg,2008,"-2,09"
LRB,15490,i_wans,Gesamtwanderungssaldo,Bundesländer,12,Brandenburg,2009,"-0,92"
LRB,15490,i_wans,Gesamtwanderungssaldo,Bundesländer,12,Brandenburg,2010,"0,25"
LRB,15490,i_wans,Gesamtwanderungssaldo,Bundesländer,12,Brandenburg,2011,"0,75"
LRB,15490,i_wans,Gesamtwanderungssaldo,Bundesländer,12,Brandenburg,2012,"2,34"
LRB,15490,i_wans,Gesamtwanderungssaldo,Bundesländer,12,Brandenburg,2013,"4,34"
LRB,15490,i_wans,Gesamtwanderungssaldo,Bundesländer,12,Brandenburg,2014,"7,33"
LRB,15490,i_wans,Gesamtwanderungssaldo,Bundesländer,12,Brandenburg,2015,"15,16"
LRB,15490,i_wans,Gesamtwanderungssaldo,Bundesländer,12,Brandenburg,2016,"8,37"
LRB,15490,i_wans,Gesamtwanderungssaldo,Bundesländer,12,Brandenburg,2017,"8,28"
LRB,15490,i_wans,Gesamtwanderungssaldo,Bundesländer,12,Brandenburg,2018,"8,38"
LRB,15490,i_wans,Gesamtwanderungssaldo,Bundesländer,12,Brandenburg,2019,"9,09"
LRB,15490,i_wans,Gesamtwanderungssaldo,Bundesländer,12,Brandenburg,2020,"9,80"
LRB,15490,i_wans,Gesamtwanderungssaldo,Bundesländer,12,Brandenburg,2021,"9,99"
LRB,15490,i_wans,Gesamtwanderungssaldo,Bundesländer,12,Brandenburg,2022,"21,81"
LRB,15490,i_wans,Gesamtwanderungssaldo,Bundesländer,12,Brandenburg,2023,"11,66"
LRB,20292,m_ek_akad,Medianeinkommen akademischer Berufsabschluss,Bundesländer,12,Brandenburg,2014,"3991,05"
LRB,20292,m_ek_akad,Medianeinkommen akademischer Berufsabschluss,Bundesländer,12,Brandenburg,2015,"4053,50"
LRB,20292,m_ek_akad,Medianeinkommen akademischer Berufsabschluss,Bundesländer,12,Brandenburg,2016,"4099,58"
LRB,20292,m_ek_akad,Medianeinkommen akademischer Berufsabschluss,Bundesländer,12,Brandenburg,2017,"4180,92"
LRB,20292,m_ek_akad,Medianeinkommen akademischer Berufsabschluss,Bundesländer,12,Brandenburg,2018,"4291,60"
LRB,20292,m_ek_akad,Medianeinkommen akademischer Berufsabschluss,Bundesländer,12,Brandenburg,2019,"4435,49"
LRB,20292,m_ek_akad,Medianeinkommen akademischer Berufsabschluss,Bundesländer,12,Brandenburg,2020,"4495,65"
LRB,20292,m_ek_akad,Medianeinkommen akademischer Berufsabschluss,Bundesländer,12,Brandenburg,2021,"4621,70"
LRB,20292,m_ek_akad,Medianeinkommen akademischer Berufsabschluss,Bundesländer,12,Brandenburg,2022,"4743,54"
LRB,20292,m_ek_akad,Medianeinkommen akademischer Berufsabschluss,Bundesländer,12,Brandenburg,2023,"4900,60"
LRB,20067,m_mietpr,Angebotsmietpreise,Bundesländer,12,Brandenburg,2010,"6,00"
LRB,20067,m_mietpr,Angebotsmietpreise,Bundesländer,12,Brandenburg,2011,"6,00"
LRB,20067,m_mietpr,Angebotsmietpreise,Bundesländer,12,Brandenburg,2012,"6,00"
LRB,20067,m_mietpr,Angebotsmietpreise,Bundesländer,12,Brandenburg,2013,"6,00"
LRB,20067,m_mietpr,Angebotsmietpreise,Bundesländer,12,Brandenburg,2014,"6,00"
LRB,20067,m_mietpr,Angebotsmietpreise,Bundesländer,12,Brandenburg,2015,"6,00"
LRB,20067,m_mietpr,Angebotsmietpreise,Bundesländer,12,Brandenburg,2016,"6,00"
LRB,20067,m_mietpr,Angebotsmietpreise,Bundesländer,12,Brandenburg,2017,"6,00"
LRB,20067,m_mietpr,Angebotsmietpreise,Bundesländer,12,Brandenburg,2018,"7,00"
LRB,20067,m_mietpr,Angebotsmietpreise,Bundesländer,12,Brandenburg,2019,"7,00"
LRB,20067,m_mietpr,Angebotsmietpreise,Bundesländer,12,Brandenburg,2020,"7,00"
LRB,20067,m_mietpr,Angebotsmietpreise,Bundesländer,12,Brandenburg,2021,"8,00"
LRB,20067,m_mietpr,Angebotsmietpreise,Bundesländer,12,Brandenburg,2022,"8,00"
LRB,20067,m_mietpr,Angebotsmietpreise,Bundesländer,12,Brandenburg,2023,"9,00"
LRB,20067,m_mietpr,Angebotsmietpreise,Bundesländer,12,Brandenburg,2024,"10,00"
LRB,14574,q_alo,Arbeitslosenquote,Bundesländer,12,Brandenburg,1998,"17,59"
LRB,14574,q_alo,Arbeitslosenquote,Bundesländer,12,Brandenburg,1999,"17,36"
LRB,14574,q_alo,Arbeitslosenquote,Bundesländer,12,Brandenburg,2000,"17,05"
LRB,14574,q_alo,Arbeitslosenquote,Bundesländer,12,Brandenburg,2001,"17,36"
LRB,14574,q_alo,Arbeitslosenquote,Bundesländer,12,Brandenburg,2002,"17,54"
LRB,14574,q_alo,Arbeitslosenquote,Bundesländer,12,Brandenburg,2003,"18,76"
LRB,14574,q_alo,Arbeitslosenquote,Bundesländer,12,Brandenburg,2004,"18,73"
LRB,14574,q_alo,Arbeitslosenquote,Bundesländer,12,Brandenburg,2005,"18,20"
LRB,14574,q_alo,Arbeitslosenquote,Bundesländer,12,Brandenburg,2006,"16,97"
LRB,14574,q_alo,Arbeitslosenquote,Bundesländer,12,Brandenburg,2007,"14,89"
LRB,14574,q_alo,Arbeitslosenquote,Bundesländer,12,Brandenburg,2008,"13,02"
LRB,14574,q_alo,Arbeitslosenquote,Bundesländer,12,Brandenburg,2009,"12,29"
LRB,14574,q_alo,Arbeitslosenquote,Bundesländer,12,Brandenburg,2010,"11,11"
LRB,14574,q_alo,Arbeitslosenquote,Bundesländer,12,Brandenburg,2011,"10,69"
LRB,14574,q_alo,Arbeitslosenquote,Bundesländer,12,Brandenburg,2012,"10,16"
LRB,14574,q_alo,Arbeitslosenquote,Bundesländer,12,Brandenburg,2013,"9,89"
LRB,14574,q_alo,Arbeitslosenquote,Bundesländer,12,Brandenburg,2014,"9,35"
LRB,14574,q_alo,Arbeitslosenquote,Bundesländer,12,Brandenburg,2015,"8,66"
LRB,14574,q_alo,Arbeitslosenquote,Bundesländer,12,Brandenburg,2016,"7,99"
LRB,14574,q_alo,Arbeitslosenquote,Bundesländer,12,Brandenburg,2017,"7,01"
LRB,14574,q_alo,Arbeitslosenquote,Bundesländer,12,Brandenburg,2018,"6,30"
LRB,14574,q_alo,Arbeitslosenquote,Bundesländer,12,Brandenburg,2019,"5,77"
LRB,14574,q_alo,Arbeitslosenquote,Bundesländer,12,Brandenburg,2020,"6,18"
LRB,14574,q_alo,Arbeitslosenquote,Bundesländer,12,Brandenburg,2021,"5,87"
LRB,14574,q_alo,Arbeitslosenquote,Bundesländer,12,Brandenburg,2022,"5,58"
LRB,14574,q_alo,Arbeitslosenquote,Bundesländer,12,Brandenburg,2023,"5,93"
LRB,15125,q_bip_ew,Bruttoinlandsprodukt je Einwohner,Bundesländer,12,Brandenburg,1995,"14,76"
LRB,15125,q_bip_ew,Bruttoinlandsprodukt je Einwohner,Bundesländer,12,Brandenburg,1996,"15,36"
LRB,15125,q_bip_ew,Bruttoinlandsprodukt je Einwohner,Bundesländer,12,Brandenburg,1997,"15,65"
LRB,15125,q_bip_ew,Bruttoinlandsprodukt je Einwohner,Bundesländer,12,Brandenburg,1998,"15,88"
LRB,15125,q_bip_ew,Bruttoinlandsprodukt je Einwohner,Bundesländer,12,Brandenburg,1999,"16,44"
LRB,15125,q_bip_ew,Bruttoinlandsprodukt je Einwohner,Bundesländer,12,Brandenburg,2000,"17,17"
LRB,15125,q_bip_ew,Bruttoinlandsprodukt je Einwohner,Bundesländer,12,Brandenburg,2001,"17,65"
LRB,15125,q_bip_ew,Bruttoinlandsprodukt je Einwohner,Bundesländer,12,Brandenburg,2002,"17,91"
LRB,15125,q_bip_ew,Bruttoinlandsprodukt je Einwohner,Bundesländer,12,Brandenburg,2003,"18,10"
LRB,15125,q_bip_ew,Bruttoinlandsprodukt je Einwohner,Bundesländer,12,Brandenburg,2004,"18,63"
LRB,15125,q_bip_ew,Bruttoinlandsprodukt je Einwohner,Bundesländer,12,Brandenburg,2005,"18,93"
LRB,15125,q_bip_ew,Bruttoinlandsprodukt je Einwohner,Bundesländer,12,Brandenburg,2006,"19,93"
LRB,15125,q_bip_ew,Bruttoinlandsprodukt je Einwohner,Bundesländer,12,Brandenburg,2007,"20,83"
LRB,15125,q_bip_ew,Bruttoinlandsprodukt je Einwohner,Bundesländer,12,Brandenburg,2008,"21,65"
LRB,15125,q_bip_ew,Bruttoinlandsprodukt je Einwohner,Bundesländer,12,Brandenburg,2009,"21,25"
LRB,15125,q_bip_ew,Bruttoinlandsprodukt je Einwohner,Bundesländer,12,Brandenburg,2010,"22,28"
LRB,15125,q_bip_ew,Bruttoinlandsprodukt je Einwohner,Bundesländer,12,Brandenburg,2011,"23,43"
LRB,15125,q_bip_ew,Bruttoinlandsprodukt je Einwohner,Bundesländer,12,Brandenburg,2012,"24,05"
LRB,15125,q_bip_ew,Bruttoinlandsprodukt je Einwohner,Bundesländer,12,Brandenburg,2013,"24,72"
LRB,15125,q_bip_ew,Bruttoinlandsprodukt je Einwohner,Bundesländer,12,Brandenburg,2014,"25,93"
LRB,15125,q_bip_ew,Bruttoinlandsprodukt je Einwohner,Bundesländer,12,Brandenburg,2015,"26,30"
LRB,15125,q_bip_ew,Bruttoinlandsprodukt je Einwohner,Bundesländer,12,Brandenburg,2016,"27,04"
LRB,15125,q_bip_ew,Bruttoinlandsprodukt je Einwohner,Bundesländer,12,Brandenburg,2017,"28,21"
LRB,15125,q_bip_ew,Bruttoinlandsprodukt je Einwohner,Bundesländer,12,Brandenburg,2018,"28,95"
LRB,15125,q_bip_ew,Bruttoinlandsprodukt je Einwohner,Bundesländer,12,Brandenburg,2019,"30,16"
LRB,15125,q_bip_ew,Bruttoinlandsprodukt je Einwohner,Bundesländer,12,Brandenburg,2020,"29,98"
LRB,15125,q_bip_ew,Bruttoinlandsprodukt je Einwohner,Bundesländer,12,Brandenburg,2021,"31,85"
LRB,15125,q_bip_ew,Bruttoinlandsprodukt je Einwohner,Bundesländer,12,Brandenburg,2022,"34,86"
LRB,17508,q_svw,Beschäftigtenquote,Bundesländer,12,Brandenburg,1997,"50,78"
LRB,17508,q_svw,Beschäftigtenquote,Bundesländer,12,Brandenburg,1998,"50,46"
LRB,17508,q_svw,Beschäftigtenquote,Bundesländer,12,Brandenburg,1999,"49,72"
LRB,17508,q_svw,Beschäftigtenquote,Bundesländer,12,Brandenburg,2000,"49,46"
LRB,17508,q_svw,Beschäftigtenquote,Bundesländer,12,Brandenburg,2001,"48,75"
LRB,17508,q_svw,Beschäftigtenquote,Bundesländer,12,Brandenburg,2002,"48,11"
LRB,17508,q_svw,Beschäftigtenquote,Bundesländer,12,Brandenburg,2003,"47,04"
LRB,17508,q_svw,Beschäftigtenquote,Bundesländer,12,Brandenburg,2004,"46,48"
LRB,17508,q_svw,Beschäftigtenquote,Bundesländer,12,Brandenburg,2005,"46,14"
LRB,17508,q_svw,Beschäftigtenquote,Bundesländer,12,Brandenburg,2006,"47,79"
LRB,17508,q_svw,Beschäftigtenquote,Bundesländer,12,Brandenburg,2007,"49,92"
LRB,17508,q_svw,Beschäftigtenquote,Bundesländer,12,Brandenburg,2008,"51,89"
LRB,17508,q_svw,Beschäftigtenquote,Bundesländer,12,Brandenburg,2009,"52,81"
LRB,17508,q_svw,Beschäftigtenquote,Bundesländer,12,Brandenburg,2010,"53,85"
LRB,17508,q_svw,Beschäftigtenquote,Bundesländer,12,Brandenburg,2011,"55,98"
LRB,17508,q_svw,Beschäftigtenquote,Bundesländer,12,Brandenburg,2012,"56,78"
LRB,17508,q_svw,Beschäftigtenquote,Bundesländer,12,Brandenburg,2013,"57,96"
LRB,17508,q_svw,Beschäftigtenquote,Bundesländer,12,Brandenburg,2014,"58,72"
LRB,17508,q_svw,Beschäftigtenquote,Bundesländer,12,Brandenburg,2015,"59,16"
LRB,17508,q_svw,Beschäftigtenquote,Bundesländer,12,Brandenburg,2016,"60,25"
LRB,17508,q_svw,Beschäftigtenquote,Bundesländer,12,Brandenburg,2017,"61,68"
LRB,17508,q_svw,Beschäftigtenquote,Bundesländer,12,Brandenburg,2018,"62,98"
LRB,17508,q_svw,Beschäftigtenquote,Bundesländer,12,Brandenburg,2019,"63,96"
LRB,17508,q_svw,Beschäftigtenquote,Bundesländer,12,Brandenburg,2020,"64,13"
LRB,17508,q_svw,Beschäftigtenquote,Bundesländer,12,Brandenburg,2021,"64,94"
LRB,17508,q_svw,Beschäftigtenquote,Bundesländer,12,Brandenburg,2022,"65,74"
LRB,17508,q_svw,Beschäftigtenquote,Bundesländer,12,Brandenburg,2023,"66,32"
LRB,12586,xbev,Bevölkerung gesamt,Bundesländer,12,Brandenburg,1995,"2542041,00"
LRB,12586,xbev,Bevölkerung gesamt,Bundesländer,12,Brandenburg,1996,"2554441,00"
LRB,12586,xbev,Bevölkerung gesamt,Bundesländer,12,Brandenburg,1997,"2573291,00"
LRB,12586,xbev,Bevölkerung gesamt,Bundesländer,12,Brandenburg,1998,"2590375,00"
LRB,12586,xbev,Bevölkerung gesamt,Bundesländer,12,Brandenburg,1999,"2601207,00"
LRB,12586,xbev,Bevölkerung gesamt,Bundesländer,12,Brandenburg,2000,"2601963,00"
LRB,12586,xbev,Bevölkerung gesamt,Bundesländer,12,Brandenburg,2001,"2593041,00"
LRB,12586,xbev,Bevölkerung gesamt,Bundesländer,12,Brandenburg,2002,"2582379,00"
LRB,12586,xbev,Bevölkerung gesamt,Bundesländer,12,Brandenburg,2003,"2574521,00"
LRB,12586,xbev,Bevölkerung gesamt,Bundesländer,12,Brandenburg,2004,"2567704,00"
LRB,12586,xbev,Bevölkerung gesamt,Bundesländer,12,Brandenburg,2005,"2559483,00"
LRB,12586,xbev,Bevölkerung gesamt,Bundesländer,12,Brandenburg,2006,"2547772,00"
LRB,12586,xbev,Bevölkerung gesamt,Bundesländer,12,Brandenburg,2007,"2535737,00"
LRB,12586,xbev,Bevölkerung gesamt,Bundesländer,12,Brandenburg,2008,"2522493,00"
LRB,12586,xbev,Bevölkerung gesamt,Bundesländer,12,Brandenburg,2009,"2511525,00"
LRB,12586,xbev,Bevölkerung gesamt,Bundesländer,12,Brandenburg,2010,"2503273,00"
LRB,12586,xbev,Bevölkerung gesamt,Bundesländer,12,Brandenburg,2011,"2453180,00"
LRB,12586,xbev,Bevölkerung gesamt,Bundesländer,12,Brandenburg,2012,"2449511,00"
LRB,12586,xbev,Bevölkerung gesamt,Bundesländer,12,Brandenburg,2013,"2449193,00"
LRB,12586,xbev,Bevölkerung gesamt,Bundesländer,12,Brandenburg,2014,"2457872,00"
LRB,12586,xbev,Bevölkerung gesamt,Bundesländer,12,Brandenburg,2015,"2484826,00"
LRB,12586,xbev,Bevölkerung gesamt,Bundesländer,12,Brandenburg,2016,"2494648,00"
LRB,12586,xbev,Bevölkerung gesamt,Bundesländer,12,Brandenburg,2017,"2504040,00"
LRB,12586,xbev,Bevölkerung gesamt,Bundesländer,12,Brandenburg,2018,"2511917,00"
LRB,12586,xbev,Bevölkerung gesamt,Bundesländer,12,Brandenburg,2019,"2521893,00"
LRB,12586,xbev,Bevölkerung gesamt,Bundesländer,12,Brandenburg,2020,"2531071,00"
LRB,12586,xbev,Bevölkerung gesamt,Bundesländer,12,Brandenburg,2021,"2537868,00"
LRB,12586,xbev,Bevölkerung gesamt,Bundesländer,12,Brandenburg,2022,"2545159,00"
LRB,12586,xbev,Bevölkerung gesamt,Bundesländer,12,Brandenburg,2023,"2554464,00"
LRB,17274,a_bb_100Mbits,Bandbreitenverfügbarkeit mindestens 100 Mbit/s,Bundesländer,13,Mecklenburg-Vorpommern,2017,"51,43"
LRB,17274,a_bb_100Mbits,Bandbreitenverfügbarkeit mindestens 100 Mbit/s,Bundesländer,13,Mecklenburg-Vorpommern,2020,"75,33"
LRB,17274,a_bb_100Mbits,Bandbreitenverfügbarkeit mindestens 100 Mbit/s,Bundesländer,13,Mecklenburg-Vorpommern,2021,"77,08"
LRB,17274,a_bb_100Mbits,Bandbreitenverfügbarkeit mindestens 100 Mbit/s,Bundesländer,13,Mecklenburg-Vorpommern,2022,"79,58"
LRB,17274,a_bb_100Mbits,Bandbreitenverfügbarkeit mindestens 100 Mbit/s,Bundesländer,13,Mecklenburg-Vorpommern,2023,"85,40"
LRB,17524,a_sva_exp,Beschäftigte mit Anforderungsniveau Experte,Bundesländer,13,Mecklenburg-Vorpommern,2013,"11,32"
LRB,17524,a_sva_exp,Beschäftigte mit Anforderungsniveau Experte,Bundesländer,13,Mecklenburg-Vorpommern,2014,"11,33"
LRB,17524,a_sva_exp,Beschäftigte mit Anforderungsniveau Experte,Bundesländer,13,Mecklenburg-Vorpommern,2015,"11,10"
LRB,17524,a_sva_exp,Beschäftigte mit Anforderungsniveau Experte,Bundesländer,13,Mecklenburg-Vorpommern,2016,"11,10"
LRB,17524,a_sva_exp,Beschäftigte mit Anforderungsniveau Experte,Bundesländer,13,Mecklenburg-Vorpommern,2017,"10,96"
LRB,17524,a_sva_exp,Beschäftigte mit Anforderungsniveau Experte,Bundesländer,13,Mecklenburg-Vorpommern,2018,"10,96"
LRB,17524,a_sva_exp,Beschäftigte mit Anforderungsniveau Experte,Bundesländer,13,Mecklenburg-Vorpommern,2019,"10,97"
LRB,17524,a_sva_exp,Beschäftigte mit Anforderungsniveau Experte,Bundesländer,13,Mecklenburg-Vorpommern,2020,"11,14"
LRB,17524,a_sva_exp,Beschäftigte mit Anforderungsniveau Experte,Bundesländer,13,Mecklenburg-Vorpommern,2021,"11,14"
LRB,17524,a_sva_exp,Beschäftigte mit Anforderungsniveau Experte,Bundesländer,13,Mecklenburg-Vorpommern,2022,"11,08"
LRB,17524,a_sva_exp,Beschäftigte mit Anforderungsniveau Experte,Bundesländer,13,Mecklenburg-Vorpommern,2023,"11,24"
LRB,17806,a_svb_IT,Beschäftigte in IT- und naturwissenschaftlichen Dienstleistungsberufen,Bundesländer,13,Mecklenburg-Vorpommern,2013,"1,67"
LRB,17806,a_svb_IT,Beschäftigte in IT- und naturwissenschaftlichen Dienstleistungsberufen,Bundesländer,13,Mecklenburg-Vorpommern,2014,"1,68"
LRB,17806,a_svb_IT,Beschäftigte in IT- und naturwissenschaftlichen Dienstleistungsberufen,Bundesländer,13,Mecklenburg-Vorpommern,2015,"1,72"
LRB,17806,a_svb_IT,Beschäftigte in IT- und naturwissenschaftlichen Dienstleistungsberufen,Bundesländer,13,Mecklenburg-Vorpommern,2016,"1,74"
LRB,17806,a_svb_IT,Beschäftigte in IT- und naturwissenschaftlichen Dienstleistungsberufen,Bundesländer,13,Mecklenburg-Vorpommern,2017,"1,77"
LRB,17806,a_svb_IT,Beschäftigte in IT- und naturwissenschaftlichen Dienstleistungsberufen,Bundesländer,13,Mecklenburg-Vorpommern,2018,"1,67"
LRB,17806,a_svb_IT,Beschäftigte in IT- und naturwissenschaftlichen Dienstleistungsberufen,Bundesländer,13,Mecklenburg-Vorpommern,2019,"1,86"
LRB,17806,a_svb_IT,Beschäftigte in IT- und naturwissenschaftlichen Dienstleistungsberufen,Bundesländer,13,Mecklenburg-Vorpommern,2020,"1,93"
LRB,17806,a_svb_IT,Beschäftigte in IT- und naturwissenschaftlichen Dienstleistungsberufen,Bundesländer,13,Mecklenburg-Vorpommern,2021,"1,99"
LRB,17806,a_svb_IT,Beschäftigte in IT- und naturwissenschaftlichen Dienstleistungsberufen,Bundesländer,13,Mecklenburg-Vorpommern,2022,"2,01"
LRB,17806,a_svb_IT,Beschäftigte in IT- und naturwissenschaftlichen Dienstleistungsberufen,Bundesländer,13,Mecklenburg-Vorpommern,2023,"2,09"
LRB,17062,a_svb_wissen,Beschäftigte in wissensintensiven Industrien,Bundesländer,13,Mecklenburg-Vorpommern,2009,"3,30"
LRB,17062,a_svb_wissen,Beschäftigte in wissensintensiven Industrien,Bundesländer,13,Mecklenburg-Vorpommern,2010,"3,19"
LRB,17062,a_svb_wissen,Beschäftigte in wissensintensiven Industrien,Bundesländer,13,Mecklenburg-Vorpommern,2011,"3,34"
LRB,17062,a_svb_wissen,Beschäftigte in wissensintensiven Industrien,Bundesländer,13,Mecklenburg-Vorpommern,2012,"3,51"
LRB,17062,a_svb_wissen,Beschäftigte in wissensintensiven Industrien,Bundesländer,13,Mecklenburg-Vorpommern,2013,"2,78"
LRB,17062,a_svb_wissen,Beschäftigte in wissensintensiven Industrien,Bundesländer,13,Mecklenburg-Vorpommern,2014,"2,80"
LRB,17062,a_svb_wissen,Beschäftigte in wissensintensiven Industrien,Bundesländer,13,Mecklenburg-Vorpommern,2015,"2,87"
LRB,17062,a_svb_wissen,Beschäftigte in wissensintensiven Industrien,Bundesländer,13,Mecklenburg-Vorpommern,2016,"2,82"
LRB,17062,a_svb_wissen,Beschäftigte in wissensintensiven Industrien,Bundesländer,13,Mecklenburg-Vorpommern,2017,"2,82"
LRB,17062,a_svb_wissen,Beschäftigte in wissensintensiven Industrien,Bundesländer,13,Mecklenburg-Vorpommern,2018,"2,83"
LRB,17062,a_svb_wissen,Beschäftigte in wissensintensiven Industrien,Bundesländer,13,Mecklenburg-Vorpommern,2019,"2,92"
LRB,17062,a_svb_wissen,Beschäftigte in wissensintensiven Industrien,Bundesländer,13,Mecklenburg-Vorpommern,2020,"2,89"
LRB,17062,a_svb_wissen,Beschäftigte in wissensintensiven Industrien,Bundesländer,13,Mecklenburg-Vorpommern,2021,"2,94"
LRB,17062,a_svb_wissen,Beschäftigte in wissensintensiven Industrien,Bundesländer,13,Mecklenburg-Vorpommern,2022,"2,84"
LRB,17062,a_svb_wissen,Beschäftigte in wissensintensiven Industrien,Bundesländer,13,Mecklenburg-Vorpommern,2023,"2,77"
LRB,19147,e10_bev,Bevölkerungsentwicklung (10 Jahre),Bundesländer,13,Mecklenburg-Vorpommern,1995,"-6,65"
LRB,19147,e10_bev,Bevölkerungsentwicklung (10 Jahre),Bundesländer,13,Mecklenburg-Vorpommern,1996,"-7,37"
LRB,19147,e10_bev,Bevölkerungsentwicklung (10 Jahre),Bundesländer,13,Mecklenburg-Vorpommern,1997,"-8,13"
LRB,19147,e10_bev,Bevölkerungsentwicklung (10 Jahre),Bundesländer,13,Mecklenburg-Vorpommern,1998,"-8,82"
LRB,19147,e10_bev,Bevölkerungsentwicklung (10 Jahre),Bundesländer,13,Mecklenburg-Vorpommern,1999,"-8,60"
LRB,19147,e10_bev,Bevölkerungsentwicklung (10 Jahre),Bundesländer,13,Mecklenburg-Vorpommern,2000,"-6,87"
LRB,19147,e10_bev,Bevölkerungsentwicklung (10 Jahre),Bundesländer,13,Mecklenburg-Vorpommern,2001,"-6,13"
LRB,19147,e10_bev,Bevölkerungsentwicklung (10 Jahre),Bundesländer,13,Mecklenburg-Vorpommern,2002,"-6,15"
LRB,19147,e10_bev,Bevölkerungsentwicklung (10 Jahre),Bundesländer,13,Mecklenburg-Vorpommern,2003,"-6,03"
LRB,19147,e10_bev,Bevölkerungsentwicklung (10 Jahre),Bundesländer,13,Mecklenburg-Vorpommern,2004,"-6,15"
LRB,19147,e10_bev,Bevölkerungsentwicklung (10 Jahre),Bundesländer,13,Mecklenburg-Vorpommern,2005,"-6,35"
LRB,19147,e10_bev,Bevölkerungsentwicklung (10 Jahre),Bundesländer,13,Mecklenburg-Vorpommern,2006,"-6,79"
LRB,19147,e10_bev,Bevölkerungsentwicklung (10 Jahre),Bundesländer,13,Mecklenburg-Vorpommern,2007,"-7,09"
LRB,19147,e10_bev,Bevölkerungsentwicklung (10 Jahre),Bundesländer,13,Mecklenburg-Vorpommern,2008,"-7,47"
LRB,19147,e10_bev,Bevölkerungsentwicklung (10 Jahre),Bundesländer,13,Mecklenburg-Vorpommern,2009,"-7,72"
LRB,19147,e10_bev,Bevölkerungsentwicklung (10 Jahre),Bundesländer,13,Mecklenburg-Vorpommern,2010,"-7,51"
LRB,19147,e10_bev,Bevölkerungsentwicklung (10 Jahre),Bundesländer,13,Mecklenburg-Vorpommern,2011,"-8,69"
LRB,19147,e10_bev,Bevölkerungsentwicklung (10 Jahre),Bundesländer,13,Mecklenburg-Vorpommern,2012,"-8,27"
LRB,19147,e10_bev,Bevölkerungsentwicklung (10 Jahre),Bundesländer,13,Mecklenburg-Vorpommern,2013,"-7,84"
LRB,19147,e10_bev,Bevölkerungsentwicklung (10 Jahre),Bundesländer,13,Mecklenburg-Vorpommern,2014,"-7,01"
LRB,19147,e10_bev,Bevölkerungsentwicklung (10 Jahre),Bundesländer,13,Mecklenburg-Vorpommern,2015,"-5,56"
LRB,19147,e10_bev,Bevölkerungsentwicklung (10 Jahre),Bundesländer,13,Mecklenburg-Vorpommern,2016,"-4,91"
LRB,19147,e10_bev,Bevölkerungsentwicklung (10 Jahre),Bundesländer,13,Mecklenburg-Vorpommern,2017,"-4,08"
LRB,19147,e10_bev,Bevölkerungsentwicklung (10 Jahre),Bundesländer,13,Mecklenburg-Vorpommern,2018,"-3,29"
LRB,19147,e10_bev,Bevölkerungsentwicklung (10 Jahre),Bundesländer,13,Mecklenburg-Vorpommern,2019,"-2,61"
LRB,19147,e10_bev,Bevölkerungsentwicklung (10 Jahre),Bundesländer,13,Mecklenburg-Vorpommern,2020,"-1,92"
LRB,19147,e10_bev,Bevölkerungsentwicklung (10 Jahre),Bundesländer,13,Mecklenburg-Vorpommern,2021,"0,27"
LRB,19147,e10_bev,Bevölkerungsentwicklung (10 Jahre),Bundesländer,13,Mecklenburg-Vorpommern,2022,"-1,52"
LRB,19147,e10_bev,Bevölkerungsentwicklung (10 Jahre),Bundesländer,13,Mecklenburg-Vorpommern,2023,"-1,16"
LRB,15490,i_wans,Gesamtwanderungssaldo,Bundesländer,13,Mecklenburg-Vorpommern,1995,"0,11"
LRB,15490,i_wans,Gesamtwanderungssaldo,Bundesländer,13,Mecklenburg-Vorpommern,1996,"0,92"
LRB,15490,i_wans,Gesamtwanderungssaldo,Bundesländer,13,Mecklenburg-Vorpommern,1997,"-1,94"
LRB,15490,i_wans,Gesamtwanderungssaldo,Bundesländer,13,Mecklenburg-Vorpommern,1998,"-2,08"
LRB,15490,i_wans,Gesamtwanderungssaldo,Bundesländer,13,Mecklenburg-Vorpommern,1999,"-2,51"
LRB,15490,i_wans,Gesamtwanderungssaldo,Bundesländer,13,Mecklenburg-Vorpommern,2000,"-5,34"
LRB,15490,i_wans,Gesamtwanderungssaldo,Bundesländer,13,Mecklenburg-Vorpommern,2001,"-6,50"
LRB,15490,i_wans,Gesamtwanderungssaldo,Bundesländer,13,Mecklenburg-Vorpommern,2002,"-6,01"
LRB,15490,i_wans,Gesamtwanderungssaldo,Bundesländer,13,Mecklenburg-Vorpommern,2003,"-4,36"
LRB,15490,i_wans,Gesamtwanderungssaldo,Bundesländer,13,Mecklenburg-Vorpommern,2004,"-4,99"
LRB,15490,i_wans,Gesamtwanderungssaldo,Bundesländer,13,Mecklenburg-Vorpommern,2005,"-4,31"
LRB,15490,i_wans,Gesamtwanderungssaldo,Bundesländer,13,Mecklenburg-Vorpommern,2006,"-5,23"
LRB,15490,i_wans,Gesamtwanderungssaldo,Bundesländer,13,Mecklenburg-Vorpommern,2007,"-5,52"
LRB,15490,i_wans,Gesamtwanderungssaldo,Bundesländer,13,Mecklenburg-Vorpommern,2008,"-6,38"
LRB,15490,i_wans,Gesamtwanderungssaldo,Bundesländer,13,Mecklenburg-Vorpommern,2009,"-4,75"
LRB,15490,i_wans,Gesamtwanderungssaldo,Bundesländer,13,Mecklenburg-Vorpommern,2010,"-2,21"
LRB,15490,i_wans,Gesamtwanderungssaldo,Bundesländer,13,Mecklenburg-Vorpommern,2011,"-1,05"
LRB,15490,i_wans,Gesamtwanderungssaldo,Bundesländer,13,Mecklenburg-Vorpommern,2012,"-0,38"
LRB,15490,i_wans,Gesamtwanderungssaldo,Bundesländer,13,Mecklenburg-Vorpommern,2013,"1,80"
LRB,15490,i_wans,Gesamtwanderungssaldo,Bundesländer,13,Mecklenburg-Vorpommern,2014,"5,31"
LRB,15490,i_wans,Gesamtwanderungssaldo,Bundesländer,13,Mecklenburg-Vorpommern,2015,"12,39"
LRB,15490,i_wans,Gesamtwanderungssaldo,Bundesländer,13,Mecklenburg-Vorpommern,2016,"3,35"
LRB,15490,i_wans,Gesamtwanderungssaldo,Bundesländer,13,Mecklenburg-Vorpommern,2017,"5,04"
LRB,15490,i_wans,Gesamtwanderungssaldo,Bundesländer,13,Mecklenburg-Vorpommern,2018,"4,76"
LRB,15490,i_wans,Gesamtwanderungssaldo,Bundesländer,13,Mecklenburg-Vorpommern,2019,"5,00"
LRB,15490,i_wans,Gesamtwanderungssaldo,Bundesländer,13,Mecklenburg-Vorpommern,2020,"7,81"
LRB,15490,i_wans,Gesamtwanderungssaldo,Bundesländer,13,Mecklenburg-Vorpommern,2021,"8,10"
LRB,15490,i_wans,Gesamtwanderungssaldo,Bundesländer,13,Mecklenburg-Vorpommern,2022,"20,49"
LRB,15490,i_wans,Gesamtwanderungssaldo,Bundesländer,13,Mecklenburg-Vorpommern,2023,"10,20"
LRB,20292,m_ek_akad,Medianeinkommen akademischer Berufsabschluss,Bundesländer,13,Mecklenburg-Vorpommern,2014,"3971,80"
LRB,20292,m_ek_akad,Medianeinkommen akademischer Berufsabschluss,Bundesländer,13,Mecklenburg-Vorpommern,2015,"4032,10"
LRB,20292,m_ek_akad,Medianeinkommen akademischer Berufsabschluss,Bundesländer,13,Mecklenburg-Vorpommern,2016,"4092,05"
LRB,20292,m_ek_akad,Medianeinkommen akademischer Berufsabschluss,Bundesländer,13,Mecklenburg-Vorpommern,2017,"4160,08"
LRB,20292,m_ek_akad,Medianeinkommen akademischer Berufsabschluss,Bundesländer,13,Mecklenburg-Vorpommern,2018,"4267,40"
LRB,20292,m_ek_akad,Medianeinkommen akademischer Berufsabschluss,Bundesländer,13,Mecklenburg-Vorpommern,2019,"4395,24"
LRB,20292,m_ek_akad,Medianeinkommen akademischer Berufsabschluss,Bundesländer,13,Mecklenburg-Vorpommern,2020,"4441,52"
LRB,20292,m_ek_akad,Medianeinkommen akademischer Berufsabschluss,Bundesländer,13,Mecklenburg-Vorpommern,2021,"4531,23"
LRB,20292,m_ek_akad,Medianeinkommen akademischer Berufsabschluss,Bundesländer,13,Mecklenburg-Vorpommern,2022,"4642,55"
LRB,20292,m_ek_akad,Medianeinkommen akademischer Berufsabschluss,Bundesländer,13,Mecklenburg-Vorpommern,2023,"4817,64"
LRB,20067,m_mietpr,Angebotsmietpreise,Bundesländer,13,Mecklenburg-Vorpommern,2010,"5,00"
LRB,20067,m_mietpr,Angebotsmietpreise,Bundesländer,13,Mecklenburg-Vorpommern,2011,"6,00"
LRB,20067,m_mietpr,Angebotsmietpreise,Bundesländer,13,Mecklenburg-Vorpommern,2012,"6,00"
LRB,20067,m_mietpr,Angebotsmietpreise,Bundesländer,13,Mecklenburg-Vorpommern,2013,"6,00"
LRB,20067,m_mietpr,Angebotsmietpreise,Bundesländer,13,Mecklenburg-Vorpommern,2014,"6,00"
LRB,20067,m_mietpr,Angebotsmietpreise,Bundesländer,13,Mecklenburg-Vorpommern,2015,"6,00"
LRB,20067,m_mietpr,Angebotsmietpreise,Bundesländer,13,Mecklenburg-Vorpommern,2016,"6,00"
LRB,20067,m_mietpr,Angebotsmietpreise,Bundesländer,13,Mecklenburg-Vorpommern,2017,"6,00"
LRB,20067,m_mietpr,Angebotsmietpreise,Bundesländer,13,Mecklenburg-Vorpommern,2018,"7,00"
LRB,20067,m_mietpr,Angebotsmietpreise,Bundesländer,13,Mecklenburg-Vorpommern,2019,"7,00"
LRB,20067,m_mietpr,Angebotsmietpreise,Bundesländer,13,Mecklenburg-Vorpommern,2020,"6,00"
LRB,20067,m_mietpr,Angebotsmietpreise,Bundesländer,13,Mecklenburg-Vorpommern,2021,"7,00"
LRB,20067,m_mietpr,Angebotsmietpreise,Bundesländer,13,Mecklenburg-Vorpommern,2022,"7,00"
LRB,20067,m_mietpr,Angebotsmietpreise,Bundesländer,13,Mecklenburg-Vorpommern,2023,"8,00"
LRB,20067,m_mietpr,Angebotsmietpreise,Bundesländer,13,Mecklenburg-Vorpommern,2024,"9,00"
LRB,14574,q_alo,Arbeitslosenquote,Bundesländer,13,Mecklenburg-Vorpommern,1998,"19,18"
LRB,14574,q_alo,Arbeitslosenquote,Bundesländer,13,Mecklenburg-Vorpommern,1999,"18,18"
LRB,14574,q_alo,Arbeitslosenquote,Bundesländer,13,Mecklenburg-Vorpommern,2000,"17,84"
LRB,14574,q_alo,Arbeitslosenquote,Bundesländer,13,Mecklenburg-Vorpommern,2001,"18,32"
LRB,14574,q_alo,Arbeitslosenquote,Bundesländer,13,Mecklenburg-Vorpommern,2002,"18,61"
LRB,14574,q_alo,Arbeitslosenquote,Bundesländer,13,Mecklenburg-Vorpommern,2003,"20,13"
LRB,14574,q_alo,Arbeitslosenquote,Bundesländer,13,Mecklenburg-Vorpommern,2004,"20,47"
LRB,14574,q_alo,Arbeitslosenquote,Bundesländer,13,Mecklenburg-Vorpommern,2005,"20,32"
LRB,14574,q_alo,Arbeitslosenquote,Bundesländer,13,Mecklenburg-Vorpommern,2006,"19,04"
LRB,14574,q_alo,Arbeitslosenquote,Bundesländer,13,Mecklenburg-Vorpommern,2007,"16,57"
LRB,14574,q_alo,Arbeitslosenquote,Bundesländer,13,Mecklenburg-Vorpommern,2008,"14,11"
LRB,14574,q_alo,Arbeitslosenquote,Bundesländer,13,Mecklenburg-Vorpommern,2009,"13,53"
LRB,14574,q_alo,Arbeitslosenquote,Bundesländer,13,Mecklenburg-Vorpommern,2010,"12,70"
LRB,14574,q_alo,Arbeitslosenquote,Bundesländer,13,Mecklenburg-Vorpommern,2011,"12,59"
LRB,14574,q_alo,Arbeitslosenquote,Bundesländer,13,Mecklenburg-Vorpommern,2012,"12,00"
LRB,14574,q_alo,Arbeitslosenquote,Bundesländer,13,Mecklenburg-Vorpommern,2013,"11,69"
LRB,14574,q_alo,Arbeitslosenquote,Bundesländer,13,Mecklenburg-Vorpommern,2014,"11,16"
LRB,14574,q_alo,Arbeitslosenquote,Bundesländer,13,Mecklenburg-Vorpommern,2015,"10,40"
LRB,14574,q_alo,Arbeitslosenquote,Bundesländer,13,Mecklenburg-Vorpommern,2016,"9,72"
LRB,14574,q_alo,Arbeitslosenquote,Bundesländer,13,Mecklenburg-Vorpommern,2017,"8,58"
LRB,14574,q_alo,Arbeitslosenquote,Bundesländer,13,Mecklenburg-Vorpommern,2018,"7,90"
LRB,14574,q_alo,Arbeitslosenquote,Bundesländer,13,Mecklenburg-Vorpommern,2019,"7,12"
LRB,14574,q_alo,Arbeitslosenquote,Bundesländer,13,Mecklenburg-Vorpommern,2020,"7,77"
LRB,14574,q_alo,Arbeitslosenquote,Bundesländer,13,Mecklenburg-Vorpommern,2021,"7,61"
LRB,14574,q_alo,Arbeitslosenquote,Bundesländer,13,Mecklenburg-Vorpommern,2022,"7,31"
LRB,14574,q_alo,Arbeitslosenquote,Bundesländer,13,Mecklenburg-Vorpommern,2023,"7,74"
LRB,15125,q_bip_ew,Bruttoinlandsprodukt je Einwohner,Bundesländer,13,Mecklenburg-Vorpommern,1995,"14,68"
LRB,15125,q_bip_ew,Bruttoinlandsprodukt je Einwohner,Bundesländer,13,Mecklenburg-Vorpommern,1996,"15,29"
LRB,15125,q_bip_ew,Bruttoinlandsprodukt je Einwohner,Bundesländer,13,Mecklenburg-Vorpommern,1997,"15,69"
LRB,15125,q_bip_ew,Bruttoinlandsprodukt je Einwohner,Bundesländer,13,Mecklenburg-Vorpommern,1998,"15,73"
LRB,15125,q_bip_ew,Bruttoinlandsprodukt je Einwohner,Bundesländer,13,Mecklenburg-Vorpommern,1999,"16,21"
LRB,15125,q_bip_ew,Bruttoinlandsprodukt je Einwohner,Bundesländer,13,Mecklenburg-Vorpommern,2000,"16,47"
LRB,15125,q_bip_ew,Bruttoinlandsprodukt je Einwohner,Bundesländer,13,Mecklenburg-Vorpommern,2001,"16,87"
LRB,15125,q_bip_ew,Bruttoinlandsprodukt je Einwohner,Bundesländer,13,Mecklenburg-Vorpommern,2002,"17,13"
LRB,15125,q_bip_ew,Bruttoinlandsprodukt je Einwohner,Bundesländer,13,Mecklenburg-Vorpommern,2003,"17,36"
LRB,15125,q_bip_ew,Bruttoinlandsprodukt je Einwohner,Bundesländer,13,Mecklenburg-Vorpommern,2004,"17,70"
LRB,15125,q_bip_ew,Bruttoinlandsprodukt je Einwohner,Bundesländer,13,Mecklenburg-Vorpommern,2005,"17,84"
LRB,15125,q_bip_ew,Bruttoinlandsprodukt je Einwohner,Bundesländer,13,Mecklenburg-Vorpommern,2006,"18,57"
LRB,15125,q_bip_ew,Bruttoinlandsprodukt je Einwohner,Bundesländer,13,Mecklenburg-Vorpommern,2007,"19,68"
LRB,15125,q_bip_ew,Bruttoinlandsprodukt je Einwohner,Bundesländer,13,Mecklenburg-Vorpommern,2008,"20,35"
LRB,15125,q_bip_ew,Bruttoinlandsprodukt je Einwohner,Bundesländer,13,Mecklenburg-Vorpommern,2009,"20,34"
LRB,15125,q_bip_ew,Bruttoinlandsprodukt je Einwohner,Bundesländer,13,Mecklenburg-Vorpommern,2010,"21,10"
LRB,15125,q_bip_ew,Bruttoinlandsprodukt je Einwohner,Bundesländer,13,Mecklenburg-Vorpommern,2011,"22,50"
LRB,15125,q_bip_ew,Bruttoinlandsprodukt je Einwohner,Bundesländer,13,Mecklenburg-Vorpommern,2012,"22,76"
LRB,15125,q_bip_ew,Bruttoinlandsprodukt je Einwohner,Bundesländer,13,Mecklenburg-Vorpommern,2013,"23,57"
LRB,15125,q_bip_ew,Bruttoinlandsprodukt je Einwohner,Bundesländer,13,Mecklenburg-Vorpommern,2014,"24,64"
LRB,15125,q_bip_ew,Bruttoinlandsprodukt je Einwohner,Bundesländer,13,Mecklenburg-Vorpommern,2015,"24,85"
LRB,15125,q_bip_ew,Bruttoinlandsprodukt je Einwohner,Bundesländer,13,Mecklenburg-Vorpommern,2016,"25,51"
LRB,15125,q_bip_ew,Bruttoinlandsprodukt je Einwohner,Bundesländer,13,Mecklenburg-Vorpommern,2017,"27,42"
LRB,15125,q_bip_ew,Bruttoinlandsprodukt je Einwohner,Bundesländer,13,Mecklenburg-Vorpommern,2018,"27,54"
LRB,15125,q_bip_ew,Bruttoinlandsprodukt je Einwohner,Bundesländer,13,Mecklenburg-Vorpommern,2019,"29,60"
LRB,15125,q_bip_ew,Bruttoinlandsprodukt je Einwohner,Bundesländer,13,Mecklenburg-Vorpommern,2020,"29,19"
LRB,15125,q_bip_ew,Bruttoinlandsprodukt je Einwohner,Bundesländer,13,Mecklenburg-Vorpommern,2021,"30,89"
LRB,15125,q_bip_ew,Bruttoinlandsprodukt je Einwohner,Bundesländer,13,Mecklenburg-Vorpommern,2022,"34,77"
LRB,17508,q_svw,Beschäftigtenquote,Bundesländer,13,Mecklenburg-Vorpommern,1997,"50,73"
LRB,17508,q_svw,Beschäftigtenquote,Bundesländer,13,Mecklenburg-Vorpommern,1998,"50,30"
LRB,17508,q_svw,Beschäftigtenquote,Bundesländer,13,Mecklenburg-Vorpommern,1999,"50,77"
LRB,17508,q_svw,Beschäftigtenquote,Bundesländer,13,Mecklenburg-Vorpommern,2000,"50,61"
LRB,17508,q_svw,Beschäftigtenquote,Bundesländer,13,Mecklenburg-Vorpommern,2001,"49,41"
LRB,17508,q_svw,Beschäftigtenquote,Bundesländer,13,Mecklenburg-Vorpommern,2002,"48,40"
LRB,17508,q_svw,Beschäftigtenquote,Bundesländer,13,Mecklenburg-Vorpommern,2003,"47,02"
LRB,17508,q_svw,Beschäftigtenquote,Bundesländer,13,Mecklenburg-Vorpommern,2004,"46,39"
LRB,17508,q_svw,Beschäftigtenquote,Bundesländer,13,Mecklenburg-Vorpommern,2005,"45,93"
LRB,17508,q_svw,Beschäftigtenquote,Bundesländer,13,Mecklenburg-Vorpommern,2006,"47,42"
LRB,17508,q_svw,Beschäftigtenquote,Bundesländer,13,Mecklenburg-Vorpommern,2007,"49,12"
LRB,17508,q_svw,Beschäftigtenquote,Bundesländer,13,Mecklenburg-Vorpommern,2008,"51,16"
LRB,17508,q_svw,Beschäftigtenquote,Bundesländer,13,Mecklenburg-Vorpommern,2009,"52,07"
LRB,17508,q_svw,Beschäftigtenquote,Bundesländer,13,Mecklenburg-Vorpommern,2010,"52,83"
LRB,17508,q_svw,Beschäftigtenquote,Bundesländer,13,Mecklenburg-Vorpommern,2011,"54,60"
LRB,17508,q_svw,Beschäftigtenquote,Bundesländer,13,Mecklenburg-Vorpommern,2012,"55,24"
LRB,17508,q_svw,Beschäftigtenquote,Bundesländer,13,Mecklenburg-Vorpommern,2013,"56,45"
LRB,17508,q_svw,Beschäftigtenquote,Bundesländer,13,Mecklenburg-Vorpommern,2014,"57,16"
LRB,17508,q_svw,Beschäftigtenquote,Bundesländer,13,Mecklenburg-Vorpommern,2015,"57,52"
LRB,17508,q_svw,Beschäftigtenquote,Bundesländer,13,Mecklenburg-Vorpommern,2016,"58,73"
LRB,17508,q_svw,Beschäftigtenquote,Bundesländer,13,Mecklenburg-Vorpommern,2017,"59,96"
LRB,17508,q_svw,Beschäftigtenquote,Bundesländer,13,Mecklenburg-Vorpommern,2018,"61,31"
LRB,17508,q_svw,Beschäftigtenquote,Bundesländer,13,Mecklenburg-Vorpommern,2019,"62,39"
LRB,17508,q_svw,Beschäftigtenquote,Bundesländer,13,Mecklenburg-Vorpommern,2020,"62,26"
LRB,17508,q_svw,Beschäftigtenquote,Bundesländer,13,Mecklenburg-Vorpommern,2021,"63,03"
LRB,17508,q_svw,Beschäftigtenquote,Bundesländer,13,Mecklenburg-Vorpommern,2022,"65,89"
LRB,17508,q_svw,Beschäftigtenquote,Bundesländer,13,Mecklenburg-Vorpommern,2023,"65,82"
LRB,12586,xbev,Bevölkerung gesamt,Bundesländer,13,Mecklenburg-Vorpommern,1995,"1823084,00"
LRB,12586,xbev,Bevölkerung gesamt,Bundesländer,13,Mecklenburg-Vorpommern,1996,"1817196,00"
LRB,12586,xbev,Bevölkerung gesamt,Bundesländer,13,Mecklenburg-Vorpommern,1997,"1807799,00"
LRB,12586,xbev,Bevölkerung gesamt,Bundesländer,13,Mecklenburg-Vorpommern,1998,"1798689,00"
LRB,12586,xbev,Bevölkerung gesamt,Bundesländer,13,Mecklenburg-Vorpommern,1999,"1789322,00"
LRB,12586,xbev,Bevölkerung gesamt,Bundesländer,13,Mecklenburg-Vorpommern,2000,"1775703,00"
LRB,12586,xbev,Bevölkerung gesamt,Bundesländer,13,Mecklenburg-Vorpommern,2001,"1759877,00"
LRB,12586,xbev,Bevölkerung gesamt,Bundesländer,13,Mecklenburg-Vorpommern,2002,"1744624,00"
LRB,12586,xbev,Bevölkerung gesamt,Bundesländer,13,Mecklenburg-Vorpommern,2003,"1732226,00"
LRB,12586,xbev,Bevölkerung gesamt,Bundesländer,13,Mecklenburg-Vorpommern,2004,"1719653,00"
LRB,12586,xbev,Bevölkerung gesamt,Bundesländer,13,Mecklenburg-Vorpommern,2005,"1707266,00"
LRB,12586,xbev,Bevölkerung gesamt,Bundesländer,13,Mecklenburg-Vorpommern,2006,"1693754,00"
LRB,12586,xbev,Bevölkerung gesamt,Bundesländer,13,Mecklenburg-Vorpommern,2007,"1679682,00"
LRB,12586,xbev,Bevölkerung gesamt,Bundesländer,13,Mecklenburg-Vorpommern,2008,"1664356,00"
LRB,12586,xbev,Bevölkerung gesamt,Bundesländer,13,Mecklenburg-Vorpommern,2009,"1651216,00"
LRB,12586,xbev,Bevölkerung gesamt,Bundesländer,13,Mecklenburg-Vorpommern,2010,"1642327,00"
LRB,12586,xbev,Bevölkerung gesamt,Bundesländer,13,Mecklenburg-Vorpommern,2011,"1606899,00"
LRB,12586,xbev,Bevölkerung gesamt,Bundesländer,13,Mecklenburg-Vorpommern,2012,"1600327,00"
LRB,12586,xbev,Bevölkerung gesamt,Bundesländer,13,Mecklenburg-Vorpommern,2013,"1596505,00"
LRB,12586,xbev,Bevölkerung gesamt,Bundesländer,13,Mecklenburg-Vorpommern,2014,"1599138,00"
LRB,12586,xbev,Bevölkerung gesamt,Bundesländer,13,Mecklenburg-Vorpommern,2015,"1612362,00"
LRB,12586,xbev,Bevölkerung gesamt,Bundesländer,13,Mecklenburg-Vorpommern,2016,"1610674,00"
LRB,12586,xbev,Bevölkerung gesamt,Bundesländer,13,Mecklenburg-Vorpommern,2017,"1611119,00"
LRB,12586,xbev,Bevölkerung gesamt,Bundesländer,13,Mecklenburg-Vorpommern,2018,"1609675,00"
LRB,12586,xbev,Bevölkerung gesamt,Bundesländer,13,Mecklenburg-Vorpommern,2019,"1608138,00"
LRB,12586,xbev,Bevölkerung gesamt,Bundesländer,13,Mecklenburg-Vorpommern,2020,"1610774,00"
LRB,12586,xbev,Bevölkerung gesamt,Bundesländer,13,Mecklenburg-Vorpommern,2021,"1611160,00"
LRB,12586,xbev,Bevölkerung gesamt,Bundesländer,13,Mecklenburg-Vorpommern,2022,"1576049,00"
LRB,12586,xbev,Bevölkerung gesamt,Bundesländer,13,Mecklenburg-Vorpommern,2023,"1578041,00"
LRB,17274,a_bb_100Mbits,Bandbreitenverfügbarkeit mindestens 100 Mbit/s,Bundesländer,14,Sachsen,2017,"50,23"
LRB,17274,a_bb_100Mbits,Bandbreitenverfügbarkeit mindestens 100 Mbit/s,Bundesländer,14,Sachsen,2020,"84,00"
LRB,17274,a_bb_100Mbits,Bandbreitenverfügbarkeit mindestens 100 Mbit/s,Bundesländer,14,Sachsen,2021,"87,38"
LRB,17274,a_bb_100Mbits,Bandbreitenverfügbarkeit mindestens 100 Mbit/s,Bundesländer,14,Sachsen,2022,"85,94"
LRB,17274,a_bb_100Mbits,Bandbreitenverfügbarkeit mindestens 100 Mbit/s,Bundesländer,14,Sachsen,2023,"91,28"
LRB,17524,a_sva_exp,Beschäftigte mit Anforderungsniveau Experte,Bundesländer,14,Sachsen,2013,"13,14"
LRB,17524,a_sva_exp,Beschäftigte mit Anforderungsniveau Experte,Bundesländer,14,Sachsen,2014,"13,19"
LRB,17524,a_sva_exp,Beschäftigte mit Anforderungsniveau Experte,Bundesländer,14,Sachsen,2015,"13,18"
LRB,17524,a_sva_exp,Beschäftigte mit Anforderungsniveau Experte,Bundesländer,14,Sachsen,2016,"13,28"
LRB,17524,a_sva_exp,Beschäftigte mit Anforderungsniveau Experte,Bundesländer,14,Sachsen,2017,"13,40"
LRB,17524,a_sva_exp,Beschäftigte mit Anforderungsniveau Experte,Bundesländer,14,Sachsen,2018,"13,59"
LRB,17524,a_sva_exp,Beschäftigte mit Anforderungsniveau Experte,Bundesländer,14,Sachsen,2019,"13,54"
LRB,17524,a_sva_exp,Beschäftigte mit Anforderungsniveau Experte,Bundesländer,14,Sachsen,2020,"13,72"
LRB,17524,a_sva_exp,Beschäftigte mit Anforderungsniveau Experte,Bundesländer,14,Sachsen,2021,"13,71"
LRB,17524,a_sva_exp,Beschäftigte mit Anforderungsniveau Experte,Bundesländer,14,Sachsen,2022,"13,81"
LRB,17524,a_sva_exp,Beschäftigte mit Anforderungsniveau Experte,Bundesländer,14,Sachsen,2023,"14,05"
LRB,17806,a_svb_IT,Beschäftigte in IT- und naturwissenschaftlichen Dienstleistungsberufen,Bundesländer,14,Sachsen,2013,"2,50"
LRB,17806,a_svb_IT,Beschäftigte in IT- und naturwissenschaftlichen Dienstleistungsberufen,Bundesländer,14,Sachsen,2014,"2,52"
LRB,17806,a_svb_IT,Beschäftigte in IT- und naturwissenschaftlichen Dienstleistungsberufen,Bundesländer,14,Sachsen,2015,"2,54"
LRB,17806,a_svb_IT,Beschäftigte in IT- und naturwissenschaftlichen Dienstleistungsberufen,Bundesländer,14,Sachsen,2016,"2,56"
LRB,17806,a_svb_IT,Beschäftigte in IT- und naturwissenschaftlichen Dienstleistungsberufen,Bundesländer,14,Sachsen,2017,"2,61"
LRB,17806,a_svb_IT,Beschäftigte in IT- und naturwissenschaftlichen Dienstleistungsberufen,Bundesländer,14,Sachsen,2018,"2,68"
LRB,17806,a_svb_IT,Beschäftigte in IT- und naturwissenschaftlichen Dienstleistungsberufen,Bundesländer,14,Sachsen,2019,"2,81"
LRB,17806,a_svb_IT,Beschäftigte in IT- und naturwissenschaftlichen Dienstleistungsberufen,Bundesländer,14,Sachsen,2020,"2,92"
LRB,17806,a_svb_IT,Beschäftigte in IT- und naturwissenschaftlichen Dienstleistungsberufen,Bundesländer,14,Sachsen,2021,"3,03"
LRB,17806,a_svb_IT,Beschäftigte in IT- und naturwissenschaftlichen Dienstleistungsberufen,Bundesländer,14,Sachsen,2022,"3,15"
LRB,17806,a_svb_IT,Beschäftigte in IT- und naturwissenschaftlichen Dienstleistungsberufen,Bundesländer,14,Sachsen,2023,"3,27"
LRB,17062,a_svb_wissen,Beschäftigte in wissensintensiven Industrien,Bundesländer,14,Sachsen,2009,"8,38"
LRB,17062,a_svb_wissen,Beschäftigte in wissensintensiven Industrien,Bundesländer,14,Sachsen,2010,"7,99"
LRB,17062,a_svb_wissen,Beschäftigte in wissensintensiven Industrien,Bundesländer,14,Sachsen,2011,"8,29"
LRB,17062,a_svb_wissen,Beschäftigte in wissensintensiven Industrien,Bundesländer,14,Sachsen,2012,"8,61"
LRB,17062,a_svb_wissen,Beschäftigte in wissensintensiven Industrien,Bundesländer,14,Sachsen,2013,"8,18"
LRB,17062,a_svb_wissen,Beschäftigte in wissensintensiven Industrien,Bundesländer,14,Sachsen,2014,"8,23"
LRB,17062,a_svb_wissen,Beschäftigte in wissensintensiven Industrien,Bundesländer,14,Sachsen,2015,"8,23"
LRB,17062,a_svb_wissen,Beschäftigte in wissensintensiven Industrien,Bundesländer,14,Sachsen,2016,"8,11"
LRB,17062,a_svb_wissen,Beschäftigte in wissensintensiven Industrien,Bundesländer,14,Sachsen,2017,"8,08"
LRB,17062,a_svb_wissen,Beschäftigte in wissensintensiven Industrien,Bundesländer,14,Sachsen,2018,"8,15"
LRB,17062,a_svb_wissen,Beschäftigte in wissensintensiven Industrien,Bundesländer,14,Sachsen,2019,"8,22"
LRB,17062,a_svb_wissen,Beschäftigte in wissensintensiven Industrien,Bundesländer,14,Sachsen,2020,"8,06"
LRB,17062,a_svb_wissen,Beschäftigte in wissensintensiven Industrien,Bundesländer,14,Sachsen,2021,"8,17"
LRB,17062,a_svb_wissen,Beschäftigte in wissensintensiven Industrien,Bundesländer,14,Sachsen,2022,"8,18"
LRB,17062,a_svb_wissen,Beschäftigte in wissensintensiven Industrien,Bundesländer,14,Sachsen,2023,"8,32"
LRB,19147,e10_bev,Bevölkerungsentwicklung (10 Jahre),Bundesländer,14,Sachsen,1995,"-9,80"
LRB,19147,e10_bev,Bevölkerungsentwicklung (10 Jahre),Bundesländer,14,Sachsen,1996,"-9,83"
LRB,19147,e10_bev,Bevölkerungsentwicklung (10 Jahre),Bundesländer,14,Sachsen,1997,"-10,12"
LRB,19147,e10_bev,Bevölkerungsentwicklung (10 Jahre),Bundesländer,14,Sachsen,1998,"-10,47"
LRB,19147,e10_bev,Bevölkerungsentwicklung (10 Jahre),Bundesländer,14,Sachsen,1999,"-9,00"
LRB,19147,e10_bev,Bevölkerungsentwicklung (10 Jahre),Bundesländer,14,Sachsen,2000,"-7,34"
LRB,19147,e10_bev,Bevölkerungsentwicklung (10 Jahre),Bundesländer,14,Sachsen,2001,"-6,53"
LRB,19147,e10_bev,Bevölkerungsentwicklung (10 Jahre),Bundesländer,14,Sachsen,2002,"-6,29"
LRB,19147,e10_bev,Bevölkerungsentwicklung (10 Jahre),Bundesländer,14,Sachsen,2003,"-6,21"
LRB,19147,e10_bev,Bevölkerungsentwicklung (10 Jahre),Bundesländer,14,Sachsen,2004,"-6,28"
LRB,19147,e10_bev,Bevölkerungsentwicklung (10 Jahre),Bundesländer,14,Sachsen,2005,"-6,41"
LRB,19147,e10_bev,Bevölkerungsentwicklung (10 Jahre),Bundesländer,14,Sachsen,2006,"-6,51"
LRB,19147,e10_bev,Bevölkerungsentwicklung (10 Jahre),Bundesländer,14,Sachsen,2007,"-6,68"
LRB,19147,e10_bev,Bevölkerungsentwicklung (10 Jahre),Bundesländer,14,Sachsen,2008,"-6,61"
LRB,19147,e10_bev,Bevölkerungsentwicklung (10 Jahre),Bundesländer,14,Sachsen,2009,"-6,52"
LRB,19147,e10_bev,Bevölkerungsentwicklung (10 Jahre),Bundesländer,14,Sachsen,2010,"-6,24"
LRB,19147,e10_bev,Bevölkerungsentwicklung (10 Jahre),Bundesländer,14,Sachsen,2011,"-7,53"
LRB,19147,e10_bev,Bevölkerungsentwicklung (10 Jahre),Bundesländer,14,Sachsen,2012,"-6,87"
LRB,19147,e10_bev,Bevölkerungsentwicklung (10 Jahre),Bundesländer,14,Sachsen,2013,"-6,36"
LRB,19147,e10_bev,Bevölkerungsentwicklung (10 Jahre),Bundesländer,14,Sachsen,2014,"-5,61"
LRB,19147,e10_bev,Bevölkerungsentwicklung (10 Jahre),Bundesländer,14,Sachsen,2015,"-4,42"
LRB,19147,e10_bev,Bevölkerungsentwicklung (10 Jahre),Bundesländer,14,Sachsen,2016,"-3,95"
LRB,19147,e10_bev,Bevölkerungsentwicklung (10 Jahre),Bundesländer,14,Sachsen,2017,"-3,29"
LRB,19147,e10_bev,Bevölkerungsentwicklung (10 Jahre),Bundesländer,14,Sachsen,2018,"-2,74"
LRB,19147,e10_bev,Bevölkerungsentwicklung (10 Jahre),Bundesländer,14,Sachsen,2019,"-2,32"
LRB,19147,e10_bev,Bevölkerungsentwicklung (10 Jahre),Bundesländer,14,Sachsen,2020,"-2,23"
LRB,19147,e10_bev,Bevölkerungsentwicklung (10 Jahre),Bundesländer,14,Sachsen,2021,"-0,28"
LRB,19147,e10_bev,Bevölkerungsentwicklung (10 Jahre),Bundesländer,14,Sachsen,2022,"-0,01"
LRB,19147,e10_bev,Bevölkerungsentwicklung (10 Jahre),Bundesländer,14,Sachsen,2023,"0,21"
LRB,15490,i_wans,Gesamtwanderungssaldo,Bundesländer,14,Sachsen,1995,"3,39"
LRB,15490,i_wans,Gesamtwanderungssaldo,Bundesländer,14,Sachsen,1996,"1,87"
LRB,15490,i_wans,Gesamtwanderungssaldo,Bundesländer,14,Sachsen,1997,"0,24"
LRB,15490,i_wans,Gesamtwanderungssaldo,Bundesländer,14,Sachsen,1998,"-2,51"
LRB,15490,i_wans,Gesamtwanderungssaldo,Bundesländer,14,Sachsen,1999,"-2,39"
LRB,15490,i_wans,Gesamtwanderungssaldo,Bundesländer,14,Sachsen,2000,"-3,82"
LRB,15490,i_wans,Gesamtwanderungssaldo,Bundesländer,14,Sachsen,2001,"-5,42"
LRB,15490,i_wans,Gesamtwanderungssaldo,Bundesländer,14,Sachsen,2002,"-3,80"
LRB,15490,i_wans,Gesamtwanderungssaldo,Bundesländer,14,Sachsen,2003,"-2,08"
LRB,15490,i_wans,Gesamtwanderungssaldo,Bundesländer,14,Sachsen,2004,"-2,36"
LRB,15490,i_wans,Gesamtwanderungssaldo,Bundesländer,14,Sachsen,2005,"-1,46"
LRB,15490,i_wans,Gesamtwanderungssaldo,Bundesländer,14,Sachsen,2006,"-1,96"
LRB,15490,i_wans,Gesamtwanderungssaldo,Bundesländer,14,Sachsen,2007,"-2,64"
LRB,15490,i_wans,Gesamtwanderungssaldo,Bundesländer,14,Sachsen,2008,"-2,99"
LRB,15490,i_wans,Gesamtwanderungssaldo,Bundesländer,14,Sachsen,2009,"-1,89"
LRB,15490,i_wans,Gesamtwanderungssaldo,Bundesländer,14,Sachsen,2010,"-0,86"
LRB,15490,i_wans,Gesamtwanderungssaldo,Bundesländer,14,Sachsen,2011,"0,90"
LRB,15490,i_wans,Gesamtwanderungssaldo,Bundesländer,14,Sachsen,2012,"2,90"
LRB,15490,i_wans,Gesamtwanderungssaldo,Bundesländer,14,Sachsen,2013,"3,32"
LRB,15490,i_wans,Gesamtwanderungssaldo,Bundesländer,14,Sachsen,2014,"5,77"
LRB,15490,i_wans,Gesamtwanderungssaldo,Bundesländer,14,Sachsen,2015,"11,53"
LRB,15490,i_wans,Gesamtwanderungssaldo,Bundesländer,14,Sachsen,2016,"3,24"
LRB,15490,i_wans,Gesamtwanderungssaldo,Bundesländer,14,Sachsen,2017,"4,27"
LRB,15490,i_wans,Gesamtwanderungssaldo,Bundesländer,14,Sachsen,2018,"4,41"
LRB,15490,i_wans,Gesamtwanderungssaldo,Bundesländer,14,Sachsen,2019,"3,83"
LRB,15490,i_wans,Gesamtwanderungssaldo,Bundesländer,14,Sachsen,2020,"3,55"
LRB,15490,i_wans,Gesamtwanderungssaldo,Bundesländer,14,Sachsen,2021,"4,66"
LRB,15490,i_wans,Gesamtwanderungssaldo,Bundesländer,14,Sachsen,2022,"18,41"
LRB,15490,i_wans,Gesamtwanderungssaldo,Bundesländer,14,Sachsen,2023,"8,94"
LRB,20292,m_ek_akad,Medianeinkommen akademischer Berufsabschluss,Bundesländer,14,Sachsen,2014,"3900,25"
LRB,20292,m_ek_akad,Medianeinkommen akademischer Berufsabschluss,Bundesländer,14,Sachsen,2015,"3957,85"
LRB,20292,m_ek_akad,Medianeinkommen akademischer Berufsabschluss,Bundesländer,14,Sachsen,2016,"4015,10"
LRB,20292,m_ek_akad,Medianeinkommen akademischer Berufsabschluss,Bundesländer,14,Sachsen,2017,"4090,81"
LRB,20292,m_ek_akad,Medianeinkommen akademischer Berufsabschluss,Bundesländer,14,Sachsen,2018,"4198,31"
LRB,20292,m_ek_akad,Medianeinkommen akademischer Berufsabschluss,Bundesländer,14,Sachsen,2019,"4343,87"
LRB,20292,m_ek_akad,Medianeinkommen akademischer Berufsabschluss,Bundesländer,14,Sachsen,2020,"4407,78"
LRB,20292,m_ek_akad,Medianeinkommen akademischer Berufsabschluss,Bundesländer,14,Sachsen,2021,"4526,98"
LRB,20292,m_ek_akad,Medianeinkommen akademischer Berufsabschluss,Bundesländer,14,Sachsen,2022,"4671,99"
LRB,20292,m_ek_akad,Medianeinkommen akademischer Berufsabschluss,Bundesländer,14,Sachsen,2023,"4848,78"
LRB,20067,m_mietpr,Angebotsmietpreise,Bundesländer,14,Sachsen,2010,"5,00"
LRB,20067,m_mietpr,Angebotsmietpreise,Bundesländer,14,Sachsen,2011,"5,00"
LRB,20067,m_mietpr,Angebotsmietpreise,Bundesländer,14,Sachsen,2012,"5,00"
LRB,20067,m_mietpr,Angebotsmietpreise,Bundesländer,14,Sachsen,2013,"5,00"
LRB,20067,m_mietpr,Angebotsmietpreise,Bundesländer,14,Sachsen,2014,"5,00"
LRB,20067,m_mietpr,Angebotsmietpreise,Bundesländer,14,Sachsen,2015,"5,00"
LRB,20067,m_mietpr,Angebotsmietpreise,Bundesländer,14,Sachsen,2016,"6,00"
LRB,20067,m_mietpr,Angebotsmietpreise,Bundesländer,14,Sachsen,2017,"6,00"
LRB,20067,m_mietpr,Angebotsmietpreise,Bundesländer,14,Sachsen,2018,"6,00"
LRB,20067,m_mietpr,Angebotsmietpreise,Bundesländer,14,Sachsen,2019,"6,00"
LRB,20067,m_mietpr,Angebotsmietpreise,Bundesländer,14,Sachsen,2020,"6,00"
LRB,20067,m_mietpr,Angebotsmietpreise,Bundesländer,14,Sachsen,2021,"6,00"
LRB,20067,m_mietpr,Angebotsmietpreise,Bundesländer,14,Sachsen,2022,"6,00"
LRB,20067,m_mietpr,Angebotsmietpreise,Bundesländer,14,Sachsen,2023,"7,00"
LRB,20067,m_mietpr,Angebotsmietpreise,Bundesländer,14,Sachsen,2024,"7,00"
LRB,14574,q_alo,Arbeitslosenquote,Bundesländer,14,Sachsen,1998,"17,48"
LRB,14574,q_alo,Arbeitslosenquote,Bundesländer,14,Sachsen,1999,"17,18"
LRB,14574,q_alo,Arbeitslosenquote,Bundesländer,14,Sachsen,2000,"17,05"
LRB,14574,q_alo,Arbeitslosenquote,Bundesländer,14,Sachsen,2001,"17,48"
LRB,14574,q_alo,Arbeitslosenquote,Bundesländer,14,Sachsen,2002,"17,82"
LRB,14574,q_alo,Arbeitslosenquote,Bundesländer,14,Sachsen,2003,"17,90"
LRB,14574,q_alo,Arbeitslosenquote,Bundesländer,14,Sachsen,2004,"17,84"
LRB,14574,q_alo,Arbeitslosenquote,Bundesländer,14,Sachsen,2005,"18,26"
LRB,14574,q_alo,Arbeitslosenquote,Bundesländer,14,Sachsen,2006,"17,00"
LRB,14574,q_alo,Arbeitslosenquote,Bundesländer,14,Sachsen,2007,"14,79"
LRB,14574,q_alo,Arbeitslosenquote,Bundesländer,14,Sachsen,2008,"12,84"
LRB,14574,q_alo,Arbeitslosenquote,Bundesländer,14,Sachsen,2009,"12,88"
LRB,14574,q_alo,Arbeitslosenquote,Bundesländer,14,Sachsen,2010,"11,85"
LRB,14574,q_alo,Arbeitslosenquote,Bundesländer,14,Sachsen,2011,"10,67"
LRB,14574,q_alo,Arbeitslosenquote,Bundesländer,14,Sachsen,2012,"9,77"
LRB,14574,q_alo,Arbeitslosenquote,Bundesländer,14,Sachsen,2013,"9,45"
LRB,14574,q_alo,Arbeitslosenquote,Bundesländer,14,Sachsen,2014,"8,84"
LRB,14574,q_alo,Arbeitslosenquote,Bundesländer,14,Sachsen,2015,"8,22"
LRB,14574,q_alo,Arbeitslosenquote,Bundesländer,14,Sachsen,2016,"7,45"
LRB,14574,q_alo,Arbeitslosenquote,Bundesländer,14,Sachsen,2017,"6,65"
LRB,14574,q_alo,Arbeitslosenquote,Bundesländer,14,Sachsen,2018,"5,96"
LRB,14574,q_alo,Arbeitslosenquote,Bundesländer,14,Sachsen,2019,"5,46"
LRB,14574,q_alo,Arbeitslosenquote,Bundesländer,14,Sachsen,2020,"6,07"
LRB,14574,q_alo,Arbeitslosenquote,Bundesländer,14,Sachsen,2021,"5,88"
LRB,14574,q_alo,Arbeitslosenquote,Bundesländer,14,Sachsen,2022,"5,60"
LRB,14574,q_alo,Arbeitslosenquote,Bundesländer,14,Sachsen,2023,"6,20"
LRB,15125,q_bip_ew,Bruttoinlandsprodukt je Einwohner,Bundesländer,14,Sachsen,1995,"15,24"
LRB,15125,q_bip_ew,Bruttoinlandsprodukt je Einwohner,Bundesländer,14,Sachsen,1996,"15,87"
LRB,15125,q_bip_ew,Bruttoinlandsprodukt je Einwohner,Bundesländer,14,Sachsen,1997,"16,00"
LRB,15125,q_bip_ew,Bruttoinlandsprodukt je Einwohner,Bundesländer,14,Sachsen,1998,"16,29"
LRB,15125,q_bip_ew,Bruttoinlandsprodukt je Einwohner,Bundesländer,14,Sachsen,1999,"16,70"
LRB,15125,q_bip_ew,Bruttoinlandsprodukt je Einwohner,Bundesländer,14,Sachsen,2000,"17,08"
LRB,15125,q_bip_ew,Bruttoinlandsprodukt je Einwohner,Bundesländer,14,Sachsen,2001,"17,80"
LRB,15125,q_bip_ew,Bruttoinlandsprodukt je Einwohner,Bundesländer,14,Sachsen,2002,"18,55"
LRB,15125,q_bip_ew,Bruttoinlandsprodukt je Einwohner,Bundesländer,14,Sachsen,2003,"19,05"
LRB,15125,q_bip_ew,Bruttoinlandsprodukt je Einwohner,Bundesländer,14,Sachsen,2004,"19,69"
LRB,15125,q_bip_ew,Bruttoinlandsprodukt je Einwohner,Bundesländer,14,Sachsen,2005,"19,74"
LRB,15125,q_bip_ew,Bruttoinlandsprodukt je Einwohner,Bundesländer,14,Sachsen,2006,"20,87"
LRB,15125,q_bip_ew,Bruttoinlandsprodukt je Einwohner,Bundesländer,14,Sachsen,2007,"21,96"
LRB,15125,q_bip_ew,Bruttoinlandsprodukt je Einwohner,Bundesländer,14,Sachsen,2008,"22,32"
LRB,15125,q_bip_ew,Bruttoinlandsprodukt je Einwohner,Bundesländer,14,Sachsen,2009,"21,79"
LRB,15125,q_bip_ew,Bruttoinlandsprodukt je Einwohner,Bundesländer,14,Sachsen,2010,"22,85"
LRB,15125,q_bip_ew,Bruttoinlandsprodukt je Einwohner,Bundesländer,14,Sachsen,2011,"24,52"
LRB,15125,q_bip_ew,Bruttoinlandsprodukt je Einwohner,Bundesländer,14,Sachsen,2012,"25,02"
LRB,15125,q_bip_ew,Bruttoinlandsprodukt je Einwohner,Bundesländer,14,Sachsen,2013,"25,74"
LRB,15125,q_bip_ew,Bruttoinlandsprodukt je Einwohner,Bundesländer,14,Sachsen,2014,"26,96"
LRB,15125,q_bip_ew,Bruttoinlandsprodukt je Einwohner,Bundesländer,14,Sachsen,2015,"27,81"
LRB,15125,q_bip_ew,Bruttoinlandsprodukt je Einwohner,Bundesländer,14,Sachsen,2016,"28,72"
LRB,15125,q_bip_ew,Bruttoinlandsprodukt je Einwohner,Bundesländer,14,Sachsen,2017,"29,85"
LRB,15125,q_bip_ew,Bruttoinlandsprodukt je Einwohner,Bundesländer,14,Sachsen,2018,"30,70"
LRB,15125,q_bip_ew,Bruttoinlandsprodukt je Einwohner,Bundesländer,14,Sachsen,2019,"32,02"
LRB,15125,q_bip_ew,Bruttoinlandsprodukt je Einwohner,Bundesländer,14,Sachsen,2020,"31,73"
LRB,15125,q_bip_ew,Bruttoinlandsprodukt je Einwohner,Bundesländer,14,Sachsen,2021,"33,50"
LRB,15125,q_bip_ew,Bruttoinlandsprodukt je Einwohner,Bundesländer,14,Sachsen,2022,"36,11"
LRB,17508,q_svw,Beschäftigtenquote,Bundesländer,14,Sachsen,1997,"51,89"
LRB,17508,q_svw,Beschäftigtenquote,Bundesländer,14,Sachsen,1998,"51,51"
LRB,17508,q_svw,Beschäftigtenquote,Bundesländer,14,Sachsen,1999,"51,62"
LRB,17508,q_svw,Beschäftigtenquote,Bundesländer,14,Sachsen,2000,"51,38"
LRB,17508,q_svw,Beschäftigtenquote,Bundesländer,14,Sachsen,2001,"50,74"
LRB,17508,q_svw,Beschäftigtenquote,Bundesländer,14,Sachsen,2002,"49,42"
LRB,17508,q_svw,Beschäftigtenquote,Bundesländer,14,Sachsen,2003,"48,83"
LRB,17508,q_svw,Beschäftigtenquote,Bundesländer,14,Sachsen,2004,"48,54"
LRB,17508,q_svw,Beschäftigtenquote,Bundesländer,14,Sachsen,2005,"47,81"
LRB,17508,q_svw,Beschäftigtenquote,Bundesländer,14,Sachsen,2006,"49,07"
LRB,17508,q_svw,Beschäftigtenquote,Bundesländer,14,Sachsen,2007,"51,05"
LRB,17508,q_svw,Beschäftigtenquote,Bundesländer,14,Sachsen,2008,"53,05"
LRB,17508,q_svw,Beschäftigtenquote,Bundesländer,14,Sachsen,2009,"53,51"
LRB,17508,q_svw,Beschäftigtenquote,Bundesländer,14,Sachsen,2010,"54,86"
LRB,17508,q_svw,Beschäftigtenquote,Bundesländer,14,Sachsen,2011,"57,65"
LRB,17508,q_svw,Beschäftigtenquote,Bundesländer,14,Sachsen,2012,"58,47"
LRB,17508,q_svw,Beschäftigtenquote,Bundesländer,14,Sachsen,2013,"59,67"
LRB,17508,q_svw,Beschäftigtenquote,Bundesländer,14,Sachsen,2014,"60,76"
LRB,17508,q_svw,Beschäftigtenquote,Bundesländer,14,Sachsen,2015,"61,32"
LRB,17508,q_svw,Beschäftigtenquote,Bundesländer,14,Sachsen,2016,"62,75"
LRB,17508,q_svw,Beschäftigtenquote,Bundesländer,14,Sachsen,2017,"64,17"
LRB,17508,q_svw,Beschäftigtenquote,Bundesländer,14,Sachsen,2018,"65,54"
LRB,17508,q_svw,Beschäftigtenquote,Bundesländer,14,Sachsen,2019,"66,44"
LRB,17508,q_svw,Beschäftigtenquote,Bundesländer,14,Sachsen,2020,"66,71"
LRB,17508,q_svw,Beschäftigtenquote,Bundesländer,14,Sachsen,2021,"67,58"
LRB,17508,q_svw,Beschäftigtenquote,Bundesländer,14,Sachsen,2022,"68,14"
LRB,17508,q_svw,Beschäftigtenquote,Bundesländer,14,Sachsen,2023,"68,13"
LRB,12586,xbev,Bevölkerung gesamt,Bundesländer,14,Sachsen,1995,"4566603,00"
LRB,12586,xbev,Bevölkerung gesamt,Bundesländer,14,Sachsen,1996,"4545700,00"
LRB,12586,xbev,Bevölkerung gesamt,Bundesländer,14,Sachsen,1997,"4522413,00"
LRB,12586,xbev,Bevölkerung gesamt,Bundesländer,14,Sachsen,1998,"4489415,00"
LRB,12586,xbev,Bevölkerung gesamt,Bundesländer,14,Sachsen,1999,"4459686,00"
LRB,12586,xbev,Bevölkerung gesamt,Bundesländer,14,Sachsen,2000,"4425581,00"
LRB,12586,xbev,Bevölkerung gesamt,Bundesländer,14,Sachsen,2001,"4384192,00"
LRB,12586,xbev,Bevölkerung gesamt,Bundesländer,14,Sachsen,2002,"4349059,00"
LRB,12586,xbev,Bevölkerung gesamt,Bundesländer,14,Sachsen,2003,"4321437,00"
LRB,12586,xbev,Bevölkerung gesamt,Bundesländer,14,Sachsen,2004,"4296284,00"
LRB,12586,xbev,Bevölkerung gesamt,Bundesländer,14,Sachsen,2005,"4273754,00"
LRB,12586,xbev,Bevölkerung gesamt,Bundesländer,14,Sachsen,2006,"4249774,00"
LRB,12586,xbev,Bevölkerung gesamt,Bundesländer,14,Sachsen,2007,"4220200,00"
LRB,12586,xbev,Bevölkerung gesamt,Bundesländer,14,Sachsen,2008,"4192801,00"
LRB,12586,xbev,Bevölkerung gesamt,Bundesländer,14,Sachsen,2009,"4168732,00"
LRB,12586,xbev,Bevölkerung gesamt,Bundesländer,14,Sachsen,2010,"4149477,00"
LRB,12586,xbev,Bevölkerung gesamt,Bundesländer,14,Sachsen,2011,"4054182,00"
LRB,12586,xbev,Bevölkerung gesamt,Bundesländer,14,Sachsen,2012,"4050204,00"
LRB,12586,xbev,Bevölkerung gesamt,Bundesländer,14,Sachsen,2013,"4046385,00"
LRB,12586,xbev,Bevölkerung gesamt,Bundesländer,14,Sachsen,2014,"4055274,00"
LRB,12586,xbev,Bevölkerung gesamt,Bundesländer,14,Sachsen,2015,"4084851,00"
LRB,12586,xbev,Bevölkerung gesamt,Bundesländer,14,Sachsen,2016,"4081783,00"
LRB,12586,xbev,Bevölkerung gesamt,Bundesländer,14,Sachsen,2017,"4081308,00"
LRB,12586,xbev,Bevölkerung gesamt,Bundesländer,14,Sachsen,2018,"4077937,00"
LRB,12586,xbev,Bevölkerung gesamt,Bundesländer,14,Sachsen,2019,"4071971,00"
LRB,12586,xbev,Bevölkerung gesamt,Bundesländer,14,Sachsen,2020,"4056941,00"
LRB,12586,xbev,Bevölkerung gesamt,Bundesländer,14,Sachsen,2021,"4043002,00"
LRB,12586,xbev,Bevölkerung gesamt,Bundesländer,14,Sachsen,2022,"4049967,00"
LRB,12586,xbev,Bevölkerung gesamt,Bundesländer,14,Sachsen,2023,"4054689,00"
LRB,17274,a_bb_100Mbits,Bandbreitenverfügbarkeit mindestens 100 Mbit/s,Bundesländer,15,Sachsen-Anhalt,2017,"39,47"
LRB,17274,a_bb_100Mbits,Bandbreitenverfügbarkeit mindestens 100 Mbit/s,Bundesländer,15,Sachsen-Anhalt,2020,"81,15"
LRB,17274,a_bb_100Mbits,Bandbreitenverfügbarkeit mindestens 100 Mbit/s,Bundesländer,15,Sachsen-Anhalt,2021,"84,39"
LRB,17274,a_bb_100Mbits,Bandbreitenverfügbarkeit mindestens 100 Mbit/s,Bundesländer,15,Sachsen-Anhalt,2022,"83,55"
LRB,17274,a_bb_100Mbits,Bandbreitenverfügbarkeit mindestens 100 Mbit/s,Bundesländer,15,Sachsen-Anhalt,2023,"89,76"
LRB,17524,a_sva_exp,Beschäftigte mit Anforderungsniveau Experte,Bundesländer,15,Sachsen-Anhalt,2013,"11,04"
LRB,17524,a_sva_exp,Beschäftigte mit Anforderungsniveau Experte,Bundesländer,15,Sachsen-Anhalt,2014,"11,00"
LRB,17524,a_sva_exp,Beschäftigte mit Anforderungsniveau Experte,Bundesländer,15,Sachsen-Anhalt,2015,"10,92"
LRB,17524,a_sva_exp,Beschäftigte mit Anforderungsniveau Experte,Bundesländer,15,Sachsen-Anhalt,2016,"10,89"
LRB,17524,a_sva_exp,Beschäftigte mit Anforderungsniveau Experte,Bundesländer,15,Sachsen-Anhalt,2017,"10,85"
LRB,17524,a_sva_exp,Beschäftigte mit Anforderungsniveau Experte,Bundesländer,15,Sachsen-Anhalt,2018,"10,84"
LRB,17524,a_sva_exp,Beschäftigte mit Anforderungsniveau Experte,Bundesländer,15,Sachsen-Anhalt,2019,"10,83"
LRB,17524,a_sva_exp,Beschäftigte mit Anforderungsniveau Experte,Bundesländer,15,Sachsen-Anhalt,2020,"10,92"
LRB,17524,a_sva_exp,Beschäftigte mit Anforderungsniveau Experte,Bundesländer,15,Sachsen-Anhalt,2021,"10,96"
LRB,17524,a_sva_exp,Beschäftigte mit Anforderungsniveau Experte,Bundesländer,15,Sachsen-Anhalt,2022,"10,85"
LRB,17524,a_sva_exp,Beschäftigte mit Anforderungsniveau Experte,Bundesländer,15,Sachsen-Anhalt,2023,"10,77"
LRB,17806,a_svb_IT,Beschäftigte in IT- und naturwissenschaftlichen Dienstleistungsberufen,Bundesländer,15,Sachsen-Anhalt,2013,"2,88"
LRB,17806,a_svb_IT,Beschäftigte in IT- und naturwissenschaftlichen Dienstleistungsberufen,Bundesländer,15,Sachsen-Anhalt,2014,"2,88"
LRB,17806,a_svb_IT,Beschäftigte in IT- und naturwissenschaftlichen Dienstleistungsberufen,Bundesländer,15,Sachsen-Anhalt,2015,"2,89"
LRB,17806,a_svb_IT,Beschäftigte in IT- und naturwissenschaftlichen Dienstleistungsberufen,Bundesländer,15,Sachsen-Anhalt,2016,"2,91"
LRB,17806,a_svb_IT,Beschäftigte in IT- und naturwissenschaftlichen Dienstleistungsberufen,Bundesländer,15,Sachsen-Anhalt,2017,"2,94"
LRB,17806,a_svb_IT,Beschäftigte in IT- und naturwissenschaftlichen Dienstleistungsberufen,Bundesländer,15,Sachsen-Anhalt,2018,"2,96"
LRB,17806,a_svb_IT,Beschäftigte in IT- und naturwissenschaftlichen Dienstleistungsberufen,Bundesländer,15,Sachsen-Anhalt,2019,"2,99"
LRB,17806,a_svb_IT,Beschäftigte in IT- und naturwissenschaftlichen Dienstleistungsberufen,Bundesländer,15,Sachsen-Anhalt,2020,"3,08"
LRB,17806,a_svb_IT,Beschäftigte in IT- und naturwissenschaftlichen Dienstleistungsberufen,Bundesländer,15,Sachsen-Anhalt,2021,"3,11"
LRB,17806,a_svb_IT,Beschäftigte in IT- und naturwissenschaftlichen Dienstleistungsberufen,Bundesländer,15,Sachsen-Anhalt,2022,"3,19"
LRB,17806,a_svb_IT,Beschäftigte in IT- und naturwissenschaftlichen Dienstleistungsberufen,Bundesländer,15,Sachsen-Anhalt,2023,"3,24"
LRB,17062,a_svb_wissen,Beschäftigte in wissensintensiven Industrien,Bundesländer,15,Sachsen-Anhalt,2009,"5,84"
LRB,17062,a_svb_wissen,Beschäftigte in wissensintensiven Industrien,Bundesländer,15,Sachsen-Anhalt,2010,"5,75"
LRB,17062,a_svb_wissen,Beschäftigte in wissensintensiven Industrien,Bundesländer,15,Sachsen-Anhalt,2011,"6,12"
LRB,17062,a_svb_wissen,Beschäftigte in wissensintensiven Industrien,Bundesländer,15,Sachsen-Anhalt,2012,"6,10"
LRB,17062,a_svb_wissen,Beschäftigte in wissensintensiven Industrien,Bundesländer,15,Sachsen-Anhalt,2013,"5,72"
LRB,17062,a_svb_wissen,Beschäftigte in wissensintensiven Industrien,Bundesländer,15,Sachsen-Anhalt,2014,"5,84"
LRB,17062,a_svb_wissen,Beschäftigte in wissensintensiven Industrien,Bundesländer,15,Sachsen-Anhalt,2015,"5,84"
LRB,17062,a_svb_wissen,Beschäftigte in wissensintensiven Industrien,Bundesländer,15,Sachsen-Anhalt,2016,"5,79"
LRB,17062,a_svb_wissen,Beschäftigte in wissensintensiven Industrien,Bundesländer,15,Sachsen-Anhalt,2017,"5,72"
LRB,17062,a_svb_wissen,Beschäftigte in wissensintensiven Industrien,Bundesländer,15,Sachsen-Anhalt,2018,"5,79"
LRB,17062,a_svb_wissen,Beschäftigte in wissensintensiven Industrien,Bundesländer,15,Sachsen-Anhalt,2019,"5,81"
LRB,17062,a_svb_wissen,Beschäftigte in wissensintensiven Industrien,Bundesländer,15,Sachsen-Anhalt,2020,"5,82"
LRB,17062,a_svb_wissen,Beschäftigte in wissensintensiven Industrien,Bundesländer,15,Sachsen-Anhalt,2021,"5,70"
LRB,17062,a_svb_wissen,Beschäftigte in wissensintensiven Industrien,Bundesländer,15,Sachsen-Anhalt,2022,"5,62"
LRB,17062,a_svb_wissen,Beschäftigte in wissensintensiven Industrien,Bundesländer,15,Sachsen-Anhalt,2023,"5,74"
LRB,19147,e10_bev,Bevölkerungsentwicklung (10 Jahre),Bundesländer,15,Sachsen-Anhalt,1995,"-9,34"
LRB,19147,e10_bev,Bevölkerungsentwicklung (10 Jahre),Bundesländer,15,Sachsen-Anhalt,1996,"-9,57"
LRB,19147,e10_bev,Bevölkerungsentwicklung (10 Jahre),Bundesländer,15,Sachsen-Anhalt,1997,"-10,16"
LRB,19147,e10_bev,Bevölkerungsentwicklung (10 Jahre),Bundesländer,15,Sachsen-Anhalt,1998,"-10,98"
LRB,19147,e10_bev,Bevölkerungsentwicklung (10 Jahre),Bundesländer,15,Sachsen-Anhalt,1999,"-10,67"
LRB,19147,e10_bev,Bevölkerungsentwicklung (10 Jahre),Bundesländer,15,Sachsen-Anhalt,2000,"-9,00"
LRB,19147,e10_bev,Bevölkerungsentwicklung (10 Jahre),Bundesländer,15,Sachsen-Anhalt,2001,"-8,60"
LRB,19147,e10_bev,Bevölkerungsentwicklung (10 Jahre),Bundesländer,15,Sachsen-Anhalt,2002,"-8,87"
LRB,19147,e10_bev,Bevölkerungsentwicklung (10 Jahre),Bundesländer,15,Sachsen-Anhalt,2003,"-9,18"
LRB,19147,e10_bev,Bevölkerungsentwicklung (10 Jahre),Bundesländer,15,Sachsen-Anhalt,2004,"-9,60"
LRB,19147,e10_bev,Bevölkerungsentwicklung (10 Jahre),Bundesländer,15,Sachsen-Anhalt,2005,"-9,83"
LRB,19147,e10_bev,Bevölkerungsentwicklung (10 Jahre),Bundesländer,15,Sachsen-Anhalt,2006,"-10,35"
LRB,19147,e10_bev,Bevölkerungsentwicklung (10 Jahre),Bundesländer,15,Sachsen-Anhalt,2007,"-10,71"
LRB,19147,e10_bev,Bevölkerungsentwicklung (10 Jahre),Bundesländer,15,Sachsen-Anhalt,2008,"-10,94"
LRB,19147,e10_bev,Bevölkerungsentwicklung (10 Jahre),Bundesländer,15,Sachsen-Anhalt,2009,"-11,04"
LRB,19147,e10_bev,Bevölkerungsentwicklung (10 Jahre),Bundesländer,15,Sachsen-Anhalt,2010,"-10,72"
LRB,19147,e10_bev,Bevölkerungsentwicklung (10 Jahre),Bundesländer,15,Sachsen-Anhalt,2011,"-11,78"
LRB,19147,e10_bev,Bevölkerungsentwicklung (10 Jahre),Bundesländer,15,Sachsen-Anhalt,2012,"-11,36"
LRB,19147,e10_bev,Bevölkerungsentwicklung (10 Jahre),Bundesländer,15,Sachsen-Anhalt,2013,"-11,03"
LRB,19147,e10_bev,Bevölkerungsentwicklung (10 Jahre),Bundesländer,15,Sachsen-Anhalt,2014,"-10,38"
LRB,19147,e10_bev,Bevölkerungsentwicklung (10 Jahre),Bundesländer,15,Sachsen-Anhalt,2015,"-9,08"
LRB,19147,e10_bev,Bevölkerungsentwicklung (10 Jahre),Bundesländer,15,Sachsen-Anhalt,2016,"-8,42"
LRB,19147,e10_bev,Bevölkerungsentwicklung (10 Jahre),Bundesländer,15,Sachsen-Anhalt,2017,"-7,85"
LRB,19147,e10_bev,Bevölkerungsentwicklung (10 Jahre),Bundesländer,15,Sachsen-Anhalt,2018,"-7,29"
LRB,19147,e10_bev,Bevölkerungsentwicklung (10 Jahre),Bundesländer,15,Sachsen-Anhalt,2019,"-6,85"
LRB,19147,e10_bev,Bevölkerungsentwicklung (10 Jahre),Bundesländer,15,Sachsen-Anhalt,2020,"-6,61"
LRB,19147,e10_bev,Bevölkerungsentwicklung (10 Jahre),Bundesländer,15,Sachsen-Anhalt,2021,"-4,72"
LRB,19147,e10_bev,Bevölkerungsentwicklung (10 Jahre),Bundesländer,15,Sachsen-Anhalt,2022,"-4,83"
LRB,19147,e10_bev,Bevölkerungsentwicklung (10 Jahre),Bundesländer,15,Sachsen-Anhalt,2023,"-4,46"
LRB,15490,i_wans,Gesamtwanderungssaldo,Bundesländer,15,Sachsen-Anhalt,1995,"-0,49"
LRB,15490,i_wans,Gesamtwanderungssaldo,Bundesländer,15,Sachsen-Anhalt,1996,"0,43"
LRB,15490,i_wans,Gesamtwanderungssaldo,Bundesländer,15,Sachsen-Anhalt,1997,"-3,05"
LRB,15490,i_wans,Gesamtwanderungssaldo,Bundesländer,15,Sachsen-Anhalt,1998,"-5,12"
LRB,15490,i_wans,Gesamtwanderungssaldo,Bundesländer,15,Sachsen-Anhalt,1999,"-5,24"
LRB,15490,i_wans,Gesamtwanderungssaldo,Bundesländer,15,Sachsen-Anhalt,2000,"-8,38"
LRB,15490,i_wans,Gesamtwanderungssaldo,Bundesländer,15,Sachsen-Anhalt,2001,"-9,25"
LRB,15490,i_wans,Gesamtwanderungssaldo,Bundesländer,15,Sachsen-Anhalt,2002,"-7,52"
LRB,15490,i_wans,Gesamtwanderungssaldo,Bundesländer,15,Sachsen-Anhalt,2003,"-5,24"
LRB,15490,i_wans,Gesamtwanderungssaldo,Bundesländer,15,Sachsen-Anhalt,2004,"-6,75"
LRB,15490,i_wans,Gesamtwanderungssaldo,Bundesländer,15,Sachsen-Anhalt,2005,"-5,11"
LRB,15490,i_wans,Gesamtwanderungssaldo,Bundesländer,15,Sachsen-Anhalt,2006,"-6,44"
LRB,15490,i_wans,Gesamtwanderungssaldo,Bundesländer,15,Sachsen-Anhalt,2007,"-7,26"
LRB,15490,i_wans,Gesamtwanderungssaldo,Bundesländer,15,Sachsen-Anhalt,2008,"-7,79"
LRB,15490,i_wans,Gesamtwanderungssaldo,Bundesländer,15,Sachsen-Anhalt,2009,"-5,25"
LRB,15490,i_wans,Gesamtwanderungssaldo,Bundesländer,15,Sachsen-Anhalt,2010,"-3,34"
LRB,15490,i_wans,Gesamtwanderungssaldo,Bundesländer,15,Sachsen-Anhalt,2011,"-3,68"
LRB,15490,i_wans,Gesamtwanderungssaldo,Bundesländer,15,Sachsen-Anhalt,2012,"-1,88"
LRB,15490,i_wans,Gesamtwanderungssaldo,Bundesländer,15,Sachsen-Anhalt,2013,"-0,38"
LRB,15490,i_wans,Gesamtwanderungssaldo,Bundesländer,15,Sachsen-Anhalt,2014,"1,91"
LRB,15490,i_wans,Gesamtwanderungssaldo,Bundesländer,15,Sachsen-Anhalt,2015,"10,89"
LRB,15490,i_wans,Gesamtwanderungssaldo,Bundesländer,15,Sachsen-Anhalt,2016,"2,08"
LRB,15490,i_wans,Gesamtwanderungssaldo,Bundesländer,15,Sachsen-Anhalt,2017,"0,86"
LRB,15490,i_wans,Gesamtwanderungssaldo,Bundesländer,15,Sachsen-Anhalt,2018,"0,80"
LRB,15490,i_wans,Gesamtwanderungssaldo,Bundesländer,15,Sachsen-Anhalt,2019,"1,11"
LRB,15490,i_wans,Gesamtwanderungssaldo,Bundesländer,15,Sachsen-Anhalt,2020,"1,76"
LRB,15490,i_wans,Gesamtwanderungssaldo,Bundesländer,15,Sachsen-Anhalt,2021,"4,60"
LRB,15490,i_wans,Gesamtwanderungssaldo,Bundesländer,15,Sachsen-Anhalt,2022,"18,77"
LRB,15490,i_wans,Gesamtwanderungssaldo,Bundesländer,15,Sachsen-Anhalt,2023,"7,51"
LRB,20292,m_ek_akad,Medianeinkommen akademischer Berufsabschluss,Bundesländer,15,Sachsen-Anhalt,2014,"4058,78"
LRB,20292,m_ek_akad,Medianeinkommen akademischer Berufsabschluss,Bundesländer,15,Sachsen-Anhalt,2015,"4108,29"
LRB,20292,m_ek_akad,Medianeinkommen akademischer Berufsabschluss,Bundesländer,15,Sachsen-Anhalt,2016,"4147,15"
LRB,20292,m_ek_akad,Medianeinkommen akademischer Berufsabschluss,Bundesländer,15,Sachsen-Anhalt,2017,"4238,31"
LRB,20292,m_ek_akad,Medianeinkommen akademischer Berufsabschluss,Bundesländer,15,Sachsen-Anhalt,2018,"4315,64"
LRB,20292,m_ek_akad,Medianeinkommen akademischer Berufsabschluss,Bundesländer,15,Sachsen-Anhalt,2019,"4432,92"
LRB,20292,m_ek_akad,Medianeinkommen akademischer Berufsabschluss,Bundesländer,15,Sachsen-Anhalt,2020,"4487,61"
LRB,20292,m_ek_akad,Medianeinkommen akademischer Berufsabschluss,Bundesländer,15,Sachsen-Anhalt,2021,"4574,33"
LRB,20292,m_ek_akad,Medianeinkommen akademischer Berufsabschluss,Bundesländer,15,Sachsen-Anhalt,2022,"4673,17"
LRB,20292,m_ek_akad,Medianeinkommen akademischer Berufsabschluss,Bundesländer,15,Sachsen-Anhalt,2023,"4823,83"
LRB,20067,m_mietpr,Angebotsmietpreise,Bundesländer,15,Sachsen-Anhalt,2010,"5,00"
LRB,20067,m_mietpr,Angebotsmietpreise,Bundesländer,15,Sachsen-Anhalt,2011,"5,00"
LRB,20067,m_mietpr,Angebotsmietpreise,Bundesländer,15,Sachsen-Anhalt,2012,"5,00"
LRB,20067,m_mietpr,Angebotsmietpreise,Bundesländer,15,Sachsen-Anhalt,2013,"5,00"
LRB,20067,m_mietpr,Angebotsmietpreise,Bundesländer,15,Sachsen-Anhalt,2014,"5,00"
LRB,20067,m_mietpr,Angebotsmietpreise,Bundesländer,15,Sachsen-Anhalt,2015,"5,00"
LRB,20067,m_mietpr,Angebotsmietpreise,Bundesländer,15,Sachsen-Anhalt,2016,"5,00"
LRB,20067,m_mietpr,Angebotsmietpreise,Bundesländer,15,Sachsen-Anhalt,2017,"5,00"
LRB,20067,m_mietpr,Angebotsmietpreise,Bundesländer,15,Sachsen-Anhalt,2018,"6,00"
LRB,20067,m_mietpr,Angebotsmietpreise,Bundesländer,15,Sachsen-Anhalt,2019,"6,00"
LRB,20067,m_mietpr,Angebotsmietpreise,Bundesländer,15,Sachsen-Anhalt,2020,"6,00"
LRB,20067,m_mietpr,Angebotsmietpreise,Bundesländer,15,Sachsen-Anhalt,2021,"6,00"
LRB,20067,m_mietpr,Angebotsmietpreise,Bundesländer,15,Sachsen-Anhalt,2022,"6,00"
LRB,20067,m_mietpr,Angebotsmietpreise,Bundesländer,15,Sachsen-Anhalt,2023,"7,00"
LRB,20067,m_mietpr,Angebotsmietpreise,Bundesländer,15,Sachsen-Anhalt,2024,"7,00"
LRB,14574,q_alo,Arbeitslosenquote,Bundesländer,15,Sachsen-Anhalt,1998,"20,39"
LRB,14574,q_alo,Arbeitslosenquote,Bundesländer,15,Sachsen-Anhalt,1999,"20,31"
LRB,14574,q_alo,Arbeitslosenquote,Bundesländer,15,Sachsen-Anhalt,2000,"20,16"
LRB,14574,q_alo,Arbeitslosenquote,Bundesländer,15,Sachsen-Anhalt,2001,"19,71"
LRB,14574,q_alo,Arbeitslosenquote,Bundesländer,15,Sachsen-Anhalt,2002,"19,65"
LRB,14574,q_alo,Arbeitslosenquote,Bundesländer,15,Sachsen-Anhalt,2003,"20,49"
LRB,14574,q_alo,Arbeitslosenquote,Bundesländer,15,Sachsen-Anhalt,2004,"20,33"
LRB,14574,q_alo,Arbeitslosenquote,Bundesländer,15,Sachsen-Anhalt,2005,"20,19"
LRB,14574,q_alo,Arbeitslosenquote,Bundesländer,15,Sachsen-Anhalt,2006,"18,32"
LRB,14574,q_alo,Arbeitslosenquote,Bundesländer,15,Sachsen-Anhalt,2007,"16,05"
LRB,14574,q_alo,Arbeitslosenquote,Bundesländer,15,Sachsen-Anhalt,2008,"13,98"
LRB,14574,q_alo,Arbeitslosenquote,Bundesländer,15,Sachsen-Anhalt,2009,"13,56"
LRB,14574,q_alo,Arbeitslosenquote,Bundesländer,15,Sachsen-Anhalt,2010,"12,47"
LRB,14574,q_alo,Arbeitslosenquote,Bundesländer,15,Sachsen-Anhalt,2011,"11,67"
LRB,14574,q_alo,Arbeitslosenquote,Bundesländer,15,Sachsen-Anhalt,2012,"11,50"
LRB,14574,q_alo,Arbeitslosenquote,Bundesländer,15,Sachsen-Anhalt,2013,"11,15"
LRB,14574,q_alo,Arbeitslosenquote,Bundesländer,15,Sachsen-Anhalt,2014,"10,67"
LRB,14574,q_alo,Arbeitslosenquote,Bundesländer,15,Sachsen-Anhalt,2015,"10,20"
LRB,14574,q_alo,Arbeitslosenquote,Bundesländer,15,Sachsen-Anhalt,2016,"9,55"
LRB,14574,q_alo,Arbeitslosenquote,Bundesländer,15,Sachsen-Anhalt,2017,"8,44"
LRB,14574,q_alo,Arbeitslosenquote,Bundesländer,15,Sachsen-Anhalt,2018,"7,73"
LRB,14574,q_alo,Arbeitslosenquote,Bundesländer,15,Sachsen-Anhalt,2019,"7,15"
LRB,14574,q_alo,Arbeitslosenquote,Bundesländer,15,Sachsen-Anhalt,2020,"7,71"
LRB,14574,q_alo,Arbeitslosenquote,Bundesländer,15,Sachsen-Anhalt,2021,"7,29"
LRB,14574,q_alo,Arbeitslosenquote,Bundesländer,15,Sachsen-Anhalt,2022,"7,08"
LRB,14574,q_alo,Arbeitslosenquote,Bundesländer,15,Sachsen-Anhalt,2023,"7,53"
LRB,15125,q_bip_ew,Bruttoinlandsprodukt je Einwohner,Bundesländer,15,Sachsen-Anhalt,1995,"13,92"
LRB,15125,q_bip_ew,Bruttoinlandsprodukt je Einwohner,Bundesländer,15,Sachsen-Anhalt,1996,"14,54"
LRB,15125,q_bip_ew,Bruttoinlandsprodukt je Einwohner,Bundesländer,15,Sachsen-Anhalt,1997,"15,08"
LRB,15125,q_bip_ew,Bruttoinlandsprodukt je Einwohner,Bundesländer,15,Sachsen-Anhalt,1998,"15,43"
LRB,15125,q_bip_ew,Bruttoinlandsprodukt je Einwohner,Bundesländer,15,Sachsen-Anhalt,1999,"15,76"
LRB,15125,q_bip_ew,Bruttoinlandsprodukt je Einwohner,Bundesländer,15,Sachsen-Anhalt,2000,"16,24"
LRB,15125,q_bip_ew,Bruttoinlandsprodukt je Einwohner,Bundesländer,15,Sachsen-Anhalt,2001,"16,70"
LRB,15125,q_bip_ew,Bruttoinlandsprodukt je Einwohner,Bundesländer,15,Sachsen-Anhalt,2002,"17,46"
LRB,15125,q_bip_ew,Bruttoinlandsprodukt je Einwohner,Bundesländer,15,Sachsen-Anhalt,2003,"17,74"
LRB,15125,q_bip_ew,Bruttoinlandsprodukt je Einwohner,Bundesländer,15,Sachsen-Anhalt,2004,"18,29"
LRB,15125,q_bip_ew,Bruttoinlandsprodukt je Einwohner,Bundesländer,15,Sachsen-Anhalt,2005,"18,46"
LRB,15125,q_bip_ew,Bruttoinlandsprodukt je Einwohner,Bundesländer,15,Sachsen-Anhalt,2006,"19,53"
LRB,15125,q_bip_ew,Bruttoinlandsprodukt je Einwohner,Bundesländer,15,Sachsen-Anhalt,2007,"20,66"
LRB,15125,q_bip_ew,Bruttoinlandsprodukt je Einwohner,Bundesländer,15,Sachsen-Anhalt,2008,"21,24"
LRB,15125,q_bip_ew,Bruttoinlandsprodukt je Einwohner,Bundesländer,15,Sachsen-Anhalt,2009,"20,51"
LRB,15125,q_bip_ew,Bruttoinlandsprodukt je Einwohner,Bundesländer,15,Sachsen-Anhalt,2010,"21,89"
LRB,15125,q_bip_ew,Bruttoinlandsprodukt je Einwohner,Bundesländer,15,Sachsen-Anhalt,2011,"22,83"
LRB,15125,q_bip_ew,Bruttoinlandsprodukt je Einwohner,Bundesländer,15,Sachsen-Anhalt,2012,"23,95"
LRB,15125,q_bip_ew,Bruttoinlandsprodukt je Einwohner,Bundesländer,15,Sachsen-Anhalt,2013,"24,53"
LRB,15125,q_bip_ew,Bruttoinlandsprodukt je Einwohner,Bundesländer,15,Sachsen-Anhalt,2014,"25,19"
LRB,15125,q_bip_ew,Bruttoinlandsprodukt je Einwohner,Bundesländer,15,Sachsen-Anhalt,2015,"25,56"
LRB,15125,q_bip_ew,Bruttoinlandsprodukt je Einwohner,Bundesländer,15,Sachsen-Anhalt,2016,"26,38"
LRB,15125,q_bip_ew,Bruttoinlandsprodukt je Einwohner,Bundesländer,15,Sachsen-Anhalt,2017,"27,40"
LRB,15125,q_bip_ew,Bruttoinlandsprodukt je Einwohner,Bundesländer,15,Sachsen-Anhalt,2018,"28,09"
LRB,15125,q_bip_ew,Bruttoinlandsprodukt je Einwohner,Bundesländer,15,Sachsen-Anhalt,2019,"29,50"
LRB,15125,q_bip_ew,Bruttoinlandsprodukt je Einwohner,Bundesländer,15,Sachsen-Anhalt,2020,"29,48"
LRB,15125,q_bip_ew,Bruttoinlandsprodukt je Einwohner,Bundesländer,15,Sachsen-Anhalt,2021,"31,27"
LRB,15125,q_bip_ew,Bruttoinlandsprodukt je Einwohner,Bundesländer,15,Sachsen-Anhalt,2022,"34,65"
LRB,17508,q_svw,Beschäftigtenquote,Bundesländer,15,Sachsen-Anhalt,1997,"50,78"
LRB,17508,q_svw,Beschäftigtenquote,Bundesländer,15,Sachsen-Anhalt,1998,"50,35"
LRB,17508,q_svw,Beschäftigtenquote,Bundesländer,15,Sachsen-Anhalt,1999,"50,27"
LRB,17508,q_svw,Beschäftigtenquote,Bundesländer,15,Sachsen-Anhalt,2000,"50,03"
LRB,17508,q_svw,Beschäftigtenquote,Bundesländer,15,Sachsen-Anhalt,2001,"49,64"
LRB,17508,q_svw,Beschäftigtenquote,Bundesländer,15,Sachsen-Anhalt,2002,"48,82"
LRB,17508,q_svw,Beschäftigtenquote,Bundesländer,15,Sachsen-Anhalt,2003,"48,17"
LRB,17508,q_svw,Beschäftigtenquote,Bundesländer,15,Sachsen-Anhalt,2004,"47,87"
LRB,17508,q_svw,Beschäftigtenquote,Bundesländer,15,Sachsen-Anhalt,2005,"47,25"
LRB,17508,q_svw,Beschäftigtenquote,Bundesländer,15,Sachsen-Anhalt,2006,"48,77"
LRB,17508,q_svw,Beschäftigtenquote,Bundesländer,15,Sachsen-Anhalt,2007,"50,63"
LRB,17508,q_svw,Beschäftigtenquote,Bundesländer,15,Sachsen-Anhalt,2008,"52,84"
LRB,17508,q_svw,Beschäftigtenquote,Bundesländer,15,Sachsen-Anhalt,2009,"53,52"
LRB,17508,q_svw,Beschäftigtenquote,Bundesländer,15,Sachsen-Anhalt,2010,"54,57"
LRB,17508,q_svw,Beschäftigtenquote,Bundesländer,15,Sachsen-Anhalt,2011,"56,86"
LRB,17508,q_svw,Beschäftigtenquote,Bundesländer,15,Sachsen-Anhalt,2012,"57,58"
LRB,17508,q_svw,Beschäftigtenquote,Bundesländer,15,Sachsen-Anhalt,2013,"58,40"
LRB,17508,q_svw,Beschäftigtenquote,Bundesländer,15,Sachsen-Anhalt,2014,"59,38"
LRB,17508,q_svw,Beschäftigtenquote,Bundesländer,15,Sachsen-Anhalt,2015,"59,87"
LRB,17508,q_svw,Beschäftigtenquote,Bundesländer,15,Sachsen-Anhalt,2016,"61,03"
LRB,17508,q_svw,Beschäftigtenquote,Bundesländer,15,Sachsen-Anhalt,2017,"62,69"
LRB,17508,q_svw,Beschäftigtenquote,Bundesländer,15,Sachsen-Anhalt,2018,"64,07"
LRB,17508,q_svw,Beschäftigtenquote,Bundesländer,15,Sachsen-Anhalt,2019,"65,07"
LRB,17508,q_svw,Beschäftigtenquote,Bundesländer,15,Sachsen-Anhalt,2020,"65,25"
LRB,17508,q_svw,Beschäftigtenquote,Bundesländer,15,Sachsen-Anhalt,2021,"66,29"
LRB,17508,q_svw,Beschäftigtenquote,Bundesländer,15,Sachsen-Anhalt,2022,"67,39"
LRB,17508,q_svw,Beschäftigtenquote,Bundesländer,15,Sachsen-Anhalt,2023,"68,01"
LRB,12586,xbev,Bevölkerung gesamt,Bundesländer,15,Sachsen-Anhalt,1995,"2738928,00"
LRB,12586,xbev,Bevölkerung gesamt,Bundesländer,15,Sachsen-Anhalt,1996,"2723620,00"
LRB,12586,xbev,Bevölkerung gesamt,Bundesländer,15,Sachsen-Anhalt,1997,"2701690,00"
LRB,12586,xbev,Bevölkerung gesamt,Bundesländer,15,Sachsen-Anhalt,1998,"2674490,00"
LRB,12586,xbev,Bevölkerung gesamt,Bundesländer,15,Sachsen-Anhalt,1999,"2648738,00"
LRB,12586,xbev,Bevölkerung gesamt,Bundesländer,15,Sachsen-Anhalt,2000,"2615375,00"
LRB,12586,xbev,Bevölkerung gesamt,Bundesländer,15,Sachsen-Anhalt,2001,"2580625,00"
LRB,12586,xbev,Bevölkerung gesamt,Bundesländer,15,Sachsen-Anhalt,2002,"2548911,00"
LRB,12586,xbev,Bevölkerung gesamt,Bundesländer,15,Sachsen-Anhalt,2003,"2522940,00"
LRB,12586,xbev,Bevölkerung gesamt,Bundesländer,15,Sachsen-Anhalt,2004,"2494438,00"
LRB,12586,xbev,Bevölkerung gesamt,Bundesländer,15,Sachsen-Anhalt,2005,"2469716,00"
LRB,12586,xbev,Bevölkerung gesamt,Bundesländer,15,Sachsen-Anhalt,2006,"2441787,00"
LRB,12586,xbev,Bevölkerung gesamt,Bundesländer,15,Sachsen-Anhalt,2007,"2412472,00"
LRB,12586,xbev,Bevölkerung gesamt,Bundesländer,15,Sachsen-Anhalt,2008,"2381872,00"
LRB,12586,xbev,Bevölkerung gesamt,Bundesländer,15,Sachsen-Anhalt,2009,"2356219,00"
LRB,12586,xbev,Bevölkerung gesamt,Bundesländer,15,Sachsen-Anhalt,2010,"2335006,00"
LRB,12586,xbev,Bevölkerung gesamt,Bundesländer,15,Sachsen-Anhalt,2011,"2276736,00"
LRB,12586,xbev,Bevölkerung gesamt,Bundesländer,15,Sachsen-Anhalt,2012,"2259393,00"
LRB,12586,xbev,Bevölkerung gesamt,Bundesländer,15,Sachsen-Anhalt,2013,"2244577,00"
LRB,12586,xbev,Bevölkerung gesamt,Bundesländer,15,Sachsen-Anhalt,2014,"2235548,00"
LRB,12586,xbev,Bevölkerung gesamt,Bundesländer,15,Sachsen-Anhalt,2015,"2245470,00"
LRB,12586,xbev,Bevölkerung gesamt,Bundesländer,15,Sachsen-Anhalt,2016,"2236252,00"
LRB,12586,xbev,Bevölkerung gesamt,Bundesländer,15,Sachsen-Anhalt,2017,"2223081,00"
LRB,12586,xbev,Bevölkerung gesamt,Bundesländer,15,Sachsen-Anhalt,2018,"2208321,00"
LRB,12586,xbev,Bevölkerung gesamt,Bundesländer,15,Sachsen-Anhalt,2019,"2194782,00"
LRB,12586,xbev,Bevölkerung gesamt,Bundesländer,15,Sachsen-Anhalt,2020,"2180684,00"
LRB,12586,xbev,Bevölkerung gesamt,Bundesländer,15,Sachsen-Anhalt,2021,"2169253,00"
LRB,12586,xbev,Bevölkerung gesamt,Bundesländer,15,Sachsen-Anhalt,2022,"2150239,00"
LRB,12586,xbev,Bevölkerung gesamt,Bundesländer,15,Sachsen-Anhalt,2023,"2144570,00"
LRB,17274,a_bb_100Mbits,Bandbreitenverfügbarkeit mindestens 100 Mbit/s,Bundesländer,16,Thüringen,2017,"42,15"
LRB,17274,a_bb_100Mbits,Bandbreitenverfügbarkeit mindestens 100 Mbit/s,Bundesländer,16,Thüringen,2020,"83,20"
LRB,17274,a_bb_100Mbits,Bandbreitenverfügbarkeit mindestens 100 Mbit/s,Bundesländer,16,Thüringen,2021,"85,50"
LRB,17274,a_bb_100Mbits,Bandbreitenverfügbarkeit mindestens 100 Mbit/s,Bundesländer,16,Thüringen,2022,"85,14"
LRB,17274,a_bb_100Mbits,Bandbreitenverfügbarkeit mindestens 100 Mbit/s,Bundesländer,16,Thüringen,2023,"90,08"
LRB,17524,a_sva_exp,Beschäftigte mit Anforderungsniveau Experte,Bundesländer,16,Thüringen,2013,"10,32"
LRB,17524,a_sva_exp,Beschäftigte mit Anforderungsniveau Experte,Bundesländer,16,Thüringen,2014,"10,29"
LRB,17524,a_sva_exp,Beschäftigte mit Anforderungsniveau Experte,Bundesländer,16,Thüringen,2015,"10,28"
LRB,17524,a_sva_exp,Beschäftigte mit Anforderungsniveau Experte,Bundesländer,16,Thüringen,2016,"10,42"
LRB,17524,a_sva_exp,Beschäftigte mit Anforderungsniveau Experte,Bundesländer,16,Thüringen,2017,"10,50"
LRB,17524,a_sva_exp,Beschäftigte mit Anforderungsniveau Experte,Bundesländer,16,Thüringen,2018,"10,36"
LRB,17524,a_sva_exp,Beschäftigte mit Anforderungsniveau Experte,Bundesländer,16,Thüringen,2019,"10,41"
LRB,17524,a_sva_exp,Beschäftigte mit Anforderungsniveau Experte,Bundesländer,16,Thüringen,2020,"10,63"
LRB,17524,a_sva_exp,Beschäftigte mit Anforderungsniveau Experte,Bundesländer,16,Thüringen,2021,"10,73"
LRB,17524,a_sva_exp,Beschäftigte mit Anforderungsniveau Experte,Bundesländer,16,Thüringen,2022,"10,89"
LRB,17524,a_sva_exp,Beschäftigte mit Anforderungsniveau Experte,Bundesländer,16,Thüringen,2023,"11,08"
LRB,17806,a_svb_IT,Beschäftigte in IT- und naturwissenschaftlichen Dienstleistungsberufen,Bundesländer,16,Thüringen,2013,"2,02"
LRB,17806,a_svb_IT,Beschäftigte in IT- und naturwissenschaftlichen Dienstleistungsberufen,Bundesländer,16,Thüringen,2014,"2,04"
LRB,17806,a_svb_IT,Beschäftigte in IT- und naturwissenschaftlichen Dienstleistungsberufen,Bundesländer,16,Thüringen,2015,"2,06"
LRB,17806,a_svb_IT,Beschäftigte in IT- und naturwissenschaftlichen Dienstleistungsberufen,Bundesländer,16,Thüringen,2016,"2,09"
LRB,17806,a_svb_IT,Beschäftigte in IT- und naturwissenschaftlichen Dienstleistungsberufen,Bundesländer,16,Thüringen,2017,"2,13"
LRB,17806,a_svb_IT,Beschäftigte in IT- und naturwissenschaftlichen Dienstleistungsberufen,Bundesländer,16,Thüringen,2018,"2,18"
LRB,17806,a_svb_IT,Beschäftigte in IT- und naturwissenschaftlichen Dienstleistungsberufen,Bundesländer,16,Thüringen,2019,"2,29"
LRB,17806,a_svb_IT,Beschäftigte in IT- und naturwissenschaftlichen Dienstleistungsberufen,Bundesländer,16,Thüringen,2020,"2,37"
LRB,17806,a_svb_IT,Beschäftigte in IT- und naturwissenschaftlichen Dienstleistungsberufen,Bundesländer,16,Thüringen,2021,"2,44"
LRB,17806,a_svb_IT,Beschäftigte in IT- und naturwissenschaftlichen Dienstleistungsberufen,Bundesländer,16,Thüringen,2022,"2,53"
LRB,17806,a_svb_IT,Beschäftigte in IT- und naturwissenschaftlichen Dienstleistungsberufen,Bundesländer,16,Thüringen,2023,"2,63"
LRB,17062,a_svb_wissen,Beschäftigte in wissensintensiven Industrien,Bundesländer,16,Thüringen,2009,"9,01"
LRB,17062,a_svb_wissen,Beschäftigte in wissensintensiven Industrien,Bundesländer,16,Thüringen,2010,"8,75"
LRB,17062,a_svb_wissen,Beschäftigte in wissensintensiven Industrien,Bundesländer,16,Thüringen,2011,"9,13"
LRB,17062,a_svb_wissen,Beschäftigte in wissensintensiven Industrien,Bundesländer,16,Thüringen,2012,"9,33"
LRB,17062,a_svb_wissen,Beschäftigte in wissensintensiven Industrien,Bundesländer,16,Thüringen,2013,"9,15"
LRB,17062,a_svb_wissen,Beschäftigte in wissensintensiven Industrien,Bundesländer,16,Thüringen,2014,"9,12"
LRB,17062,a_svb_wissen,Beschäftigte in wissensintensiven Industrien,Bundesländer,16,Thüringen,2015,"9,09"
LRB,17062,a_svb_wissen,Beschäftigte in wissensintensiven Industrien,Bundesländer,16,Thüringen,2016,"9,22"
LRB,17062,a_svb_wissen,Beschäftigte in wissensintensiven Industrien,Bundesländer,16,Thüringen,2017,"9,15"
LRB,17062,a_svb_wissen,Beschäftigte in wissensintensiven Industrien,Bundesländer,16,Thüringen,2018,"9,13"
LRB,17062,a_svb_wissen,Beschäftigte in wissensintensiven Industrien,Bundesländer,16,Thüringen,2019,"9,13"
LRB,17062,a_svb_wissen,Beschäftigte in wissensintensiven Industrien,Bundesländer,16,Thüringen,2020,"8,86"
LRB,17062,a_svb_wissen,Beschäftigte in wissensintensiven Industrien,Bundesländer,16,Thüringen,2021,"8,61"
LRB,17062,a_svb_wissen,Beschäftigte in wissensintensiven Industrien,Bundesländer,16,Thüringen,2022,"8,61"
LRB,17062,a_svb_wissen,Beschäftigte in wissensintensiven Industrien,Bundesländer,16,Thüringen,2023,"8,77"
LRB,19147,e10_bev,Bevölkerungsentwicklung (10 Jahre),Bundesländer,16,Thüringen,1995,"-8,00"
LRB,19147,e10_bev,Bevölkerungsentwicklung (10 Jahre),Bundesländer,16,Thüringen,1996,"-8,37"
LRB,19147,e10_bev,Bevölkerungsentwicklung (10 Jahre),Bundesländer,16,Thüringen,1997,"-8,91"
LRB,19147,e10_bev,Bevölkerungsentwicklung (10 Jahre),Bundesländer,16,Thüringen,1998,"-9,56"
LRB,19147,e10_bev,Bevölkerungsentwicklung (10 Jahre),Bundesländer,16,Thüringen,1999,"-8,75"
LRB,19147,e10_bev,Bevölkerungsentwicklung (10 Jahre),Bundesländer,16,Thüringen,2000,"-6,48"
LRB,19147,e10_bev,Bevölkerungsentwicklung (10 Jahre),Bundesländer,16,Thüringen,2001,"-5,83"
LRB,19147,e10_bev,Bevölkerungsentwicklung (10 Jahre),Bundesländer,16,Thüringen,2002,"-6,04"
LRB,19147,e10_bev,Bevölkerungsentwicklung (10 Jahre),Bundesländer,16,Thüringen,2003,"-6,30"
LRB,19147,e10_bev,Bevölkerungsentwicklung (10 Jahre),Bundesländer,16,Thüringen,2004,"-6,45"
LRB,19147,e10_bev,Bevölkerungsentwicklung (10 Jahre),Bundesländer,16,Thüringen,2005,"-6,76"
LRB,19147,e10_bev,Bevölkerungsentwicklung (10 Jahre),Bundesländer,16,Thüringen,2006,"-7,22"
LRB,19147,e10_bev,Bevölkerungsentwicklung (10 Jahre),Bundesländer,16,Thüringen,2007,"-7,62"
LRB,19147,e10_bev,Bevölkerungsentwicklung (10 Jahre),Bundesländer,16,Thüringen,2008,"-7,92"
LRB,19147,e10_bev,Bevölkerungsentwicklung (10 Jahre),Bundesländer,16,Thüringen,2009,"-8,13"
LRB,19147,e10_bev,Bevölkerungsentwicklung (10 Jahre),Bundesländer,16,Thüringen,2010,"-8,07"
LRB,19147,e10_bev,Bevölkerungsentwicklung (10 Jahre),Bundesländer,16,Thüringen,2011,"-9,53"
LRB,19147,e10_bev,Bevölkerungsentwicklung (10 Jahre),Bundesländer,16,Thüringen,2012,"-9,26"
LRB,19147,e10_bev,Bevölkerungsentwicklung (10 Jahre),Bundesländer,16,Thüringen,2013,"-8,95"
LRB,19147,e10_bev,Bevölkerungsentwicklung (10 Jahre),Bundesländer,16,Thüringen,2014,"-8,43"
LRB,19147,e10_bev,Bevölkerungsentwicklung (10 Jahre),Bundesländer,16,Thüringen,2015,"-7,02"
LRB,19147,e10_bev,Bevölkerungsentwicklung (10 Jahre),Bundesländer,16,Thüringen,2016,"-6,62"
LRB,19147,e10_bev,Bevölkerungsentwicklung (10 Jahre),Bundesländer,16,Thüringen,2017,"-6,03"
LRB,19147,e10_bev,Bevölkerungsentwicklung (10 Jahre),Bundesländer,16,Thüringen,2018,"-5,50"
LRB,19147,e10_bev,Bevölkerungsentwicklung (10 Jahre),Bundesländer,16,Thüringen,2019,"-5,18"
LRB,19147,e10_bev,Bevölkerungsentwicklung (10 Jahre),Bundesländer,16,Thüringen,2020,"-5,14"
LRB,19147,e10_bev,Bevölkerungsentwicklung (10 Jahre),Bundesländer,16,Thüringen,2021,"-3,33"
LRB,19147,e10_bev,Bevölkerungsentwicklung (10 Jahre),Bundesländer,16,Thüringen,2022,"-2,38"
LRB,19147,e10_bev,Bevölkerungsentwicklung (10 Jahre),Bundesländer,16,Thüringen,2023,"-2,13"
LRB,15490,i_wans,Gesamtwanderungssaldo,Bundesländer,16,Thüringen,1995,"0,50"
LRB,15490,i_wans,Gesamtwanderungssaldo,Bundesländer,16,Thüringen,1996,"0,23"
LRB,15490,i_wans,Gesamtwanderungssaldo,Bundesländer,16,Thüringen,1997,"-0,71"
LRB,15490,i_wans,Gesamtwanderungssaldo,Bundesländer,16,Thüringen,1998,"-1,99"
LRB,15490,i_wans,Gesamtwanderungssaldo,Bundesländer,16,Thüringen,1999,"-1,67"
LRB,15490,i_wans,Gesamtwanderungssaldo,Bundesländer,16,Thüringen,2000,"-4,10"
LRB,15490,i_wans,Gesamtwanderungssaldo,Bundesländer,16,Thüringen,2001,"-4,85"
LRB,15490,i_wans,Gesamtwanderungssaldo,Bundesländer,16,Thüringen,2002,"-4,30"
LRB,15490,i_wans,Gesamtwanderungssaldo,Bundesländer,16,Thüringen,2003,"-4,00"
LRB,15490,i_wans,Gesamtwanderungssaldo,Bundesländer,16,Thüringen,2004,"-4,20"
LRB,15490,i_wans,Gesamtwanderungssaldo,Bundesländer,16,Thüringen,2005,"-5,06"
LRB,15490,i_wans,Gesamtwanderungssaldo,Bundesländer,16,Thüringen,2006,"-6,17"
LRB,15490,i_wans,Gesamtwanderungssaldo,Bundesländer,16,Thüringen,2007,"-5,81"
LRB,15490,i_wans,Gesamtwanderungssaldo,Bundesländer,16,Thüringen,2008,"-5,60"
LRB,15490,i_wans,Gesamtwanderungssaldo,Bundesländer,16,Thüringen,2009,"-3,57"
LRB,15490,i_wans,Gesamtwanderungssaldo,Bundesländer,16,Thüringen,2010,"-2,57"
LRB,15490,i_wans,Gesamtwanderungssaldo,Bundesländer,16,Thüringen,2011,"-1,93"
LRB,15490,i_wans,Gesamtwanderungssaldo,Bundesländer,16,Thüringen,2012,"-0,80"
LRB,15490,i_wans,Gesamtwanderungssaldo,Bundesländer,16,Thüringen,2013,"0,07"
LRB,15490,i_wans,Gesamtwanderungssaldo,Bundesländer,16,Thüringen,2014,"2,19"
LRB,15490,i_wans,Gesamtwanderungssaldo,Bundesländer,16,Thüringen,2015,"11,35"
LRB,15490,i_wans,Gesamtwanderungssaldo,Bundesländer,16,Thüringen,2016,"-1,04"
LRB,15490,i_wans,Gesamtwanderungssaldo,Bundesländer,16,Thüringen,2017,"1,86"
LRB,15490,i_wans,Gesamtwanderungssaldo,Bundesländer,16,Thüringen,2018,"2,13"
LRB,15490,i_wans,Gesamtwanderungssaldo,Bundesländer,16,Thüringen,2019,"1,58"
LRB,15490,i_wans,Gesamtwanderungssaldo,Bundesländer,16,Thüringen,2020,"0,67"
LRB,15490,i_wans,Gesamtwanderungssaldo,Bundesländer,16,Thüringen,2021,"4,02"
LRB,15490,i_wans,Gesamtwanderungssaldo,Bundesländer,16,Thüringen,2022,"17,50"
LRB,15490,i_wans,Gesamtwanderungssaldo,Bundesländer,16,Thüringen,2023,"6,62"
LRB,20292,m_ek_akad,Medianeinkommen akademischer Berufsabschluss,Bundesländer,16,Thüringen,2014,"3785,39"
LRB,20292,m_ek_akad,Medianeinkommen akademischer Berufsabschluss,Bundesländer,16,Thüringen,2015,"3855,37"
LRB,20292,m_ek_akad,Medianeinkommen akademischer Berufsabschluss,Bundesländer,16,Thüringen,2016,"3910,08"
LRB,20292,m_ek_akad,Medianeinkommen akademischer Berufsabschluss,Bundesländer,16,Thüringen,2017,"4045,65"
LRB,20292,m_ek_akad,Medianeinkommen akademischer Berufsabschluss,Bundesländer,16,Thüringen,2018,"4113,08"
LRB,20292,m_ek_akad,Medianeinkommen akademischer Berufsabschluss,Bundesländer,16,Thüringen,2019,"4238,88"
LRB,20292,m_ek_akad,Medianeinkommen akademischer Berufsabschluss,Bundesländer,16,Thüringen,2020,"4294,70"
LRB,20292,m_ek_akad,Medianeinkommen akademischer Berufsabschluss,Bundesländer,16,Thüringen,2021,"4412,26"
LRB,20292,m_ek_akad,Medianeinkommen akademischer Berufsabschluss,Bundesländer,16,Thüringen,2022,"4550,60"
LRB,20292,m_ek_akad,Medianeinkommen akademischer Berufsabschluss,Bundesländer,16,Thüringen,2023,"4744,64"
LRB,20067,m_mietpr,Angebotsmietpreise,Bundesländer,16,Thüringen,2010,"5,00"
LRB,20067,m_mietpr,Angebotsmietpreise,Bundesländer,16,Thüringen,2011,"5,00"
LRB,20067,m_mietpr,Angebotsmietpreise,Bundesländer,16,Thüringen,2012,"5,00"
LRB,20067,m_mietpr,Angebotsmietpreise,Bundesländer,16,Thüringen,2013,"6,00"
LRB,20067,m_mietpr,Angebotsmietpreise,Bundesländer,16,Thüringen,2014,"6,00"
LRB,20067,m_mietpr,Angebotsmietpreise,Bundesländer,16,Thüringen,2015,"6,00"
LRB,20067,m_mietpr,Angebotsmietpreise,Bundesländer,16,Thüringen,2016,"6,00"
LRB,20067,m_mietpr,Angebotsmietpreise,Bundesländer,16,Thüringen,2017,"6,00"
LRB,20067,m_mietpr,Angebotsmietpreise,Bundesländer,16,Thüringen,2018,"6,00"
LRB,20067,m_mietpr,Angebotsmietpreise,Bundesländer,16,Thüringen,2019,"6,00"
LRB,20067,m_mietpr,Angebotsmietpreise,Bundesländer,16,Thüringen,2020,"6,00"
LRB,20067,m_mietpr,Angebotsmietpreise,Bundesländer,16,Thüringen,2021,"6,00"
LRB,20067,m_mietpr,Angebotsmietpreise,Bundesländer,16,Thüringen,2022,"7,00"
LRB,20067,m_mietpr,Angebotsmietpreise,Bundesländer,16,Thüringen,2023,"7,00"
LRB,20067,m_mietpr,Angebotsmietpreise,Bundesländer,16,Thüringen,2024,"7,00"
LRB,14574,q_alo,Arbeitslosenquote,Bundesländer,16,Thüringen,1998,"17,10"
LRB,14574,q_alo,Arbeitslosenquote,Bundesländer,16,Thüringen,1999,"15,37"
LRB,14574,q_alo,Arbeitslosenquote,Bundesländer,16,Thüringen,2000,"15,36"
LRB,14574,q_alo,Arbeitslosenquote,Bundesländer,16,Thüringen,2001,"15,32"
LRB,14574,q_alo,Arbeitslosenquote,Bundesländer,16,Thüringen,2002,"15,88"
LRB,14574,q_alo,Arbeitslosenquote,Bundesländer,16,Thüringen,2003,"16,72"
LRB,14574,q_alo,Arbeitslosenquote,Bundesländer,16,Thüringen,2004,"16,74"
LRB,14574,q_alo,Arbeitslosenquote,Bundesländer,16,Thüringen,2005,"17,11"
LRB,14574,q_alo,Arbeitslosenquote,Bundesländer,16,Thüringen,2006,"15,56"
LRB,14574,q_alo,Arbeitslosenquote,Bundesländer,16,Thüringen,2007,"13,18"
LRB,14574,q_alo,Arbeitslosenquote,Bundesländer,16,Thüringen,2008,"11,25"
LRB,14574,q_alo,Arbeitslosenquote,Bundesländer,16,Thüringen,2009,"11,37"
LRB,14574,q_alo,Arbeitslosenquote,Bundesländer,16,Thüringen,2010,"9,85"
LRB,14574,q_alo,Arbeitslosenquote,Bundesländer,16,Thüringen,2011,"8,86"
LRB,14574,q_alo,Arbeitslosenquote,Bundesländer,16,Thüringen,2012,"8,52"
LRB,14574,q_alo,Arbeitslosenquote,Bundesländer,16,Thüringen,2013,"8,24"
LRB,14574,q_alo,Arbeitslosenquote,Bundesländer,16,Thüringen,2014,"7,78"
LRB,14574,q_alo,Arbeitslosenquote,Bundesländer,16,Thüringen,2015,"7,39"
LRB,14574,q_alo,Arbeitslosenquote,Bundesländer,16,Thüringen,2016,"6,74"
LRB,14574,q_alo,Arbeitslosenquote,Bundesländer,16,Thüringen,2017,"6,05"
LRB,14574,q_alo,Arbeitslosenquote,Bundesländer,16,Thüringen,2018,"5,50"
LRB,14574,q_alo,Arbeitslosenquote,Bundesländer,16,Thüringen,2019,"5,27"
LRB,14574,q_alo,Arbeitslosenquote,Bundesländer,16,Thüringen,2020,"5,98"
LRB,14574,q_alo,Arbeitslosenquote,Bundesländer,16,Thüringen,2021,"5,61"
LRB,14574,q_alo,Arbeitslosenquote,Bundesländer,16,Thüringen,2022,"5,30"
LRB,14574,q_alo,Arbeitslosenquote,Bundesländer,16,Thüringen,2023,"5,94"
LRB,15125,q_bip_ew,Bruttoinlandsprodukt je Einwohner,Bundesländer,16,Thüringen,1995,"13,51"
LRB,15125,q_bip_ew,Bruttoinlandsprodukt je Einwohner,Bundesländer,16,Thüringen,1996,"14,13"
LRB,15125,q_bip_ew,Bruttoinlandsprodukt je Einwohner,Bundesländer,16,Thüringen,1997,"14,70"
LRB,15125,q_bip_ew,Bruttoinlandsprodukt je Einwohner,Bundesländer,16,Thüringen,1998,"15,09"
LRB,15125,q_bip_ew,Bruttoinlandsprodukt je Einwohner,Bundesländer,16,Thüringen,1999,"15,61"
LRB,15125,q_bip_ew,Bruttoinlandsprodukt je Einwohner,Bundesländer,16,Thüringen,2000,"16,26"
LRB,15125,q_bip_ew,Bruttoinlandsprodukt je Einwohner,Bundesländer,16,Thüringen,2001,"16,82"
LRB,15125,q_bip_ew,Bruttoinlandsprodukt je Einwohner,Bundesländer,16,Thüringen,2002,"17,18"
LRB,15125,q_bip_ew,Bruttoinlandsprodukt je Einwohner,Bundesländer,16,Thüringen,2003,"17,65"
LRB,15125,q_bip_ew,Bruttoinlandsprodukt je Einwohner,Bundesländer,16,Thüringen,2004,"18,18"
LRB,15125,q_bip_ew,Bruttoinlandsprodukt je Einwohner,Bundesländer,16,Thüringen,2005,"18,34"
LRB,15125,q_bip_ew,Bruttoinlandsprodukt je Einwohner,Bundesländer,16,Thüringen,2006,"19,31"
LRB,15125,q_bip_ew,Bruttoinlandsprodukt je Einwohner,Bundesländer,16,Thüringen,2007,"20,33"
LRB,15125,q_bip_ew,Bruttoinlandsprodukt je Einwohner,Bundesländer,16,Thüringen,2008,"20,73"
LRB,15125,q_bip_ew,Bruttoinlandsprodukt je Einwohner,Bundesländer,16,Thüringen,2009,"20,05"
LRB,15125,q_bip_ew,Bruttoinlandsprodukt je Einwohner,Bundesländer,16,Thüringen,2010,"21,40"
LRB,15125,q_bip_ew,Bruttoinlandsprodukt je Einwohner,Bundesländer,16,Thüringen,2011,"23,21"
LRB,15125,q_bip_ew,Bruttoinlandsprodukt je Einwohner,Bundesländer,16,Thüringen,2012,"23,66"
LRB,15125,q_bip_ew,Bruttoinlandsprodukt je Einwohner,Bundesländer,16,Thüringen,2013,"24,71"
LRB,15125,q_bip_ew,Bruttoinlandsprodukt je Einwohner,Bundesländer,16,Thüringen,2014,"26,06"
LRB,15125,q_bip_ew,Bruttoinlandsprodukt je Einwohner,Bundesländer,16,Thüringen,2015,"26,48"
LRB,15125,q_bip_ew,Bruttoinlandsprodukt je Einwohner,Bundesländer,16,Thüringen,2016,"27,34"
LRB,15125,q_bip_ew,Bruttoinlandsprodukt je Einwohner,Bundesländer,16,Thüringen,2017,"28,44"
LRB,15125,q_bip_ew,Bruttoinlandsprodukt je Einwohner,Bundesländer,16,Thüringen,2018,"29,04"
LRB,15125,q_bip_ew,Bruttoinlandsprodukt je Einwohner,Bundesländer,16,Thüringen,2019,"29,92"
LRB,15125,q_bip_ew,Bruttoinlandsprodukt je Einwohner,Bundesländer,16,Thüringen,2020,"29,84"
LRB,15125,q_bip_ew,Bruttoinlandsprodukt je Einwohner,Bundesländer,16,Thüringen,2021,"31,37"
LRB,15125,q_bip_ew,Bruttoinlandsprodukt je Einwohner,Bundesländer,16,Thüringen,2022,"33,54"
LRB,17508,q_svw,Beschäftigtenquote,Bundesländer,16,Thüringen,1997,"52,21"
LRB,17508,q_svw,Beschäftigtenquote,Bundesländer,16,Thüringen,1998,"52,28"
LRB,17508,q_svw,Beschäftigtenquote,Bundesländer,16,Thüringen,1999,"53,17"
LRB,17508,q_svw,Beschäftigtenquote,Bundesländer,16,Thüringen,2000,"52,66"
LRB,17508,q_svw,Beschäftigtenquote,Bundesländer,16,Thüringen,2001,"51,97"
LRB,17508,q_svw,Beschäftigtenquote,Bundesländer,16,Thüringen,2002,"50,92"
LRB,17508,q_svw,Beschäftigtenquote,Bundesländer,16,Thüringen,2003,"49,62"
LRB,17508,q_svw,Beschäftigtenquote,Bundesländer,16,Thüringen,2004,"49,39"
LRB,17508,q_svw,Beschäftigtenquote,Bundesländer,16,Thüringen,2005,"48,73"
LRB,17508,q_svw,Beschäftigtenquote,Bundesländer,16,Thüringen,2006,"50,18"
LRB,17508,q_svw,Beschäftigtenquote,Bundesländer,16,Thüringen,2007,"52,07"
LRB,17508,q_svw,Beschäftigtenquote,Bundesländer,16,Thüringen,2008,"54,08"
LRB,17508,q_svw,Beschäftigtenquote,Bundesländer,16,Thüringen,2009,"54,02"
LRB,17508,q_svw,Beschäftigtenquote,Bundesländer,16,Thüringen,2010,"55,35"
LRB,17508,q_svw,Beschäftigtenquote,Bundesländer,16,Thüringen,2011,"58,19"
LRB,17508,q_svw,Beschäftigtenquote,Bundesländer,16,Thüringen,2012,"58,94"
LRB,17508,q_svw,Beschäftigtenquote,Bundesländer,16,Thüringen,2013,"60,28"
LRB,17508,q_svw,Beschäftigtenquote,Bundesländer,16,Thüringen,2014,"61,10"
LRB,17508,q_svw,Beschäftigtenquote,Bundesländer,16,Thüringen,2015,"61,27"
LRB,17508,q_svw,Beschäftigtenquote,Bundesländer,16,Thüringen,2016,"62,73"
LRB,17508,q_svw,Beschäftigtenquote,Bundesländer,16,Thüringen,2017,"64,06"
LRB,17508,q_svw,Beschäftigtenquote,Bundesländer,16,Thüringen,2018,"65,25"
LRB,17508,q_svw,Beschäftigtenquote,Bundesländer,16,Thüringen,2019,"65,77"
LRB,17508,q_svw,Beschäftigtenquote,Bundesländer,16,Thüringen,2020,"65,97"
LRB,17508,q_svw,Beschäftigtenquote,Bundesländer,16,Thüringen,2021,"66,89"
LRB,17508,q_svw,Beschäftigtenquote,Bundesländer,16,Thüringen,2022,"67,29"
LRB,17508,q_svw,Beschäftigtenquote,Bundesländer,16,Thüringen,2023,"67,44"
LRB,12586,xbev,Bevölkerung gesamt,Bundesländer,16,Thüringen,1995,"2503785,00"
LRB,12586,xbev,Bevölkerung gesamt,Bundesländer,16,Thüringen,1996,"2491119,00"
LRB,12586,xbev,Bevölkerung gesamt,Bundesländer,16,Thüringen,1997,"2478148,00"
LRB,12586,xbev,Bevölkerung gesamt,Bundesländer,16,Thüringen,1998,"2462836,00"
LRB,12586,xbev,Bevölkerung gesamt,Bundesländer,16,Thüringen,1999,"2449082,00"
LRB,12586,xbev,Bevölkerung gesamt,Bundesländer,16,Thüringen,2000,"2431255,00"
LRB,12586,xbev,Bevölkerung gesamt,Bundesländer,16,Thüringen,2001,"2411387,00"
LRB,12586,xbev,Bevölkerung gesamt,Bundesländer,16,Thüringen,2002,"2392040,00"
LRB,12586,xbev,Bevölkerung gesamt,Bundesländer,16,Thüringen,2003,"2373157,00"
LRB,12586,xbev,Bevölkerung gesamt,Bundesländer,16,Thüringen,2004,"2355280,00"
LRB,12586,xbev,Bevölkerung gesamt,Bundesländer,16,Thüringen,2005,"2334575,00"
LRB,12586,xbev,Bevölkerung gesamt,Bundesländer,16,Thüringen,2006,"2311140,00"
LRB,12586,xbev,Bevölkerung gesamt,Bundesländer,16,Thüringen,2007,"2289219,00"
LRB,12586,xbev,Bevölkerung gesamt,Bundesländer,16,Thüringen,2008,"2267763,00"
LRB,12586,xbev,Bevölkerung gesamt,Bundesländer,16,Thüringen,2009,"2249882,00"
LRB,12586,xbev,Bevölkerung gesamt,Bundesländer,16,Thüringen,2010,"2235025,00"
LRB,12586,xbev,Bevölkerung gesamt,Bundesländer,16,Thüringen,2011,"2181603,00"
LRB,12586,xbev,Bevölkerung gesamt,Bundesländer,16,Thüringen,2012,"2170460,00"
LRB,12586,xbev,Bevölkerung gesamt,Bundesländer,16,Thüringen,2013,"2160840,00"
LRB,12586,xbev,Bevölkerung gesamt,Bundesländer,16,Thüringen,2014,"2156759,00"
LRB,12586,xbev,Bevölkerung gesamt,Bundesländer,16,Thüringen,2015,"2170714,00"
LRB,12586,xbev,Bevölkerung gesamt,Bundesländer,16,Thüringen,2016,"2158128,00"
LRB,12586,xbev,Bevölkerung gesamt,Bundesländer,16,Thüringen,2017,"2151205,00"
LRB,12586,xbev,Bevölkerung gesamt,Bundesländer,16,Thüringen,2018,"2143145,00"
LRB,12586,xbev,Bevölkerung gesamt,Bundesländer,16,Thüringen,2019,"2133378,00"
LRB,12586,xbev,Bevölkerung gesamt,Bundesländer,16,Thüringen,2020,"2120237,00"
LRB,12586,xbev,Bevölkerung gesamt,Bundesländer,16,Thüringen,2021,"2108863,00"
LRB,12586,xbev,Bevölkerung gesamt,Bundesländer,16,Thüringen,2022,"2118830,00"
LRB,12586,xbev,Bevölkerung gesamt,Bundesländer,16,Thüringen,2023,"2114870,00"
